id,tenant_id,agreement_id,source_type,source_id,entry_direction,amount,currency,period_month,spend_type,channel,cpl_id,fu_id,tactic_id,mechanic_id,is_reversed,reverses_entry_id,idempotency_key,description,created_by,created_at
01c31402-d772-4bf1-bde6-a638ccc8493f,598a895e-5a20-48cc-95bd-a52fe5d4bb65,7850c5cd-d19e-4eae-bd30-619b760f8bef,AGREEMENT,7850c5cd-d19e-4eae-bd30-619b760f8bef,DEBIT,5000.00,TRY,2026-02,OFF_INVOICE,NKA,2eded86b-ae2a-4097-92fb-f304c79c57e1,8c500433-8582-4c97-8601-76bc5ba191ce,e647e274-0ca6-49be-aa2f-0f6e4b380233,afcf9ffb-9741-42c5-b07b-e03c0de35588,t,,LEDGER|AGREEMENT|7850c5cd-d19e-4eae-bd30-619b760f8bef|1c043361-1935-4018-b6e3-c62e6078ef1d,,3b703dae-2955-40a1-affa-f94478da505f,2026-06-24 18:24:46.701856
ad765ad6-52a5-4566-a648-d5aee18e3a75,598a895e-5a20-48cc-95bd-a52fe5d4bb65,7850c5cd-d19e-4eae-bd30-619b760f8bef,AGREEMENT,7850c5cd-d19e-4eae-bd30-619b760f8bef,CREDIT,5000.00,TRY,2026-02,OFF_INVOICE,NKA,2eded86b-ae2a-4097-92fb-f304c79c57e1,8c500433-8582-4c97-8601-76bc5ba191ce,e647e274-0ca6-49be-aa2f-0f6e4b380233,afcf9ffb-9741-42c5-b07b-e03c0de35588,f,01c31402-d772-4bf1-bde6-a638ccc8493f,REVERSAL|LEDGER|01c31402-d772-4bf1-bde6-a638ccc8493f,Reversal of ledger entry 01c31402-d772-4bf1-bde6-a638ccc8493f,3b703dae-2955-40a1-affa-f94478da505f,2026-06-24 18:24:46.722451
5a24e4e0-5a99-46b3-8386-babe7642088a,598a895e-5a20-48cc-95bd-a52fe5d4bb65,7850c5cd-d19e-4eae-bd30-619b760f8bef,AGREEMENT,7850c5cd-d19e-4eae-bd30-619b760f8bef,DEBIT,5000.00,TRY,2026-02,OFF_INVOICE,NKA,2eded86b-ae2a-4097-92fb-f304c79c57e1,8c500433-8582-4c97-8601-76bc5ba191ce,e647e274-0ca6-49be-aa2f-0f6e4b380233,afcf9ffb-9741-42c5-b07b-e03c0de35588,t,,LEDGER|AGREEMENT|7850c5cd-d19e-4eae-bd30-619b760f8bef|ef76692f-bf9a-43d9-9612-156d79ad4822,,3b703dae-2955-40a1-affa-f94478da505f,2026-06-24 18:24:46.992054
ccbac091-3a28-4c76-8448-f834cdb5a36d,598a895e-5a20-48cc-95bd-a52fe5d4bb65,7850c5cd-d19e-4eae-bd30-619b760f8bef,AGREEMENT,7850c5cd-d19e-4eae-bd30-619b760f8bef,CREDIT,5000.00,TRY,2026-02,OFF_INVOICE,NKA,2eded86b-ae2a-4097-92fb-f304c79c57e1,8c500433-8582-4c97-8601-76bc5ba191ce,e647e274-0ca6-49be-aa2f-0f6e4b380233,afcf9ffb-9741-42c5-b07b-e03c0de35588,f,5a24e4e0-5a99-46b3-8386-babe7642088a,REVERSAL|LEDGER|5a24e4e0-5a99-46b3-8386-babe7642088a,Reversal of ledger entry 5a24e4e0-5a99-46b3-8386-babe7642088a,0e23990b-31a0-4ac2-be89-a46ebc8200d4,2026-06-24 18:24:47.00039
8bb02bfb-d2b1-42b3-ba5d-fc7c32c2f541,598a895e-5a20-48cc-95bd-a52fe5d4bb65,7850c5cd-d19e-4eae-bd30-619b760f8bef,AGREEMENT,7850c5cd-d19e-4eae-bd30-619b760f8bef,DEBIT,5000.00,TRY,2026-02,OFF_INVOICE,NKA,2eded86b-ae2a-4097-92fb-f304c79c57e1,8c500433-8582-4c97-8601-76bc5ba191ce,e647e274-0ca6-49be-aa2f-0f6e4b380233,afcf9ffb-9741-42c5-b07b-e03c0de35588,t,,LEDGER|AGREEMENT|7850c5cd-d19e-4eae-bd30-619b760f8bef|6fd05e99-81e0-4abb-be70-0918380327e0,,3b703dae-2955-40a1-affa-f94478da505f,2026-06-24 18:24:47.048097
f66314e7-7d6a-41ce-b44a-ce2facccdac1,598a895e-5a20-48cc-95bd-a52fe5d4bb65,7850c5cd-d19e-4eae-bd30-619b760f8bef,AGREEMENT,7850c5cd-d19e-4eae-bd30-619b760f8bef,CREDIT,5000.00,TRY,2026-02,OFF_INVOICE,NKA,2eded86b-ae2a-4097-92fb-f304c79c57e1,8c500433-8582-4c97-8601-76bc5ba191ce,e647e274-0ca6-49be-aa2f-0f6e4b380233,afcf9ffb-9741-42c5-b07b-e03c0de35588,f,8bb02bfb-d2b1-42b3-ba5d-fc7c32c2f541,REVERSAL|LEDGER|8bb02bfb-d2b1-42b3-ba5d-fc7c32c2f541,Reversal of ledger entry 8bb02bfb-d2b1-42b3-ba5d-fc7c32c2f541,3b703dae-2955-40a1-affa-f94478da505f,2026-06-24 18:24:47.055955
8f06472e-6fa8-4aa7-acc5-b6a3c340635d,598a895e-5a20-48cc-95bd-a52fe5d4bb65,7850c5cd-d19e-4eae-bd30-619b760f8bef,AGREEMENT,7850c5cd-d19e-4eae-bd30-619b760f8bef,DEBIT,5000.00,TRY,2026-02,OFF_INVOICE,NKA,2eded86b-ae2a-4097-92fb-f304c79c57e1,8c500433-8582-4c97-8601-76bc5ba191ce,e647e274-0ca6-49be-aa2f-0f6e4b380233,afcf9ffb-9741-42c5-b07b-e03c0de35588,t,,LEDGER|AGREEMENT|7850c5cd-d19e-4eae-bd30-619b760f8bef|7fe3a797-a0db-4756-8fe0-2c63a92b3126,,3b703dae-2955-40a1-affa-f94478da505f,2026-06-24 18:24:47.118926
a3cd3548-05cc-4602-955f-be40160589d6,598a895e-5a20-48cc-95bd-a52fe5d4bb65,7850c5cd-d19e-4eae-bd30-619b760f8bef,AGREEMENT,7850c5cd-d19e-4eae-bd30-619b760f8bef,CREDIT,5000.00,TRY,2026-02,OFF_INVOICE,NKA,2eded86b-ae2a-4097-92fb-f304c79c57e1,8c500433-8582-4c97-8601-76bc5ba191ce,e647e274-0ca6-49be-aa2f-0f6e4b380233,afcf9ffb-9741-42c5-b07b-e03c0de35588,f,8f06472e-6fa8-4aa7-acc5-b6a3c340635d,REVERSAL|LEDGER|8f06472e-6fa8-4aa7-acc5-b6a3c340635d,Reversal of ledger entry 8f06472e-6fa8-4aa7-acc5-b6a3c340635d,3b703dae-2955-40a1-affa-f94478da505f,2026-06-24 18:24:47.128255
ec58bc32-8002-442f-b522-aaf0d6889109,598a895e-5a20-48cc-95bd-a52fe5d4bb65,7850c5cd-d19e-4eae-bd30-619b760f8bef,AGREEMENT,7850c5cd-d19e-4eae-bd30-619b760f8bef,DEBIT,5000.00,TRY,2026-02,OFF_INVOICE,NKA,2eded86b-ae2a-4097-92fb-f304c79c57e1,8c500433-8582-4c97-8601-76bc5ba191ce,e647e274-0ca6-49be-aa2f-0f6e4b380233,afcf9ffb-9741-42c5-b07b-e03c0de35588,t,,LEDGER|AGREEMENT|7850c5cd-d19e-4eae-bd30-619b760f8bef|93d48fad-a787-4245-8a22-beb073855b27,,3b703dae-2955-40a1-affa-f94478da505f,2026-06-24 18:25:55.248734
aa127276-6257-446e-92f2-88388659888d,598a895e-5a20-48cc-95bd-a52fe5d4bb65,7850c5cd-d19e-4eae-bd30-619b760f8bef,AGREEMENT,7850c5cd-d19e-4eae-bd30-619b760f8bef,CREDIT,5000.00,TRY,2026-02,OFF_INVOICE,NKA,2eded86b-ae2a-4097-92fb-f304c79c57e1,8c500433-8582-4c97-8601-76bc5ba191ce,e647e274-0ca6-49be-aa2f-0f6e4b380233,afcf9ffb-9741-42c5-b07b-e03c0de35588,f,ec58bc32-8002-442f-b522-aaf0d6889109,REVERSAL|LEDGER|ec58bc32-8002-442f-b522-aaf0d6889109,Reversal of ledger entry ec58bc32-8002-442f-b522-aaf0d6889109,3b703dae-2955-40a1-affa-f94478da505f,2026-06-24 18:25:55.258944
ca699840-37cf-4ef7-b699-f5d86886041e,598a895e-5a20-48cc-95bd-a52fe5d4bb65,7850c5cd-d19e-4eae-bd30-619b760f8bef,AGREEMENT,7850c5cd-d19e-4eae-bd30-619b760f8bef,DEBIT,5000.00,TRY,2026-02,OFF_INVOICE,NKA,2eded86b-ae2a-4097-92fb-f304c79c57e1,8c500433-8582-4c97-8601-76bc5ba191ce,e647e274-0ca6-49be-aa2f-0f6e4b380233,afcf9ffb-9741-42c5-b07b-e03c0de35588,t,,LEDGER|AGREEMENT|7850c5cd-d19e-4eae-bd30-619b760f8bef|8af8b927-1704-4bee-bf2b-e7501c3bfaf0,,3b703dae-2955-40a1-affa-f94478da505f,2026-06-24 18:25:55.460489
465fa2fb-b164-4ece-820c-a3096f5daaef,598a895e-5a20-48cc-95bd-a52fe5d4bb65,7850c5cd-d19e-4eae-bd30-619b760f8bef,AGREEMENT,7850c5cd-d19e-4eae-bd30-619b760f8bef,CREDIT,5000.00,TRY,2026-02,OFF_INVOICE,NKA,2eded86b-ae2a-4097-92fb-f304c79c57e1,8c500433-8582-4c97-8601-76bc5ba191ce,e647e274-0ca6-49be-aa2f-0f6e4b380233,afcf9ffb-9741-42c5-b07b-e03c0de35588,f,ca699840-37cf-4ef7-b699-f5d86886041e,REVERSAL|LEDGER|ca699840-37cf-4ef7-b699-f5d86886041e,Reversal of ledger entry ca699840-37cf-4ef7-b699-f5d86886041e,0e23990b-31a0-4ac2-be89-a46ebc8200d4,2026-06-24 18:25:55.467067
a8743eeb-a2ee-452c-8e49-3c106be786ab,598a895e-5a20-48cc-95bd-a52fe5d4bb65,7850c5cd-d19e-4eae-bd30-619b760f8bef,AGREEMENT,7850c5cd-d19e-4eae-bd30-619b760f8bef,DEBIT,5000.00,TRY,2026-02,OFF_INVOICE,NKA,2eded86b-ae2a-4097-92fb-f304c79c57e1,8c500433-8582-4c97-8601-76bc5ba191ce,e647e274-0ca6-49be-aa2f-0f6e4b380233,afcf9ffb-9741-42c5-b07b-e03c0de35588,t,,LEDGER|AGREEMENT|7850c5cd-d19e-4eae-bd30-619b760f8bef|ac5a9960-ec1b-44bd-860f-71c8a256a3e8,,3b703dae-2955-40a1-affa-f94478da505f,2026-06-24 18:25:55.523486
a511a50a-48fc-4a1c-8b42-a1892a4833a5,598a895e-5a20-48cc-95bd-a52fe5d4bb65,7850c5cd-d19e-4eae-bd30-619b760f8bef,AGREEMENT,7850c5cd-d19e-4eae-bd30-619b760f8bef,CREDIT,5000.00,TRY,2026-02,OFF_INVOICE,NKA,2eded86b-ae2a-4097-92fb-f304c79c57e1,8c500433-8582-4c97-8601-76bc5ba191ce,e647e274-0ca6-49be-aa2f-0f6e4b380233,afcf9ffb-9741-42c5-b07b-e03c0de35588,f,a8743eeb-a2ee-452c-8e49-3c106be786ab,REVERSAL|LEDGER|a8743eeb-a2ee-452c-8e49-3c106be786ab,Reversal of ledger entry a8743eeb-a2ee-452c-8e49-3c106be786ab,3b703dae-2955-40a1-affa-f94478da505f,2026-06-24 18:25:55.530764
5e99a731-4183-4e45-b87f-4aff424d6515,598a895e-5a20-48cc-95bd-a52fe5d4bb65,7850c5cd-d19e-4eae-bd30-619b760f8bef,AGREEMENT,7850c5cd-d19e-4eae-bd30-619b760f8bef,DEBIT,5000.00,TRY,2026-02,OFF_INVOICE,NKA,2eded86b-ae2a-4097-92fb-f304c79c57e1,8c500433-8582-4c97-8601-76bc5ba191ce,e647e274-0ca6-49be-aa2f-0f6e4b380233,afcf9ffb-9741-42c5-b07b-e03c0de35588,t,,LEDGER|AGREEMENT|7850c5cd-d19e-4eae-bd30-619b760f8bef|0cdb2ccd-8b5d-422f-b476-98c50b4a7893,,3b703dae-2955-40a1-affa-f94478da505f,2026-06-24 18:25:55.582871
8eb4f345-6854-4ecd-9164-fdc574b70e68,598a895e-5a20-48cc-95bd-a52fe5d4bb65,7850c5cd-d19e-4eae-bd30-619b760f8bef,AGREEMENT,7850c5cd-d19e-4eae-bd30-619b760f8bef,CREDIT,5000.00,TRY,2026-02,OFF_INVOICE,NKA,2eded86b-ae2a-4097-92fb-f304c79c57e1,8c500433-8582-4c97-8601-76bc5ba191ce,e647e274-0ca6-49be-aa2f-0f6e4b380233,afcf9ffb-9741-42c5-b07b-e03c0de35588,f,5e99a731-4183-4e45-b87f-4aff424d6515,REVERSAL|LEDGER|5e99a731-4183-4e45-b87f-4aff424d6515,Reversal of ledger entry 5e99a731-4183-4e45-b87f-4aff424d6515,3b703dae-2955-40a1-affa-f94478da505f,2026-06-24 18:25:55.592226
c466fbd1-0cd9-4db1-8b59-49b9349b0821,598a895e-5a20-48cc-95bd-a52fe5d4bb65,7850c5cd-d19e-4eae-bd30-619b760f8bef,AGREEMENT,7850c5cd-d19e-4eae-bd30-619b760f8bef,DEBIT,5000.00,TRY,2026-02,OFF_INVOICE,NKA,2eded86b-ae2a-4097-92fb-f304c79c57e1,8c500433-8582-4c97-8601-76bc5ba191ce,e647e274-0ca6-49be-aa2f-0f6e4b380233,afcf9ffb-9741-42c5-b07b-e03c0de35588,t,,LEDGER|AGREEMENT|7850c5cd-d19e-4eae-bd30-619b760f8bef|06359bcd-8ee9-4e0a-ad0d-2921cf5252c1,,3b703dae-2955-40a1-affa-f94478da505f,2026-06-24 18:28:50.974369
65329470-0d36-43d3-b09a-7b1887f24ff7,598a895e-5a20-48cc-95bd-a52fe5d4bb65,7850c5cd-d19e-4eae-bd30-619b760f8bef,AGREEMENT,7850c5cd-d19e-4eae-bd30-619b760f8bef,CREDIT,5000.00,TRY,2026-02,OFF_INVOICE,NKA,2eded86b-ae2a-4097-92fb-f304c79c57e1,8c500433-8582-4c97-8601-76bc5ba191ce,e647e274-0ca6-49be-aa2f-0f6e4b380233,afcf9ffb-9741-42c5-b07b-e03c0de35588,f,c466fbd1-0cd9-4db1-8b59-49b9349b0821,REVERSAL|LEDGER|c466fbd1-0cd9-4db1-8b59-49b9349b0821,Reversal of ledger entry c466fbd1-0cd9-4db1-8b59-49b9349b0821,3b703dae-2955-40a1-affa-f94478da505f,2026-06-24 18:28:50.982693
7bac26ab-23f0-45e5-b850-5fe186ccbd18,598a895e-5a20-48cc-95bd-a52fe5d4bb65,7850c5cd-d19e-4eae-bd30-619b760f8bef,AGREEMENT,7850c5cd-d19e-4eae-bd30-619b760f8bef,DEBIT,5000.00,TRY,2026-02,OFF_INVOICE,NKA,2eded86b-ae2a-4097-92fb-f304c79c57e1,8c500433-8582-4c97-8601-76bc5ba191ce,e647e274-0ca6-49be-aa2f-0f6e4b380233,afcf9ffb-9741-42c5-b07b-e03c0de35588,t,,LEDGER|AGREEMENT|7850c5cd-d19e-4eae-bd30-619b760f8bef|e77fa762-9660-462d-8df4-13758ceede09,,3b703dae-2955-40a1-affa-f94478da505f,2026-06-24 18:28:51.153052
803a3e7e-aa48-4ba1-94bd-6ce1e48c3a72,598a895e-5a20-48cc-95bd-a52fe5d4bb65,7850c5cd-d19e-4eae-bd30-619b760f8bef,AGREEMENT,7850c5cd-d19e-4eae-bd30-619b760f8bef,CREDIT,5000.00,TRY,2026-02,OFF_INVOICE,NKA,2eded86b-ae2a-4097-92fb-f304c79c57e1,8c500433-8582-4c97-8601-76bc5ba191ce,e647e274-0ca6-49be-aa2f-0f6e4b380233,afcf9ffb-9741-42c5-b07b-e03c0de35588,f,7bac26ab-23f0-45e5-b850-5fe186ccbd18,REVERSAL|LEDGER|7bac26ab-23f0-45e5-b850-5fe186ccbd18,Reversal of ledger entry 7bac26ab-23f0-45e5-b850-5fe186ccbd18,0e23990b-31a0-4ac2-be89-a46ebc8200d4,2026-06-24 18:28:51.159918
8a6cbbdd-000e-4cf2-bfd3-318755d996cc,598a895e-5a20-48cc-95bd-a52fe5d4bb65,7850c5cd-d19e-4eae-bd30-619b760f8bef,AGREEMENT,7850c5cd-d19e-4eae-bd30-619b760f8bef,DEBIT,5000.00,TRY,2026-02,OFF_INVOICE,NKA,2eded86b-ae2a-4097-92fb-f304c79c57e1,8c500433-8582-4c97-8601-76bc5ba191ce,e647e274-0ca6-49be-aa2f-0f6e4b380233,afcf9ffb-9741-42c5-b07b-e03c0de35588,t,,LEDGER|AGREEMENT|7850c5cd-d19e-4eae-bd30-619b760f8bef|c2de6442-f364-44d0-ae69-a644f3ed2233,,3b703dae-2955-40a1-affa-f94478da505f,2026-06-24 18:28:51.203045
27ea9a35-5696-41ee-a122-6f61c9f16e81,598a895e-5a20-48cc-95bd-a52fe5d4bb65,7850c5cd-d19e-4eae-bd30-619b760f8bef,AGREEMENT,7850c5cd-d19e-4eae-bd30-619b760f8bef,CREDIT,5000.00,TRY,2026-02,OFF_INVOICE,NKA,2eded86b-ae2a-4097-92fb-f304c79c57e1,8c500433-8582-4c97-8601-76bc5ba191ce,e647e274-0ca6-49be-aa2f-0f6e4b380233,afcf9ffb-9741-42c5-b07b-e03c0de35588,f,8a6cbbdd-000e-4cf2-bfd3-318755d996cc,REVERSAL|LEDGER|8a6cbbdd-000e-4cf2-bfd3-318755d996cc,Reversal of ledger entry 8a6cbbdd-000e-4cf2-bfd3-318755d996cc,3b703dae-2955-40a1-affa-f94478da505f,2026-06-24 18:28:51.208555
6de5c788-eecd-4937-b3d9-cc024c2b6165,598a895e-5a20-48cc-95bd-a52fe5d4bb65,7850c5cd-d19e-4eae-bd30-619b760f8bef,AGREEMENT,7850c5cd-d19e-4eae-bd30-619b760f8bef,DEBIT,5000.00,TRY,2026-02,OFF_INVOICE,NKA,2eded86b-ae2a-4097-92fb-f304c79c57e1,8c500433-8582-4c97-8601-76bc5ba191ce,e647e274-0ca6-49be-aa2f-0f6e4b380233,afcf9ffb-9741-42c5-b07b-e03c0de35588,t,,LEDGER|AGREEMENT|7850c5cd-d19e-4eae-bd30-619b760f8bef|76439351-fccf-4195-b343-3b46355a7aa8,,3b703dae-2955-40a1-affa-f94478da505f,2026-06-24 18:28:51.250533
5c3e7718-e4c9-4b19-a10c-5ed3214cc890,598a895e-5a20-48cc-95bd-a52fe5d4bb65,7850c5cd-d19e-4eae-bd30-619b760f8bef,AGREEMENT,7850c5cd-d19e-4eae-bd30-619b760f8bef,CREDIT,5000.00,TRY,2026-02,OFF_INVOICE,NKA,2eded86b-ae2a-4097-92fb-f304c79c57e1,8c500433-8582-4c97-8601-76bc5ba191ce,e647e274-0ca6-49be-aa2f-0f6e4b380233,afcf9ffb-9741-42c5-b07b-e03c0de35588,f,6de5c788-eecd-4937-b3d9-cc024c2b6165,REVERSAL|LEDGER|6de5c788-eecd-4937-b3d9-cc024c2b6165,Reversal of ledger entry 6de5c788-eecd-4937-b3d9-cc024c2b6165,3b703dae-2955-40a1-affa-f94478da505f,2026-06-24 18:28:51.259101
1a93752c-1436-42a2-b8c3-6d776b1be6db,598a895e-5a20-48cc-95bd-a52fe5d4bb65,7850c5cd-d19e-4eae-bd30-619b760f8bef,AGREEMENT,7850c5cd-d19e-4eae-bd30-619b760f8bef,DEBIT,5000.00,TRY,2026-02,OFF_INVOICE,NKA,2eded86b-ae2a-4097-92fb-f304c79c57e1,8c500433-8582-4c97-8601-76bc5ba191ce,e647e274-0ca6-49be-aa2f-0f6e4b380233,afcf9ffb-9741-42c5-b07b-e03c0de35588,t,,LEDGER|AGREEMENT|7850c5cd-d19e-4eae-bd30-619b760f8bef|369f88ff-8171-4bd2-9ac2-b6ea93ba45e2,,3b703dae-2955-40a1-affa-f94478da505f,2026-06-24 18:29:19.056409
1ad43493-086e-48fd-a8ab-4bdb3005c0df,598a895e-5a20-48cc-95bd-a52fe5d4bb65,7850c5cd-d19e-4eae-bd30-619b760f8bef,AGREEMENT,7850c5cd-d19e-4eae-bd30-619b760f8bef,CREDIT,5000.00,TRY,2026-02,OFF_INVOICE,NKA,2eded86b-ae2a-4097-92fb-f304c79c57e1,8c500433-8582-4c97-8601-76bc5ba191ce,e647e274-0ca6-49be-aa2f-0f6e4b380233,afcf9ffb-9741-42c5-b07b-e03c0de35588,f,1a93752c-1436-42a2-b8c3-6d776b1be6db,REVERSAL|LEDGER|1a93752c-1436-42a2-b8c3-6d776b1be6db,Reversal of ledger entry 1a93752c-1436-42a2-b8c3-6d776b1be6db,3b703dae-2955-40a1-affa-f94478da505f,2026-06-24 18:29:19.062735
ee48c0e7-e216-4682-a1cc-553590eb288c,598a895e-5a20-48cc-95bd-a52fe5d4bb65,7850c5cd-d19e-4eae-bd30-619b760f8bef,AGREEMENT,7850c5cd-d19e-4eae-bd30-619b760f8bef,DEBIT,5000.00,TRY,2026-02,OFF_INVOICE,NKA,2eded86b-ae2a-4097-92fb-f304c79c57e1,8c500433-8582-4c97-8601-76bc5ba191ce,e647e274-0ca6-49be-aa2f-0f6e4b380233,afcf9ffb-9741-42c5-b07b-e03c0de35588,t,,LEDGER|AGREEMENT|7850c5cd-d19e-4eae-bd30-619b760f8bef|c1821773-76c4-47a9-9e9c-9c4d7ea85481,,3b703dae-2955-40a1-affa-f94478da505f,2026-06-24 18:29:19.252691
6b4c0ed9-210e-497f-8490-2e0b82a42900,598a895e-5a20-48cc-95bd-a52fe5d4bb65,7850c5cd-d19e-4eae-bd30-619b760f8bef,AGREEMENT,7850c5cd-d19e-4eae-bd30-619b760f8bef,CREDIT,5000.00,TRY,2026-02,OFF_INVOICE,NKA,2eded86b-ae2a-4097-92fb-f304c79c57e1,8c500433-8582-4c97-8601-76bc5ba191ce,e647e274-0ca6-49be-aa2f-0f6e4b380233,afcf9ffb-9741-42c5-b07b-e03c0de35588,f,ee48c0e7-e216-4682-a1cc-553590eb288c,REVERSAL|LEDGER|ee48c0e7-e216-4682-a1cc-553590eb288c,Reversal of ledger entry ee48c0e7-e216-4682-a1cc-553590eb288c,0e23990b-31a0-4ac2-be89-a46ebc8200d4,2026-06-24 18:29:19.259369
567ea6b7-5c92-402e-bdbf-93b7b2bc8f3c,598a895e-5a20-48cc-95bd-a52fe5d4bb65,7850c5cd-d19e-4eae-bd30-619b760f8bef,AGREEMENT,7850c5cd-d19e-4eae-bd30-619b760f8bef,DEBIT,5000.00,TRY,2026-02,OFF_INVOICE,NKA,2eded86b-ae2a-4097-92fb-f304c79c57e1,8c500433-8582-4c97-8601-76bc5ba191ce,e647e274-0ca6-49be-aa2f-0f6e4b380233,afcf9ffb-9741-42c5-b07b-e03c0de35588,t,,LEDGER|AGREEMENT|7850c5cd-d19e-4eae-bd30-619b760f8bef|30aea9b6-1d97-4159-98ea-a18f96d328dc,,3b703dae-2955-40a1-affa-f94478da505f,2026-06-24 18:29:19.307777
39b85341-b478-4d35-bfa5-044bae2231ac,598a895e-5a20-48cc-95bd-a52fe5d4bb65,7850c5cd-d19e-4eae-bd30-619b760f8bef,AGREEMENT,7850c5cd-d19e-4eae-bd30-619b760f8bef,CREDIT,5000.00,TRY,2026-02,OFF_INVOICE,NKA,2eded86b-ae2a-4097-92fb-f304c79c57e1,8c500433-8582-4c97-8601-76bc5ba191ce,e647e274-0ca6-49be-aa2f-0f6e4b380233,afcf9ffb-9741-42c5-b07b-e03c0de35588,f,567ea6b7-5c92-402e-bdbf-93b7b2bc8f3c,REVERSAL|LEDGER|567ea6b7-5c92-402e-bdbf-93b7b2bc8f3c,Reversal of ledger entry 567ea6b7-5c92-402e-bdbf-93b7b2bc8f3c,3b703dae-2955-40a1-affa-f94478da505f,2026-06-24 18:29:19.312657
3a171313-3e44-4cac-8a8a-fcdbd0673c6a,598a895e-5a20-48cc-95bd-a52fe5d4bb65,7850c5cd-d19e-4eae-bd30-619b760f8bef,AGREEMENT,7850c5cd-d19e-4eae-bd30-619b760f8bef,DEBIT,5000.00,TRY,2026-02,OFF_INVOICE,NKA,2eded86b-ae2a-4097-92fb-f304c79c57e1,8c500433-8582-4c97-8601-76bc5ba191ce,e647e274-0ca6-49be-aa2f-0f6e4b380233,afcf9ffb-9741-42c5-b07b-e03c0de35588,t,,LEDGER|AGREEMENT|7850c5cd-d19e-4eae-bd30-619b760f8bef|55630349-7194-4868-9643-fe8449e01640,,3b703dae-2955-40a1-affa-f94478da505f,2026-06-24 18:31:23.245197
c75e45ce-8fcd-42ec-a57f-2a0cdc805c2d,598a895e-5a20-48cc-95bd-a52fe5d4bb65,7850c5cd-d19e-4eae-bd30-619b760f8bef,AGREEMENT,7850c5cd-d19e-4eae-bd30-619b760f8bef,CREDIT,5000.00,TRY,2026-02,OFF_INVOICE,NKA,2eded86b-ae2a-4097-92fb-f304c79c57e1,8c500433-8582-4c97-8601-76bc5ba191ce,e647e274-0ca6-49be-aa2f-0f6e4b380233,afcf9ffb-9741-42c5-b07b-e03c0de35588,f,3a171313-3e44-4cac-8a8a-fcdbd0673c6a,REVERSAL|LEDGER|3a171313-3e44-4cac-8a8a-fcdbd0673c6a,Reversal of ledger entry 3a171313-3e44-4cac-8a8a-fcdbd0673c6a,3b703dae-2955-40a1-affa-f94478da505f,2026-06-24 18:31:23.253732
59903974-d3fb-44ea-a233-a788d29e8bde,598a895e-5a20-48cc-95bd-a52fe5d4bb65,7850c5cd-d19e-4eae-bd30-619b760f8bef,AGREEMENT,7850c5cd-d19e-4eae-bd30-619b760f8bef,DEBIT,5000.00,TRY,2026-02,OFF_INVOICE,NKA,2eded86b-ae2a-4097-92fb-f304c79c57e1,8c500433-8582-4c97-8601-76bc5ba191ce,e647e274-0ca6-49be-aa2f-0f6e4b380233,afcf9ffb-9741-42c5-b07b-e03c0de35588,t,,LEDGER|AGREEMENT|7850c5cd-d19e-4eae-bd30-619b760f8bef|78792d4a-6c18-4587-9b01-7d57926d348c,,3b703dae-2955-40a1-affa-f94478da505f,2026-06-24 18:31:23.425835
25a7e14a-8baf-4dcd-86c0-97a4aa726d0c,598a895e-5a20-48cc-95bd-a52fe5d4bb65,7850c5cd-d19e-4eae-bd30-619b760f8bef,AGREEMENT,7850c5cd-d19e-4eae-bd30-619b760f8bef,CREDIT,5000.00,TRY,2026-02,OFF_INVOICE,NKA,2eded86b-ae2a-4097-92fb-f304c79c57e1,8c500433-8582-4c97-8601-76bc5ba191ce,e647e274-0ca6-49be-aa2f-0f6e4b380233,afcf9ffb-9741-42c5-b07b-e03c0de35588,f,59903974-d3fb-44ea-a233-a788d29e8bde,REVERSAL|LEDGER|59903974-d3fb-44ea-a233-a788d29e8bde,Reversal of ledger entry 59903974-d3fb-44ea-a233-a788d29e8bde,0e23990b-31a0-4ac2-be89-a46ebc8200d4,2026-06-24 18:31:23.442144
4ac94eb3-ebb0-4c81-9b27-e493a416ea91,598a895e-5a20-48cc-95bd-a52fe5d4bb65,7850c5cd-d19e-4eae-bd30-619b760f8bef,AGREEMENT,7850c5cd-d19e-4eae-bd30-619b760f8bef,DEBIT,5000.00,TRY,2026-02,OFF_INVOICE,NKA,2eded86b-ae2a-4097-92fb-f304c79c57e1,8c500433-8582-4c97-8601-76bc5ba191ce,e647e274-0ca6-49be-aa2f-0f6e4b380233,afcf9ffb-9741-42c5-b07b-e03c0de35588,t,,LEDGER|AGREEMENT|7850c5cd-d19e-4eae-bd30-619b760f8bef|d9bfc463-47de-4c79-bee7-178068a00059,,3b703dae-2955-40a1-affa-f94478da505f,2026-06-24 18:31:23.488335
ca5c7a10-0e9d-46c6-98e6-d83c3b76a8cc,598a895e-5a20-48cc-95bd-a52fe5d4bb65,7850c5cd-d19e-4eae-bd30-619b760f8bef,AGREEMENT,7850c5cd-d19e-4eae-bd30-619b760f8bef,CREDIT,5000.00,TRY,2026-02,OFF_INVOICE,NKA,2eded86b-ae2a-4097-92fb-f304c79c57e1,8c500433-8582-4c97-8601-76bc5ba191ce,e647e274-0ca6-49be-aa2f-0f6e4b380233,afcf9ffb-9741-42c5-b07b-e03c0de35588,f,4ac94eb3-ebb0-4c81-9b27-e493a416ea91,REVERSAL|LEDGER|4ac94eb3-ebb0-4c81-9b27-e493a416ea91,Reversal of ledger entry 4ac94eb3-ebb0-4c81-9b27-e493a416ea91,3b703dae-2955-40a1-affa-f94478da505f,2026-06-24 18:31:23.495209
2e79f6cc-cf88-4107-9b53-83dcf7b20745,598a895e-5a20-48cc-95bd-a52fe5d4bb65,7850c5cd-d19e-4eae-bd30-619b760f8bef,AGREEMENT,7850c5cd-d19e-4eae-bd30-619b760f8bef,DEBIT,5000.00,TRY,2026-02,OFF_INVOICE,NKA,2eded86b-ae2a-4097-92fb-f304c79c57e1,8c500433-8582-4c97-8601-76bc5ba191ce,e647e274-0ca6-49be-aa2f-0f6e4b380233,afcf9ffb-9741-42c5-b07b-e03c0de35588,t,,LEDGER|AGREEMENT|7850c5cd-d19e-4eae-bd30-619b760f8bef|8b57ef18-3ee9-4bd7-8449-e17a7eb0574d,,3b703dae-2955-40a1-affa-f94478da505f,2026-06-24 18:31:23.550035
ad79d4b6-ecf9-4c7e-b78b-9116ab7cb27d,598a895e-5a20-48cc-95bd-a52fe5d4bb65,7850c5cd-d19e-4eae-bd30-619b760f8bef,AGREEMENT,7850c5cd-d19e-4eae-bd30-619b760f8bef,CREDIT,5000.00,TRY,2026-02,OFF_INVOICE,NKA,2eded86b-ae2a-4097-92fb-f304c79c57e1,8c500433-8582-4c97-8601-76bc5ba191ce,e647e274-0ca6-49be-aa2f-0f6e4b380233,afcf9ffb-9741-42c5-b07b-e03c0de35588,f,2e79f6cc-cf88-4107-9b53-83dcf7b20745,REVERSAL|LEDGER|2e79f6cc-cf88-4107-9b53-83dcf7b20745,Reversal of ledger entry 2e79f6cc-cf88-4107-9b53-83dcf7b20745,3b703dae-2955-40a1-affa-f94478da505f,2026-06-24 18:31:23.568886
9c11d189-9dca-4092-b34b-7436563d27db,598a895e-5a20-48cc-95bd-a52fe5d4bb65,7850c5cd-d19e-4eae-bd30-619b760f8bef,AGREEMENT,7850c5cd-d19e-4eae-bd30-619b760f8bef,DEBIT,5000.00,TRY,2026-02,OFF_INVOICE,NKA,2eded86b-ae2a-4097-92fb-f304c79c57e1,8c500433-8582-4c97-8601-76bc5ba191ce,e647e274-0ca6-49be-aa2f-0f6e4b380233,afcf9ffb-9741-42c5-b07b-e03c0de35588,t,,LEDGER|AGREEMENT|7850c5cd-d19e-4eae-bd30-619b760f8bef|712f565d-323e-4042-8358-53849f7ab41a,,3b703dae-2955-40a1-affa-f94478da505f,2026-06-24 18:37:55.846344
b92817ab-692d-4b27-872e-246e73a2b9b0,598a895e-5a20-48cc-95bd-a52fe5d4bb65,7850c5cd-d19e-4eae-bd30-619b760f8bef,AGREEMENT,7850c5cd-d19e-4eae-bd30-619b760f8bef,CREDIT,5000.00,TRY,2026-02,OFF_INVOICE,NKA,2eded86b-ae2a-4097-92fb-f304c79c57e1,8c500433-8582-4c97-8601-76bc5ba191ce,e647e274-0ca6-49be-aa2f-0f6e4b380233,afcf9ffb-9741-42c5-b07b-e03c0de35588,f,9c11d189-9dca-4092-b34b-7436563d27db,REVERSAL|LEDGER|9c11d189-9dca-4092-b34b-7436563d27db,Reversal of ledger entry 9c11d189-9dca-4092-b34b-7436563d27db,3b703dae-2955-40a1-affa-f94478da505f,2026-06-24 18:37:55.859065
de24ceae-1879-4ee0-bc0e-44f84a887e45,598a895e-5a20-48cc-95bd-a52fe5d4bb65,7850c5cd-d19e-4eae-bd30-619b760f8bef,AGREEMENT,7850c5cd-d19e-4eae-bd30-619b760f8bef,DEBIT,5000.00,TRY,2026-02,OFF_INVOICE,NKA,2eded86b-ae2a-4097-92fb-f304c79c57e1,8c500433-8582-4c97-8601-76bc5ba191ce,e647e274-0ca6-49be-aa2f-0f6e4b380233,afcf9ffb-9741-42c5-b07b-e03c0de35588,t,,LEDGER|AGREEMENT|7850c5cd-d19e-4eae-bd30-619b760f8bef|8af74b1d-78c2-4675-ae0c-e0f8692d7cb7,,3b703dae-2955-40a1-affa-f94478da505f,2026-06-24 18:37:56.048181
3647883e-01a3-4233-9fa3-798db3483141,598a895e-5a20-48cc-95bd-a52fe5d4bb65,7850c5cd-d19e-4eae-bd30-619b760f8bef,AGREEMENT,7850c5cd-d19e-4eae-bd30-619b760f8bef,CREDIT,5000.00,TRY,2026-02,OFF_INVOICE,NKA,2eded86b-ae2a-4097-92fb-f304c79c57e1,8c500433-8582-4c97-8601-76bc5ba191ce,e647e274-0ca6-49be-aa2f-0f6e4b380233,afcf9ffb-9741-42c5-b07b-e03c0de35588,f,de24ceae-1879-4ee0-bc0e-44f84a887e45,REVERSAL|LEDGER|de24ceae-1879-4ee0-bc0e-44f84a887e45,Reversal of ledger entry de24ceae-1879-4ee0-bc0e-44f84a887e45,0e23990b-31a0-4ac2-be89-a46ebc8200d4,2026-06-24 18:37:56.056887
fe75851b-126c-426f-b700-83df55a78bef,598a895e-5a20-48cc-95bd-a52fe5d4bb65,7850c5cd-d19e-4eae-bd30-619b760f8bef,AGREEMENT,7850c5cd-d19e-4eae-bd30-619b760f8bef,DEBIT,5000.00,TRY,2026-02,OFF_INVOICE,NKA,2eded86b-ae2a-4097-92fb-f304c79c57e1,8c500433-8582-4c97-8601-76bc5ba191ce,e647e274-0ca6-49be-aa2f-0f6e4b380233,afcf9ffb-9741-42c5-b07b-e03c0de35588,t,,LEDGER|AGREEMENT|7850c5cd-d19e-4eae-bd30-619b760f8bef|984cb66b-2cbf-413b-bdbf-6d7568a5de46,,3b703dae-2955-40a1-affa-f94478da505f,2026-06-24 18:37:56.096479
fc188e2f-8f4c-44b5-b873-f2eac722ef05,598a895e-5a20-48cc-95bd-a52fe5d4bb65,7850c5cd-d19e-4eae-bd30-619b760f8bef,AGREEMENT,7850c5cd-d19e-4eae-bd30-619b760f8bef,CREDIT,5000.00,TRY,2026-02,OFF_INVOICE,NKA,2eded86b-ae2a-4097-92fb-f304c79c57e1,8c500433-8582-4c97-8601-76bc5ba191ce,e647e274-0ca6-49be-aa2f-0f6e4b380233,afcf9ffb-9741-42c5-b07b-e03c0de35588,f,fe75851b-126c-426f-b700-83df55a78bef,REVERSAL|LEDGER|fe75851b-126c-426f-b700-83df55a78bef,Reversal of ledger entry fe75851b-126c-426f-b700-83df55a78bef,3b703dae-2955-40a1-affa-f94478da505f,2026-06-24 18:37:56.102802
1925c15b-27f2-467d-9f1f-9465e802a852,598a895e-5a20-48cc-95bd-a52fe5d4bb65,7850c5cd-d19e-4eae-bd30-619b760f8bef,AGREEMENT,7850c5cd-d19e-4eae-bd30-619b760f8bef,DEBIT,5000.00,TRY,2026-02,OFF_INVOICE,NKA,2eded86b-ae2a-4097-92fb-f304c79c57e1,8c500433-8582-4c97-8601-76bc5ba191ce,e647e274-0ca6-49be-aa2f-0f6e4b380233,afcf9ffb-9741-42c5-b07b-e03c0de35588,t,,LEDGER|AGREEMENT|7850c5cd-d19e-4eae-bd30-619b760f8bef|9dac73da-40fc-4456-b972-073009fccd3b,,3b703dae-2955-40a1-affa-f94478da505f,2026-06-24 18:37:56.155534
3ce082b7-3e73-48dd-b2ab-b206f842d0a9,598a895e-5a20-48cc-95bd-a52fe5d4bb65,7850c5cd-d19e-4eae-bd30-619b760f8bef,AGREEMENT,7850c5cd-d19e-4eae-bd30-619b760f8bef,CREDIT,5000.00,TRY,2026-02,OFF_INVOICE,NKA,2eded86b-ae2a-4097-92fb-f304c79c57e1,8c500433-8582-4c97-8601-76bc5ba191ce,e647e274-0ca6-49be-aa2f-0f6e4b380233,afcf9ffb-9741-42c5-b07b-e03c0de35588,f,1925c15b-27f2-467d-9f1f-9465e802a852,REVERSAL|LEDGER|1925c15b-27f2-467d-9f1f-9465e802a852,Reversal of ledger entry 1925c15b-27f2-467d-9f1f-9465e802a852,3b703dae-2955-40a1-affa-f94478da505f,2026-06-24 18:37:56.163904
b16d2e9f-0b7e-4bed-9f82-76cec90d0689,598a895e-5a20-48cc-95bd-a52fe5d4bb65,7850c5cd-d19e-4eae-bd30-619b760f8bef,AGREEMENT,7850c5cd-d19e-4eae-bd30-619b760f8bef,DEBIT,5000.00,TRY,2026-02,OFF_INVOICE,NKA,2eded86b-ae2a-4097-92fb-f304c79c57e1,8c500433-8582-4c97-8601-76bc5ba191ce,e647e274-0ca6-49be-aa2f-0f6e4b380233,afcf9ffb-9741-42c5-b07b-e03c0de35588,t,,LEDGER|AGREEMENT|7850c5cd-d19e-4eae-bd30-619b760f8bef|bb8d53c7-3cf6-4852-8ae8-ba78f582e41a,,3b703dae-2955-40a1-affa-f94478da505f,2026-06-24 18:39:13.549422
b4a7d6ed-0275-412f-81db-fad93cfc472b,598a895e-5a20-48cc-95bd-a52fe5d4bb65,7850c5cd-d19e-4eae-bd30-619b760f8bef,AGREEMENT,7850c5cd-d19e-4eae-bd30-619b760f8bef,CREDIT,5000.00,TRY,2026-02,OFF_INVOICE,NKA,2eded86b-ae2a-4097-92fb-f304c79c57e1,8c500433-8582-4c97-8601-76bc5ba191ce,e647e274-0ca6-49be-aa2f-0f6e4b380233,afcf9ffb-9741-42c5-b07b-e03c0de35588,f,b16d2e9f-0b7e-4bed-9f82-76cec90d0689,REVERSAL|LEDGER|b16d2e9f-0b7e-4bed-9f82-76cec90d0689,Reversal of ledger entry b16d2e9f-0b7e-4bed-9f82-76cec90d0689,3b703dae-2955-40a1-affa-f94478da505f,2026-06-24 18:39:13.557972
b7c4b39b-b517-40fa-bbd9-f3325ceb2908,598a895e-5a20-48cc-95bd-a52fe5d4bb65,7850c5cd-d19e-4eae-bd30-619b760f8bef,AGREEMENT,7850c5cd-d19e-4eae-bd30-619b760f8bef,DEBIT,5000.00,TRY,2026-02,OFF_INVOICE,NKA,2eded86b-ae2a-4097-92fb-f304c79c57e1,8c500433-8582-4c97-8601-76bc5ba191ce,e647e274-0ca6-49be-aa2f-0f6e4b380233,afcf9ffb-9741-42c5-b07b-e03c0de35588,t,,LEDGER|AGREEMENT|7850c5cd-d19e-4eae-bd30-619b760f8bef|98eeb66d-f9c1-4edb-83f2-2d42fea7e8d4,,3b703dae-2955-40a1-affa-f94478da505f,2026-06-24 18:39:13.741598
d857d02d-3509-4891-9d0b-c2785f387a09,598a895e-5a20-48cc-95bd-a52fe5d4bb65,7850c5cd-d19e-4eae-bd30-619b760f8bef,AGREEMENT,7850c5cd-d19e-4eae-bd30-619b760f8bef,CREDIT,5000.00,TRY,2026-02,OFF_INVOICE,NKA,2eded86b-ae2a-4097-92fb-f304c79c57e1,8c500433-8582-4c97-8601-76bc5ba191ce,e647e274-0ca6-49be-aa2f-0f6e4b380233,afcf9ffb-9741-42c5-b07b-e03c0de35588,f,b7c4b39b-b517-40fa-bbd9-f3325ceb2908,REVERSAL|LEDGER|b7c4b39b-b517-40fa-bbd9-f3325ceb2908,Reversal of ledger entry b7c4b39b-b517-40fa-bbd9-f3325ceb2908,0e23990b-31a0-4ac2-be89-a46ebc8200d4,2026-06-24 18:39:13.748495
e6181faa-8206-4ec3-b2f3-bec7f6fae9b4,598a895e-5a20-48cc-95bd-a52fe5d4bb65,7850c5cd-d19e-4eae-bd30-619b760f8bef,AGREEMENT,7850c5cd-d19e-4eae-bd30-619b760f8bef,DEBIT,5000.00,TRY,2026-02,OFF_INVOICE,NKA,2eded86b-ae2a-4097-92fb-f304c79c57e1,8c500433-8582-4c97-8601-76bc5ba191ce,e647e274-0ca6-49be-aa2f-0f6e4b380233,afcf9ffb-9741-42c5-b07b-e03c0de35588,t,,LEDGER|AGREEMENT|7850c5cd-d19e-4eae-bd30-619b760f8bef|c54320e1-6319-41a1-b34b-0b9b17b259a7,,3b703dae-2955-40a1-affa-f94478da505f,2026-06-24 18:39:13.796339
b330d3b5-f75a-45ee-af26-05f62bf6bedc,598a895e-5a20-48cc-95bd-a52fe5d4bb65,7850c5cd-d19e-4eae-bd30-619b760f8bef,AGREEMENT,7850c5cd-d19e-4eae-bd30-619b760f8bef,CREDIT,5000.00,TRY,2026-02,OFF_INVOICE,NKA,2eded86b-ae2a-4097-92fb-f304c79c57e1,8c500433-8582-4c97-8601-76bc5ba191ce,e647e274-0ca6-49be-aa2f-0f6e4b380233,afcf9ffb-9741-42c5-b07b-e03c0de35588,f,e6181faa-8206-4ec3-b2f3-bec7f6fae9b4,REVERSAL|LEDGER|e6181faa-8206-4ec3-b2f3-bec7f6fae9b4,Reversal of ledger entry e6181faa-8206-4ec3-b2f3-bec7f6fae9b4,3b703dae-2955-40a1-affa-f94478da505f,2026-06-24 18:39:13.804559
921c4e11-0435-4af0-ad1d-8f70a9b53614,598a895e-5a20-48cc-95bd-a52fe5d4bb65,7850c5cd-d19e-4eae-bd30-619b760f8bef,AGREEMENT,7850c5cd-d19e-4eae-bd30-619b760f8bef,DEBIT,5000.00,TRY,2026-02,OFF_INVOICE,NKA,2eded86b-ae2a-4097-92fb-f304c79c57e1,8c500433-8582-4c97-8601-76bc5ba191ce,e647e274-0ca6-49be-aa2f-0f6e4b380233,afcf9ffb-9741-42c5-b07b-e03c0de35588,t,,LEDGER|AGREEMENT|7850c5cd-d19e-4eae-bd30-619b760f8bef|c0cd9846-fb5d-4978-830d-eb3b92b1ae46,,3b703dae-2955-40a1-affa-f94478da505f,2026-06-24 18:39:13.852669
b452bd47-9190-4400-8773-18182f6653d3,598a895e-5a20-48cc-95bd-a52fe5d4bb65,7850c5cd-d19e-4eae-bd30-619b760f8bef,AGREEMENT,7850c5cd-d19e-4eae-bd30-619b760f8bef,CREDIT,5000.00,TRY,2026-02,OFF_INVOICE,NKA,2eded86b-ae2a-4097-92fb-f304c79c57e1,8c500433-8582-4c97-8601-76bc5ba191ce,e647e274-0ca6-49be-aa2f-0f6e4b380233,afcf9ffb-9741-42c5-b07b-e03c0de35588,f,921c4e11-0435-4af0-ad1d-8f70a9b53614,REVERSAL|LEDGER|921c4e11-0435-4af0-ad1d-8f70a9b53614,Reversal of ledger entry 921c4e11-0435-4af0-ad1d-8f70a9b53614,3b703dae-2955-40a1-affa-f94478da505f,2026-06-24 18:39:13.862045
735d6513-e8b7-4496-b486-1dcaa27f61ec,598a895e-5a20-48cc-95bd-a52fe5d4bb65,7850c5cd-d19e-4eae-bd30-619b760f8bef,AGREEMENT,7850c5cd-d19e-4eae-bd30-619b760f8bef,DEBIT,5000.00,TRY,2026-02,OFF_INVOICE,NKA,2eded86b-ae2a-4097-92fb-f304c79c57e1,8c500433-8582-4c97-8601-76bc5ba191ce,e647e274-0ca6-49be-aa2f-0f6e4b380233,afcf9ffb-9741-42c5-b07b-e03c0de35588,f,,LEDGER|AGREEMENT|7850c5cd-d19e-4eae-bd30-619b760f8bef|9da24a16-ff2f-46dc-96a2-2266f238df1a,,3b703dae-2955-40a1-affa-f94478da505f,2026-06-25 08:14:11.533201
57715bd1-6afe-48fa-8351-3ed3ed778de8,598a895e-5a20-48cc-95bd-a52fe5d4bb65,7850c5cd-d19e-4eae-bd30-619b760f8bef,AGREEMENT,7850c5cd-d19e-4eae-bd30-619b760f8bef,DEBIT,5000.00,TRY,2026-02,OFF_INVOICE,NKA,2eded86b-ae2a-4097-92fb-f304c79c57e1,8c500433-8582-4c97-8601-76bc5ba191ce,e647e274-0ca6-49be-aa2f-0f6e4b380233,afcf9ffb-9741-42c5-b07b-e03c0de35588,t,,LEDGER|AGREEMENT|7850c5cd-d19e-4eae-bd30-619b760f8bef|c93ce731-5493-4fe2-83a3-63c6af60c807,,3b703dae-2955-40a1-affa-f94478da505f,2026-06-25 08:22:47.279179
22d6e3e5-d29b-47dd-b441-c789ae9fd88f,598a895e-5a20-48cc-95bd-a52fe5d4bb65,7850c5cd-d19e-4eae-bd30-619b760f8bef,AGREEMENT,7850c5cd-d19e-4eae-bd30-619b760f8bef,CREDIT,5000.00,TRY,2026-02,OFF_INVOICE,NKA,2eded86b-ae2a-4097-92fb-f304c79c57e1,8c500433-8582-4c97-8601-76bc5ba191ce,e647e274-0ca6-49be-aa2f-0f6e4b380233,afcf9ffb-9741-42c5-b07b-e03c0de35588,f,57715bd1-6afe-48fa-8351-3ed3ed778de8,REVERSAL|LEDGER|57715bd1-6afe-48fa-8351-3ed3ed778de8,Reversal of ledger entry 57715bd1-6afe-48fa-8351-3ed3ed778de8,3b703dae-2955-40a1-affa-f94478da505f,2026-06-25 08:22:47.292972
d70f6f87-8b11-429e-be54-f3554d5d7c0a,598a895e-5a20-48cc-95bd-a52fe5d4bb65,7850c5cd-d19e-4eae-bd30-619b760f8bef,AGREEMENT,7850c5cd-d19e-4eae-bd30-619b760f8bef,DEBIT,5000.00,TRY,2026-02,OFF_INVOICE,NKA,2eded86b-ae2a-4097-92fb-f304c79c57e1,8c500433-8582-4c97-8601-76bc5ba191ce,e647e274-0ca6-49be-aa2f-0f6e4b380233,afcf9ffb-9741-42c5-b07b-e03c0de35588,t,,LEDGER|AGREEMENT|7850c5cd-d19e-4eae-bd30-619b760f8bef|f1422e12-8686-4688-b95f-d4f864601b98,,3b703dae-2955-40a1-affa-f94478da505f,2026-06-25 08:22:47.483353
55e448cd-cfd3-4ea8-9887-dfddc6c75aff,598a895e-5a20-48cc-95bd-a52fe5d4bb65,7850c5cd-d19e-4eae-bd30-619b760f8bef,AGREEMENT,7850c5cd-d19e-4eae-bd30-619b760f8bef,CREDIT,5000.00,TRY,2026-02,OFF_INVOICE,NKA,2eded86b-ae2a-4097-92fb-f304c79c57e1,8c500433-8582-4c97-8601-76bc5ba191ce,e647e274-0ca6-49be-aa2f-0f6e4b380233,afcf9ffb-9741-42c5-b07b-e03c0de35588,f,d70f6f87-8b11-429e-be54-f3554d5d7c0a,REVERSAL|LEDGER|d70f6f87-8b11-429e-be54-f3554d5d7c0a,Reversal of ledger entry d70f6f87-8b11-429e-be54-f3554d5d7c0a,0e23990b-31a0-4ac2-be89-a46ebc8200d4,2026-06-25 08:22:47.493734
e3ec869f-af7b-499a-9cde-7e9d06ec74ff,598a895e-5a20-48cc-95bd-a52fe5d4bb65,7850c5cd-d19e-4eae-bd30-619b760f8bef,AGREEMENT,7850c5cd-d19e-4eae-bd30-619b760f8bef,DEBIT,5000.00,TRY,2026-02,OFF_INVOICE,NKA,2eded86b-ae2a-4097-92fb-f304c79c57e1,8c500433-8582-4c97-8601-76bc5ba191ce,e647e274-0ca6-49be-aa2f-0f6e4b380233,afcf9ffb-9741-42c5-b07b-e03c0de35588,t,,LEDGER|AGREEMENT|7850c5cd-d19e-4eae-bd30-619b760f8bef|9ca482e4-1281-4f26-b159-b2d15fb5bafe,,3b703dae-2955-40a1-affa-f94478da505f,2026-06-25 08:22:47.545891
00f0c3a6-b363-4adf-87f3-feb48a761a5b,598a895e-5a20-48cc-95bd-a52fe5d4bb65,7850c5cd-d19e-4eae-bd30-619b760f8bef,AGREEMENT,7850c5cd-d19e-4eae-bd30-619b760f8bef,CREDIT,5000.00,TRY,2026-02,OFF_INVOICE,NKA,2eded86b-ae2a-4097-92fb-f304c79c57e1,8c500433-8582-4c97-8601-76bc5ba191ce,e647e274-0ca6-49be-aa2f-0f6e4b380233,afcf9ffb-9741-42c5-b07b-e03c0de35588,f,e3ec869f-af7b-499a-9cde-7e9d06ec74ff,REVERSAL|LEDGER|e3ec869f-af7b-499a-9cde-7e9d06ec74ff,Reversal of ledger entry e3ec869f-af7b-499a-9cde-7e9d06ec74ff,3b703dae-2955-40a1-affa-f94478da505f,2026-06-25 08:22:47.55283
c78c1896-3287-4bc2-b619-b96d57f94251,598a895e-5a20-48cc-95bd-a52fe5d4bb65,7850c5cd-d19e-4eae-bd30-619b760f8bef,AGREEMENT,7850c5cd-d19e-4eae-bd30-619b760f8bef,DEBIT,5000.00,TRY,2026-02,OFF_INVOICE,NKA,2eded86b-ae2a-4097-92fb-f304c79c57e1,8c500433-8582-4c97-8601-76bc5ba191ce,e647e274-0ca6-49be-aa2f-0f6e4b380233,afcf9ffb-9741-42c5-b07b-e03c0de35588,t,,LEDGER|AGREEMENT|7850c5cd-d19e-4eae-bd30-619b760f8bef|db677937-b94a-4226-a8d1-c25eee50422d,,3b703dae-2955-40a1-affa-f94478da505f,2026-06-25 08:22:47.622782
828e60a1-1ad2-4e33-9aa6-4a0528dcb90c,598a895e-5a20-48cc-95bd-a52fe5d4bb65,7850c5cd-d19e-4eae-bd30-619b760f8bef,AGREEMENT,7850c5cd-d19e-4eae-bd30-619b760f8bef,CREDIT,5000.00,TRY,2026-02,OFF_INVOICE,NKA,2eded86b-ae2a-4097-92fb-f304c79c57e1,8c500433-8582-4c97-8601-76bc5ba191ce,e647e274-0ca6-49be-aa2f-0f6e4b380233,afcf9ffb-9741-42c5-b07b-e03c0de35588,f,c78c1896-3287-4bc2-b619-b96d57f94251,REVERSAL|LEDGER|c78c1896-3287-4bc2-b619-b96d57f94251,Reversal of ledger entry c78c1896-3287-4bc2-b619-b96d57f94251,3b703dae-2955-40a1-affa-f94478da505f,2026-06-25 08:22:47.631277
d9f48a1a-afef-417b-b4bd-2400ec7ce389,598a895e-5a20-48cc-95bd-a52fe5d4bb65,7850c5cd-d19e-4eae-bd30-619b760f8bef,AGREEMENT,7850c5cd-d19e-4eae-bd30-619b760f8bef,DEBIT,5000.00,TRY,2026-02,OFF_INVOICE,NKA,2eded86b-ae2a-4097-92fb-f304c79c57e1,8c500433-8582-4c97-8601-76bc5ba191ce,e647e274-0ca6-49be-aa2f-0f6e4b380233,afcf9ffb-9741-42c5-b07b-e03c0de35588,t,,LEDGER|AGREEMENT|7850c5cd-d19e-4eae-bd30-619b760f8bef|5b98e12b-eee9-4929-a319-57daaafdb586,,3b703dae-2955-40a1-affa-f94478da505f,2026-06-25 08:23:17.816845
6de362c0-bd9b-41fd-a57a-0d856206f7d2,598a895e-5a20-48cc-95bd-a52fe5d4bb65,7850c5cd-d19e-4eae-bd30-619b760f8bef,AGREEMENT,7850c5cd-d19e-4eae-bd30-619b760f8bef,CREDIT,5000.00,TRY,2026-02,OFF_INVOICE,NKA,2eded86b-ae2a-4097-92fb-f304c79c57e1,8c500433-8582-4c97-8601-76bc5ba191ce,e647e274-0ca6-49be-aa2f-0f6e4b380233,afcf9ffb-9741-42c5-b07b-e03c0de35588,f,d9f48a1a-afef-417b-b4bd-2400ec7ce389,REVERSAL|LEDGER|d9f48a1a-afef-417b-b4bd-2400ec7ce389,Reversal of ledger entry d9f48a1a-afef-417b-b4bd-2400ec7ce389,3b703dae-2955-40a1-affa-f94478da505f,2026-06-25 08:23:17.839752
22954c77-dfab-4278-8ed9-2a033ce56d6a,598a895e-5a20-48cc-95bd-a52fe5d4bb65,7850c5cd-d19e-4eae-bd30-619b760f8bef,AGREEMENT,7850c5cd-d19e-4eae-bd30-619b760f8bef,DEBIT,5000.00,TRY,2026-02,OFF_INVOICE,NKA,2eded86b-ae2a-4097-92fb-f304c79c57e1,8c500433-8582-4c97-8601-76bc5ba191ce,e647e274-0ca6-49be-aa2f-0f6e4b380233,afcf9ffb-9741-42c5-b07b-e03c0de35588,t,,LEDGER|AGREEMENT|7850c5cd-d19e-4eae-bd30-619b760f8bef|797daeb3-b585-4436-8abd-fad76a56508f,,3b703dae-2955-40a1-affa-f94478da505f,2026-06-25 08:23:18.102652
3b397240-e2ed-4d4c-a005-ebaad5d43cd8,598a895e-5a20-48cc-95bd-a52fe5d4bb65,7850c5cd-d19e-4eae-bd30-619b760f8bef,AGREEMENT,7850c5cd-d19e-4eae-bd30-619b760f8bef,CREDIT,5000.00,TRY,2026-02,OFF_INVOICE,NKA,2eded86b-ae2a-4097-92fb-f304c79c57e1,8c500433-8582-4c97-8601-76bc5ba191ce,e647e274-0ca6-49be-aa2f-0f6e4b380233,afcf9ffb-9741-42c5-b07b-e03c0de35588,f,22954c77-dfab-4278-8ed9-2a033ce56d6a,REVERSAL|LEDGER|22954c77-dfab-4278-8ed9-2a033ce56d6a,Reversal of ledger entry 22954c77-dfab-4278-8ed9-2a033ce56d6a,0e23990b-31a0-4ac2-be89-a46ebc8200d4,2026-06-25 08:23:18.108495
07d43ff5-77db-4d44-adff-e87ae6fd61b8,598a895e-5a20-48cc-95bd-a52fe5d4bb65,7850c5cd-d19e-4eae-bd30-619b760f8bef,AGREEMENT,7850c5cd-d19e-4eae-bd30-619b760f8bef,DEBIT,5000.00,TRY,2026-02,OFF_INVOICE,NKA,2eded86b-ae2a-4097-92fb-f304c79c57e1,8c500433-8582-4c97-8601-76bc5ba191ce,e647e274-0ca6-49be-aa2f-0f6e4b380233,afcf9ffb-9741-42c5-b07b-e03c0de35588,t,,LEDGER|AGREEMENT|7850c5cd-d19e-4eae-bd30-619b760f8bef|e4c98e53-b839-424c-8439-7c44cf58320e,,3b703dae-2955-40a1-affa-f94478da505f,2026-06-25 08:23:18.198844
1704cf66-c0a5-4faa-8e22-085596e53777,598a895e-5a20-48cc-95bd-a52fe5d4bb65,7850c5cd-d19e-4eae-bd30-619b760f8bef,AGREEMENT,7850c5cd-d19e-4eae-bd30-619b760f8bef,CREDIT,5000.00,TRY,2026-02,OFF_INVOICE,NKA,2eded86b-ae2a-4097-92fb-f304c79c57e1,8c500433-8582-4c97-8601-76bc5ba191ce,e647e274-0ca6-49be-aa2f-0f6e4b380233,afcf9ffb-9741-42c5-b07b-e03c0de35588,f,07d43ff5-77db-4d44-adff-e87ae6fd61b8,REVERSAL|LEDGER|07d43ff5-77db-4d44-adff-e87ae6fd61b8,Reversal of ledger entry 07d43ff5-77db-4d44-adff-e87ae6fd61b8,3b703dae-2955-40a1-affa-f94478da505f,2026-06-25 08:23:18.221883
7f35f76e-5306-464b-b1a4-427d77488ca2,598a895e-5a20-48cc-95bd-a52fe5d4bb65,7850c5cd-d19e-4eae-bd30-619b760f8bef,AGREEMENT,7850c5cd-d19e-4eae-bd30-619b760f8bef,DEBIT,5000.00,TRY,2026-02,OFF_INVOICE,NKA,2eded86b-ae2a-4097-92fb-f304c79c57e1,8c500433-8582-4c97-8601-76bc5ba191ce,e647e274-0ca6-49be-aa2f-0f6e4b380233,afcf9ffb-9741-42c5-b07b-e03c0de35588,t,,LEDGER|AGREEMENT|7850c5cd-d19e-4eae-bd30-619b760f8bef|8b90085a-cc04-4af8-a012-3632199c3b31,,3b703dae-2955-40a1-affa-f94478da505f,2026-06-25 08:23:18.320802
d57aa999-4eb2-4cd3-993a-e0a4d26f7af9,598a895e-5a20-48cc-95bd-a52fe5d4bb65,7850c5cd-d19e-4eae-bd30-619b760f8bef,AGREEMENT,7850c5cd-d19e-4eae-bd30-619b760f8bef,CREDIT,5000.00,TRY,2026-02,OFF_INVOICE,NKA,2eded86b-ae2a-4097-92fb-f304c79c57e1,8c500433-8582-4c97-8601-76bc5ba191ce,e647e274-0ca6-49be-aa2f-0f6e4b380233,afcf9ffb-9741-42c5-b07b-e03c0de35588,f,7f35f76e-5306-464b-b1a4-427d77488ca2,REVERSAL|LEDGER|7f35f76e-5306-464b-b1a4-427d77488ca2,Reversal of ledger entry 7f35f76e-5306-464b-b1a4-427d77488ca2,3b703dae-2955-40a1-affa-f94478da505f,2026-06-25 08:23:18.336414
1999a837-7fc2-44c4-8d56-8b85799befae,598a895e-5a20-48cc-95bd-a52fe5d4bb65,7850c5cd-d19e-4eae-bd30-619b760f8bef,AGREEMENT,7850c5cd-d19e-4eae-bd30-619b760f8bef,DEBIT,5000.00,TRY,2026-02,OFF_INVOICE,NKA,2eded86b-ae2a-4097-92fb-f304c79c57e1,8c500433-8582-4c97-8601-76bc5ba191ce,e647e274-0ca6-49be-aa2f-0f6e4b380233,afcf9ffb-9741-42c5-b07b-e03c0de35588,t,,LEDGER|AGREEMENT|7850c5cd-d19e-4eae-bd30-619b760f8bef|0a6010d0-fd65-4508-8376-9f7d4ce3347e,,3b703dae-2955-40a1-affa-f94478da505f,2026-06-25 08:27:45.033781
b594873d-732b-4244-bd7e-1af5c5b62759,598a895e-5a20-48cc-95bd-a52fe5d4bb65,7850c5cd-d19e-4eae-bd30-619b760f8bef,AGREEMENT,7850c5cd-d19e-4eae-bd30-619b760f8bef,CREDIT,5000.00,TRY,2026-02,OFF_INVOICE,NKA,2eded86b-ae2a-4097-92fb-f304c79c57e1,8c500433-8582-4c97-8601-76bc5ba191ce,e647e274-0ca6-49be-aa2f-0f6e4b380233,afcf9ffb-9741-42c5-b07b-e03c0de35588,f,1999a837-7fc2-44c4-8d56-8b85799befae,REVERSAL|LEDGER|1999a837-7fc2-44c4-8d56-8b85799befae,Reversal of ledger entry 1999a837-7fc2-44c4-8d56-8b85799befae,3b703dae-2955-40a1-affa-f94478da505f,2026-06-25 08:27:45.047489
3f1b19a5-010f-447f-a8e5-dae9f06ba19b,598a895e-5a20-48cc-95bd-a52fe5d4bb65,7850c5cd-d19e-4eae-bd30-619b760f8bef,AGREEMENT,7850c5cd-d19e-4eae-bd30-619b760f8bef,DEBIT,5000.00,TRY,2026-02,OFF_INVOICE,NKA,2eded86b-ae2a-4097-92fb-f304c79c57e1,8c500433-8582-4c97-8601-76bc5ba191ce,e647e274-0ca6-49be-aa2f-0f6e4b380233,afcf9ffb-9741-42c5-b07b-e03c0de35588,t,,LEDGER|AGREEMENT|7850c5cd-d19e-4eae-bd30-619b760f8bef|a3278609-018c-4705-8436-f39ea2e31bea,,3b703dae-2955-40a1-affa-f94478da505f,2026-06-25 08:27:45.25258
775adf71-1b1f-468b-871d-1fb209b2c275,598a895e-5a20-48cc-95bd-a52fe5d4bb65,7850c5cd-d19e-4eae-bd30-619b760f8bef,AGREEMENT,7850c5cd-d19e-4eae-bd30-619b760f8bef,CREDIT,5000.00,TRY,2026-02,OFF_INVOICE,NKA,2eded86b-ae2a-4097-92fb-f304c79c57e1,8c500433-8582-4c97-8601-76bc5ba191ce,e647e274-0ca6-49be-aa2f-0f6e4b380233,afcf9ffb-9741-42c5-b07b-e03c0de35588,f,3f1b19a5-010f-447f-a8e5-dae9f06ba19b,REVERSAL|LEDGER|3f1b19a5-010f-447f-a8e5-dae9f06ba19b,Reversal of ledger entry 3f1b19a5-010f-447f-a8e5-dae9f06ba19b,0e23990b-31a0-4ac2-be89-a46ebc8200d4,2026-06-25 08:27:45.259104
f7769913-fa1c-4fe6-ac67-6642911cb8fc,598a895e-5a20-48cc-95bd-a52fe5d4bb65,7850c5cd-d19e-4eae-bd30-619b760f8bef,AGREEMENT,7850c5cd-d19e-4eae-bd30-619b760f8bef,DEBIT,5000.00,TRY,2026-02,OFF_INVOICE,NKA,2eded86b-ae2a-4097-92fb-f304c79c57e1,8c500433-8582-4c97-8601-76bc5ba191ce,e647e274-0ca6-49be-aa2f-0f6e4b380233,afcf9ffb-9741-42c5-b07b-e03c0de35588,t,,LEDGER|AGREEMENT|7850c5cd-d19e-4eae-bd30-619b760f8bef|bf18720d-b75d-4550-9575-7229242ad0c4,,3b703dae-2955-40a1-affa-f94478da505f,2026-06-25 08:27:45.309113
7e3c8f97-0d73-4e3f-b469-8d1043cb3837,598a895e-5a20-48cc-95bd-a52fe5d4bb65,7850c5cd-d19e-4eae-bd30-619b760f8bef,AGREEMENT,7850c5cd-d19e-4eae-bd30-619b760f8bef,CREDIT,5000.00,TRY,2026-02,OFF_INVOICE,NKA,2eded86b-ae2a-4097-92fb-f304c79c57e1,8c500433-8582-4c97-8601-76bc5ba191ce,e647e274-0ca6-49be-aa2f-0f6e4b380233,afcf9ffb-9741-42c5-b07b-e03c0de35588,f,f7769913-fa1c-4fe6-ac67-6642911cb8fc,REVERSAL|LEDGER|f7769913-fa1c-4fe6-ac67-6642911cb8fc,Reversal of ledger entry f7769913-fa1c-4fe6-ac67-6642911cb8fc,3b703dae-2955-40a1-affa-f94478da505f,2026-06-25 08:27:45.317481
6f5fdbd4-653b-42ba-afe8-185aa138c6bd,598a895e-5a20-48cc-95bd-a52fe5d4bb65,7850c5cd-d19e-4eae-bd30-619b760f8bef,AGREEMENT,7850c5cd-d19e-4eae-bd30-619b760f8bef,DEBIT,5000.00,TRY,2026-02,OFF_INVOICE,NKA,2eded86b-ae2a-4097-92fb-f304c79c57e1,8c500433-8582-4c97-8601-76bc5ba191ce,e647e274-0ca6-49be-aa2f-0f6e4b380233,afcf9ffb-9741-42c5-b07b-e03c0de35588,t,,LEDGER|AGREEMENT|7850c5cd-d19e-4eae-bd30-619b760f8bef|dc7c8fbc-397a-4966-b2d7-b8c825e318be,,3b703dae-2955-40a1-affa-f94478da505f,2026-06-25 08:27:45.384059
05ae182c-1471-4a96-8885-8f98fa5b9c9c,598a895e-5a20-48cc-95bd-a52fe5d4bb65,7850c5cd-d19e-4eae-bd30-619b760f8bef,AGREEMENT,7850c5cd-d19e-4eae-bd30-619b760f8bef,CREDIT,5000.00,TRY,2026-02,OFF_INVOICE,NKA,2eded86b-ae2a-4097-92fb-f304c79c57e1,8c500433-8582-4c97-8601-76bc5ba191ce,e647e274-0ca6-49be-aa2f-0f6e4b380233,afcf9ffb-9741-42c5-b07b-e03c0de35588,f,6f5fdbd4-653b-42ba-afe8-185aa138c6bd,REVERSAL|LEDGER|6f5fdbd4-653b-42ba-afe8-185aa138c6bd,Reversal of ledger entry 6f5fdbd4-653b-42ba-afe8-185aa138c6bd,3b703dae-2955-40a1-affa-f94478da505f,2026-06-25 08:27:45.393437
25e909b7-e3ae-48aa-b53f-1743ae4ec48f,598a895e-5a20-48cc-95bd-a52fe5d4bb65,7850c5cd-d19e-4eae-bd30-619b760f8bef,AGREEMENT,7850c5cd-d19e-4eae-bd30-619b760f8bef,DEBIT,5000.00,TRY,2026-02,OFF_INVOICE,NKA,2eded86b-ae2a-4097-92fb-f304c79c57e1,8c500433-8582-4c97-8601-76bc5ba191ce,e647e274-0ca6-49be-aa2f-0f6e4b380233,afcf9ffb-9741-42c5-b07b-e03c0de35588,t,,LEDGER|AGREEMENT|7850c5cd-d19e-4eae-bd30-619b760f8bef|2aa3cce2-c4a1-4ea3-b8dc-53094046366e,,3b703dae-2955-40a1-affa-f94478da505f,2026-06-25 08:44:22.069769
3a7decc0-b9e4-4b3a-8563-8073dd6cb90d,598a895e-5a20-48cc-95bd-a52fe5d4bb65,7850c5cd-d19e-4eae-bd30-619b760f8bef,AGREEMENT,7850c5cd-d19e-4eae-bd30-619b760f8bef,CREDIT,5000.00,TRY,2026-02,OFF_INVOICE,NKA,2eded86b-ae2a-4097-92fb-f304c79c57e1,8c500433-8582-4c97-8601-76bc5ba191ce,e647e274-0ca6-49be-aa2f-0f6e4b380233,afcf9ffb-9741-42c5-b07b-e03c0de35588,f,25e909b7-e3ae-48aa-b53f-1743ae4ec48f,REVERSAL|LEDGER|25e909b7-e3ae-48aa-b53f-1743ae4ec48f,Reversal of ledger entry 25e909b7-e3ae-48aa-b53f-1743ae4ec48f,3b703dae-2955-40a1-affa-f94478da505f,2026-06-25 08:44:22.078889
2503b7df-eb1e-4c6b-92a1-9753cc922db6,598a895e-5a20-48cc-95bd-a52fe5d4bb65,7850c5cd-d19e-4eae-bd30-619b760f8bef,AGREEMENT,7850c5cd-d19e-4eae-bd30-619b760f8bef,DEBIT,5000.00,TRY,2026-02,OFF_INVOICE,NKA,2eded86b-ae2a-4097-92fb-f304c79c57e1,8c500433-8582-4c97-8601-76bc5ba191ce,e647e274-0ca6-49be-aa2f-0f6e4b380233,afcf9ffb-9741-42c5-b07b-e03c0de35588,t,,LEDGER|AGREEMENT|7850c5cd-d19e-4eae-bd30-619b760f8bef|f5db4213-d9e3-41d0-a829-6952c767828c,,3b703dae-2955-40a1-affa-f94478da505f,2026-06-25 08:44:22.258958
2ae026a5-3e48-4cde-9add-021daaa0dc9b,598a895e-5a20-48cc-95bd-a52fe5d4bb65,7850c5cd-d19e-4eae-bd30-619b760f8bef,AGREEMENT,7850c5cd-d19e-4eae-bd30-619b760f8bef,CREDIT,5000.00,TRY,2026-02,OFF_INVOICE,NKA,2eded86b-ae2a-4097-92fb-f304c79c57e1,8c500433-8582-4c97-8601-76bc5ba191ce,e647e274-0ca6-49be-aa2f-0f6e4b380233,afcf9ffb-9741-42c5-b07b-e03c0de35588,f,2503b7df-eb1e-4c6b-92a1-9753cc922db6,REVERSAL|LEDGER|2503b7df-eb1e-4c6b-92a1-9753cc922db6,Reversal of ledger entry 2503b7df-eb1e-4c6b-92a1-9753cc922db6,0e23990b-31a0-4ac2-be89-a46ebc8200d4,2026-06-25 08:44:22.264032
94564e2c-4479-4cfc-bf88-54dfcccaefa9,598a895e-5a20-48cc-95bd-a52fe5d4bb65,7850c5cd-d19e-4eae-bd30-619b760f8bef,AGREEMENT,7850c5cd-d19e-4eae-bd30-619b760f8bef,DEBIT,5000.00,TRY,2026-02,OFF_INVOICE,NKA,2eded86b-ae2a-4097-92fb-f304c79c57e1,8c500433-8582-4c97-8601-76bc5ba191ce,e647e274-0ca6-49be-aa2f-0f6e4b380233,afcf9ffb-9741-42c5-b07b-e03c0de35588,t,,LEDGER|AGREEMENT|7850c5cd-d19e-4eae-bd30-619b760f8bef|8f7e3592-7f82-452a-8a08-1738c2c839a7,,3b703dae-2955-40a1-affa-f94478da505f,2026-06-25 08:44:22.29989
83755cce-c663-4da7-9b3c-2bfdde94f099,598a895e-5a20-48cc-95bd-a52fe5d4bb65,7850c5cd-d19e-4eae-bd30-619b760f8bef,AGREEMENT,7850c5cd-d19e-4eae-bd30-619b760f8bef,CREDIT,5000.00,TRY,2026-02,OFF_INVOICE,NKA,2eded86b-ae2a-4097-92fb-f304c79c57e1,8c500433-8582-4c97-8601-76bc5ba191ce,e647e274-0ca6-49be-aa2f-0f6e4b380233,afcf9ffb-9741-42c5-b07b-e03c0de35588,f,94564e2c-4479-4cfc-bf88-54dfcccaefa9,REVERSAL|LEDGER|94564e2c-4479-4cfc-bf88-54dfcccaefa9,Reversal of ledger entry 94564e2c-4479-4cfc-bf88-54dfcccaefa9,3b703dae-2955-40a1-affa-f94478da505f,2026-06-25 08:44:22.30554
32f60a07-7b67-4c63-b3be-1f61f43fb3ee,598a895e-5a20-48cc-95bd-a52fe5d4bb65,7850c5cd-d19e-4eae-bd30-619b760f8bef,AGREEMENT,7850c5cd-d19e-4eae-bd30-619b760f8bef,DEBIT,5000.00,TRY,2026-02,OFF_INVOICE,NKA,2eded86b-ae2a-4097-92fb-f304c79c57e1,8c500433-8582-4c97-8601-76bc5ba191ce,e647e274-0ca6-49be-aa2f-0f6e4b380233,afcf9ffb-9741-42c5-b07b-e03c0de35588,t,,LEDGER|AGREEMENT|7850c5cd-d19e-4eae-bd30-619b760f8bef|b26d3cef-f0ad-414c-a2e1-ee9311e12870,,3b703dae-2955-40a1-affa-f94478da505f,2026-06-25 08:44:22.344537
4b2e4c59-15b9-458a-8150-0552c5cf63c7,598a895e-5a20-48cc-95bd-a52fe5d4bb65,7850c5cd-d19e-4eae-bd30-619b760f8bef,AGREEMENT,7850c5cd-d19e-4eae-bd30-619b760f8bef,CREDIT,5000.00,TRY,2026-02,OFF_INVOICE,NKA,2eded86b-ae2a-4097-92fb-f304c79c57e1,8c500433-8582-4c97-8601-76bc5ba191ce,e647e274-0ca6-49be-aa2f-0f6e4b380233,afcf9ffb-9741-42c5-b07b-e03c0de35588,f,32f60a07-7b67-4c63-b3be-1f61f43fb3ee,REVERSAL|LEDGER|32f60a07-7b67-4c63-b3be-1f61f43fb3ee,Reversal of ledger entry 32f60a07-7b67-4c63-b3be-1f61f43fb3ee,3b703dae-2955-40a1-affa-f94478da505f,2026-06-25 08:44:22.353896
ffbbfff6-5b5b-428a-9970-ccfc94990bd8,598a895e-5a20-48cc-95bd-a52fe5d4bb65,7850c5cd-d19e-4eae-bd30-619b760f8bef,AGREEMENT,7850c5cd-d19e-4eae-bd30-619b760f8bef,DEBIT,5000.00,TRY,2026-02,OFF_INVOICE,NKA,2eded86b-ae2a-4097-92fb-f304c79c57e1,8c500433-8582-4c97-8601-76bc5ba191ce,e647e274-0ca6-49be-aa2f-0f6e4b380233,afcf9ffb-9741-42c5-b07b-e03c0de35588,t,,LEDGER|AGREEMENT|7850c5cd-d19e-4eae-bd30-619b760f8bef|120f2425-eb07-4804-af66-3da5cf1e879e,,3b703dae-2955-40a1-affa-f94478da505f,2026-06-25 08:47:08.603886
8d2c1c9e-4814-4ae6-b29f-78c76236f2ef,598a895e-5a20-48cc-95bd-a52fe5d4bb65,7850c5cd-d19e-4eae-bd30-619b760f8bef,AGREEMENT,7850c5cd-d19e-4eae-bd30-619b760f8bef,CREDIT,5000.00,TRY,2026-02,OFF_INVOICE,NKA,2eded86b-ae2a-4097-92fb-f304c79c57e1,8c500433-8582-4c97-8601-76bc5ba191ce,e647e274-0ca6-49be-aa2f-0f6e4b380233,afcf9ffb-9741-42c5-b07b-e03c0de35588,f,ffbbfff6-5b5b-428a-9970-ccfc94990bd8,REVERSAL|LEDGER|ffbbfff6-5b5b-428a-9970-ccfc94990bd8,Reversal of ledger entry ffbbfff6-5b5b-428a-9970-ccfc94990bd8,3b703dae-2955-40a1-affa-f94478da505f,2026-06-25 08:47:08.611492
f4a29b04-325e-4009-8289-5b1ede1d8d28,598a895e-5a20-48cc-95bd-a52fe5d4bb65,7850c5cd-d19e-4eae-bd30-619b760f8bef,AGREEMENT,7850c5cd-d19e-4eae-bd30-619b760f8bef,DEBIT,5000.00,TRY,2026-02,OFF_INVOICE,NKA,2eded86b-ae2a-4097-92fb-f304c79c57e1,8c500433-8582-4c97-8601-76bc5ba191ce,e647e274-0ca6-49be-aa2f-0f6e4b380233,afcf9ffb-9741-42c5-b07b-e03c0de35588,t,,LEDGER|AGREEMENT|7850c5cd-d19e-4eae-bd30-619b760f8bef|94c54f47-33fc-4e4f-8fc0-0de447fc6e20,,3b703dae-2955-40a1-affa-f94478da505f,2026-06-25 08:47:08.78391
0fe32498-d914-4325-87a1-640ecefa8bc0,598a895e-5a20-48cc-95bd-a52fe5d4bb65,7850c5cd-d19e-4eae-bd30-619b760f8bef,AGREEMENT,7850c5cd-d19e-4eae-bd30-619b760f8bef,CREDIT,5000.00,TRY,2026-02,OFF_INVOICE,NKA,2eded86b-ae2a-4097-92fb-f304c79c57e1,8c500433-8582-4c97-8601-76bc5ba191ce,e647e274-0ca6-49be-aa2f-0f6e4b380233,afcf9ffb-9741-42c5-b07b-e03c0de35588,f,f4a29b04-325e-4009-8289-5b1ede1d8d28,REVERSAL|LEDGER|f4a29b04-325e-4009-8289-5b1ede1d8d28,Reversal of ledger entry f4a29b04-325e-4009-8289-5b1ede1d8d28,0e23990b-31a0-4ac2-be89-a46ebc8200d4,2026-06-25 08:47:08.792307
d39a2365-ae17-4a68-a613-874ee0f0842b,598a895e-5a20-48cc-95bd-a52fe5d4bb65,7850c5cd-d19e-4eae-bd30-619b760f8bef,AGREEMENT,7850c5cd-d19e-4eae-bd30-619b760f8bef,DEBIT,5000.00,TRY,2026-02,OFF_INVOICE,NKA,2eded86b-ae2a-4097-92fb-f304c79c57e1,8c500433-8582-4c97-8601-76bc5ba191ce,e647e274-0ca6-49be-aa2f-0f6e4b380233,afcf9ffb-9741-42c5-b07b-e03c0de35588,t,,LEDGER|AGREEMENT|7850c5cd-d19e-4eae-bd30-619b760f8bef|83232916-098c-4e22-9c53-0e8762431a68,,3b703dae-2955-40a1-affa-f94478da505f,2026-06-25 08:47:08.823908
65e3a787-c967-4d4b-a7d4-4d40a97b2161,598a895e-5a20-48cc-95bd-a52fe5d4bb65,7850c5cd-d19e-4eae-bd30-619b760f8bef,AGREEMENT,7850c5cd-d19e-4eae-bd30-619b760f8bef,CREDIT,5000.00,TRY,2026-02,OFF_INVOICE,NKA,2eded86b-ae2a-4097-92fb-f304c79c57e1,8c500433-8582-4c97-8601-76bc5ba191ce,e647e274-0ca6-49be-aa2f-0f6e4b380233,afcf9ffb-9741-42c5-b07b-e03c0de35588,f,d39a2365-ae17-4a68-a613-874ee0f0842b,REVERSAL|LEDGER|d39a2365-ae17-4a68-a613-874ee0f0842b,Reversal of ledger entry d39a2365-ae17-4a68-a613-874ee0f0842b,3b703dae-2955-40a1-affa-f94478da505f,2026-06-25 08:47:08.830192
85f6ad31-487b-4789-bf87-8f9260fe825b,598a895e-5a20-48cc-95bd-a52fe5d4bb65,7850c5cd-d19e-4eae-bd30-619b760f8bef,AGREEMENT,7850c5cd-d19e-4eae-bd30-619b760f8bef,DEBIT,5000.00,TRY,2026-02,OFF_INVOICE,NKA,2eded86b-ae2a-4097-92fb-f304c79c57e1,8c500433-8582-4c97-8601-76bc5ba191ce,e647e274-0ca6-49be-aa2f-0f6e4b380233,afcf9ffb-9741-42c5-b07b-e03c0de35588,t,,LEDGER|AGREEMENT|7850c5cd-d19e-4eae-bd30-619b760f8bef|f0ea53f9-4361-4412-8a39-ec28a2785281,,3b703dae-2955-40a1-affa-f94478da505f,2026-06-25 08:47:08.868283
aa89584a-dfee-445f-87a0-aa1f96beff46,598a895e-5a20-48cc-95bd-a52fe5d4bb65,7850c5cd-d19e-4eae-bd30-619b760f8bef,AGREEMENT,7850c5cd-d19e-4eae-bd30-619b760f8bef,CREDIT,5000.00,TRY,2026-02,OFF_INVOICE,NKA,2eded86b-ae2a-4097-92fb-f304c79c57e1,8c500433-8582-4c97-8601-76bc5ba191ce,e647e274-0ca6-49be-aa2f-0f6e4b380233,afcf9ffb-9741-42c5-b07b-e03c0de35588,f,85f6ad31-487b-4789-bf87-8f9260fe825b,REVERSAL|LEDGER|85f6ad31-487b-4789-bf87-8f9260fe825b,Reversal of ledger entry 85f6ad31-487b-4789-bf87-8f9260fe825b,3b703dae-2955-40a1-affa-f94478da505f,2026-06-25 08:47:08.876136
bd9cba10-cdbe-4d04-865b-b78bd1cfe8b4,598a895e-5a20-48cc-95bd-a52fe5d4bb65,7850c5cd-d19e-4eae-bd30-619b760f8bef,AGREEMENT,7850c5cd-d19e-4eae-bd30-619b760f8bef,DEBIT,5000.00,TRY,2026-02,OFF_INVOICE,NKA,2eded86b-ae2a-4097-92fb-f304c79c57e1,8c500433-8582-4c97-8601-76bc5ba191ce,e647e274-0ca6-49be-aa2f-0f6e4b380233,afcf9ffb-9741-42c5-b07b-e03c0de35588,t,,LEDGER|AGREEMENT|7850c5cd-d19e-4eae-bd30-619b760f8bef|d5fea752-be1f-454b-bf24-a0289b30fdf2,,3b703dae-2955-40a1-affa-f94478da505f,2026-06-25 08:49:07.451599
3a32fc73-c2f7-478f-8a55-99ddb45bb67f,598a895e-5a20-48cc-95bd-a52fe5d4bb65,7850c5cd-d19e-4eae-bd30-619b760f8bef,AGREEMENT,7850c5cd-d19e-4eae-bd30-619b760f8bef,CREDIT,5000.00,TRY,2026-02,OFF_INVOICE,NKA,2eded86b-ae2a-4097-92fb-f304c79c57e1,8c500433-8582-4c97-8601-76bc5ba191ce,e647e274-0ca6-49be-aa2f-0f6e4b380233,afcf9ffb-9741-42c5-b07b-e03c0de35588,f,bd9cba10-cdbe-4d04-865b-b78bd1cfe8b4,REVERSAL|LEDGER|bd9cba10-cdbe-4d04-865b-b78bd1cfe8b4,Reversal of ledger entry bd9cba10-cdbe-4d04-865b-b78bd1cfe8b4,3b703dae-2955-40a1-affa-f94478da505f,2026-06-25 08:49:07.462668
6a5eebf5-55a7-4446-aabd-5bd67864c8f7,598a895e-5a20-48cc-95bd-a52fe5d4bb65,7850c5cd-d19e-4eae-bd30-619b760f8bef,AGREEMENT,7850c5cd-d19e-4eae-bd30-619b760f8bef,DEBIT,5000.00,TRY,2026-02,OFF_INVOICE,NKA,2eded86b-ae2a-4097-92fb-f304c79c57e1,8c500433-8582-4c97-8601-76bc5ba191ce,e647e274-0ca6-49be-aa2f-0f6e4b380233,afcf9ffb-9741-42c5-b07b-e03c0de35588,t,,LEDGER|AGREEMENT|7850c5cd-d19e-4eae-bd30-619b760f8bef|0bf0fd2a-3be2-49a1-8ffc-920d270f5e21,,3b703dae-2955-40a1-affa-f94478da505f,2026-06-25 08:49:07.633745
e92f5752-2c10-4e19-a9b6-b776b2c8f73a,598a895e-5a20-48cc-95bd-a52fe5d4bb65,7850c5cd-d19e-4eae-bd30-619b760f8bef,AGREEMENT,7850c5cd-d19e-4eae-bd30-619b760f8bef,CREDIT,5000.00,TRY,2026-02,OFF_INVOICE,NKA,2eded86b-ae2a-4097-92fb-f304c79c57e1,8c500433-8582-4c97-8601-76bc5ba191ce,e647e274-0ca6-49be-aa2f-0f6e4b380233,afcf9ffb-9741-42c5-b07b-e03c0de35588,f,6a5eebf5-55a7-4446-aabd-5bd67864c8f7,REVERSAL|LEDGER|6a5eebf5-55a7-4446-aabd-5bd67864c8f7,Reversal of ledger entry 6a5eebf5-55a7-4446-aabd-5bd67864c8f7,0e23990b-31a0-4ac2-be89-a46ebc8200d4,2026-06-25 08:49:07.640586
c02ff0a8-d304-4f18-a8ef-7484c0ed5568,598a895e-5a20-48cc-95bd-a52fe5d4bb65,7850c5cd-d19e-4eae-bd30-619b760f8bef,AGREEMENT,7850c5cd-d19e-4eae-bd30-619b760f8bef,DEBIT,5000.00,TRY,2026-02,OFF_INVOICE,NKA,2eded86b-ae2a-4097-92fb-f304c79c57e1,8c500433-8582-4c97-8601-76bc5ba191ce,e647e274-0ca6-49be-aa2f-0f6e4b380233,afcf9ffb-9741-42c5-b07b-e03c0de35588,t,,LEDGER|AGREEMENT|7850c5cd-d19e-4eae-bd30-619b760f8bef|148a4309-e162-475f-997a-af25e0236acd,,3b703dae-2955-40a1-affa-f94478da505f,2026-06-25 08:49:07.675423
96d862e1-499b-4b9f-ae47-6a0726c906e4,598a895e-5a20-48cc-95bd-a52fe5d4bb65,7850c5cd-d19e-4eae-bd30-619b760f8bef,AGREEMENT,7850c5cd-d19e-4eae-bd30-619b760f8bef,CREDIT,5000.00,TRY,2026-02,OFF_INVOICE,NKA,2eded86b-ae2a-4097-92fb-f304c79c57e1,8c500433-8582-4c97-8601-76bc5ba191ce,e647e274-0ca6-49be-aa2f-0f6e4b380233,afcf9ffb-9741-42c5-b07b-e03c0de35588,f,c02ff0a8-d304-4f18-a8ef-7484c0ed5568,REVERSAL|LEDGER|c02ff0a8-d304-4f18-a8ef-7484c0ed5568,Reversal of ledger entry c02ff0a8-d304-4f18-a8ef-7484c0ed5568,3b703dae-2955-40a1-affa-f94478da505f,2026-06-25 08:49:07.681279
eed11f83-cdfa-4068-9d2b-1fd74a60635d,598a895e-5a20-48cc-95bd-a52fe5d4bb65,7850c5cd-d19e-4eae-bd30-619b760f8bef,AGREEMENT,7850c5cd-d19e-4eae-bd30-619b760f8bef,DEBIT,5000.00,TRY,2026-02,OFF_INVOICE,NKA,2eded86b-ae2a-4097-92fb-f304c79c57e1,8c500433-8582-4c97-8601-76bc5ba191ce,e647e274-0ca6-49be-aa2f-0f6e4b380233,afcf9ffb-9741-42c5-b07b-e03c0de35588,t,,LEDGER|AGREEMENT|7850c5cd-d19e-4eae-bd30-619b760f8bef|0ae5ddc7-e5b7-40ee-a58f-2e6045e2b1a4,,3b703dae-2955-40a1-affa-f94478da505f,2026-06-25 08:49:07.727249
925d5279-ef00-4521-83e3-b75f79c0a508,598a895e-5a20-48cc-95bd-a52fe5d4bb65,7850c5cd-d19e-4eae-bd30-619b760f8bef,AGREEMENT,7850c5cd-d19e-4eae-bd30-619b760f8bef,CREDIT,5000.00,TRY,2026-02,OFF_INVOICE,NKA,2eded86b-ae2a-4097-92fb-f304c79c57e1,8c500433-8582-4c97-8601-76bc5ba191ce,e647e274-0ca6-49be-aa2f-0f6e4b380233,afcf9ffb-9741-42c5-b07b-e03c0de35588,f,eed11f83-cdfa-4068-9d2b-1fd74a60635d,REVERSAL|LEDGER|eed11f83-cdfa-4068-9d2b-1fd74a60635d,Reversal of ledger entry eed11f83-cdfa-4068-9d2b-1fd74a60635d,3b703dae-2955-40a1-affa-f94478da505f,2026-06-25 08:49:07.737425
a4bd0315-2608-429d-be7e-695392c9fcd1,598a895e-5a20-48cc-95bd-a52fe5d4bb65,7850c5cd-d19e-4eae-bd30-619b760f8bef,AGREEMENT,7850c5cd-d19e-4eae-bd30-619b760f8bef,DEBIT,5000.00,TRY,2026-02,OFF_INVOICE,NKA,2eded86b-ae2a-4097-92fb-f304c79c57e1,8c500433-8582-4c97-8601-76bc5ba191ce,e647e274-0ca6-49be-aa2f-0f6e4b380233,afcf9ffb-9741-42c5-b07b-e03c0de35588,t,,LEDGER|AGREEMENT|7850c5cd-d19e-4eae-bd30-619b760f8bef|4ecfec11-8296-4aa5-8920-2dd2e14599b5,,3b703dae-2955-40a1-affa-f94478da505f,2026-06-25 12:01:56.709733
af9413fb-390a-464a-8451-54019133bb1d,598a895e-5a20-48cc-95bd-a52fe5d4bb65,7850c5cd-d19e-4eae-bd30-619b760f8bef,AGREEMENT,7850c5cd-d19e-4eae-bd30-619b760f8bef,CREDIT,5000.00,TRY,2026-02,OFF_INVOICE,NKA,2eded86b-ae2a-4097-92fb-f304c79c57e1,8c500433-8582-4c97-8601-76bc5ba191ce,e647e274-0ca6-49be-aa2f-0f6e4b380233,afcf9ffb-9741-42c5-b07b-e03c0de35588,f,a4bd0315-2608-429d-be7e-695392c9fcd1,REVERSAL|LEDGER|a4bd0315-2608-429d-be7e-695392c9fcd1,Reversal of ledger entry a4bd0315-2608-429d-be7e-695392c9fcd1,3b703dae-2955-40a1-affa-f94478da505f,2026-06-25 12:01:56.720127
8c0df0a0-473e-4bbd-a21b-05bde61e5e14,598a895e-5a20-48cc-95bd-a52fe5d4bb65,7850c5cd-d19e-4eae-bd30-619b760f8bef,AGREEMENT,7850c5cd-d19e-4eae-bd30-619b760f8bef,DEBIT,5000.00,TRY,2026-02,OFF_INVOICE,NKA,2eded86b-ae2a-4097-92fb-f304c79c57e1,8c500433-8582-4c97-8601-76bc5ba191ce,e647e274-0ca6-49be-aa2f-0f6e4b380233,afcf9ffb-9741-42c5-b07b-e03c0de35588,t,,LEDGER|AGREEMENT|7850c5cd-d19e-4eae-bd30-619b760f8bef|5d32c2cc-b268-4c08-beb7-9ba2d50d847c,,3b703dae-2955-40a1-affa-f94478da505f,2026-06-25 12:01:56.846584
f23df15c-bf1f-4399-9d0f-5a7c0faca70f,598a895e-5a20-48cc-95bd-a52fe5d4bb65,7850c5cd-d19e-4eae-bd30-619b760f8bef,AGREEMENT,7850c5cd-d19e-4eae-bd30-619b760f8bef,CREDIT,5000.00,TRY,2026-02,OFF_INVOICE,NKA,2eded86b-ae2a-4097-92fb-f304c79c57e1,8c500433-8582-4c97-8601-76bc5ba191ce,e647e274-0ca6-49be-aa2f-0f6e4b380233,afcf9ffb-9741-42c5-b07b-e03c0de35588,f,8c0df0a0-473e-4bbd-a21b-05bde61e5e14,REVERSAL|LEDGER|8c0df0a0-473e-4bbd-a21b-05bde61e5e14,Reversal of ledger entry 8c0df0a0-473e-4bbd-a21b-05bde61e5e14,0e23990b-31a0-4ac2-be89-a46ebc8200d4,2026-06-25 12:01:56.849984
92cef8ee-49ad-47a1-a755-10ace948867e,598a895e-5a20-48cc-95bd-a52fe5d4bb65,7850c5cd-d19e-4eae-bd30-619b760f8bef,AGREEMENT,7850c5cd-d19e-4eae-bd30-619b760f8bef,DEBIT,5000.00,TRY,2026-02,OFF_INVOICE,NKA,2eded86b-ae2a-4097-92fb-f304c79c57e1,8c500433-8582-4c97-8601-76bc5ba191ce,e647e274-0ca6-49be-aa2f-0f6e4b380233,afcf9ffb-9741-42c5-b07b-e03c0de35588,t,,LEDGER|AGREEMENT|7850c5cd-d19e-4eae-bd30-619b760f8bef|1477d4d4-787e-4576-bdc0-ef917689682d,,3b703dae-2955-40a1-affa-f94478da505f,2026-06-25 12:01:56.872038
348417a1-1bde-43f4-b44d-93da19a38444,598a895e-5a20-48cc-95bd-a52fe5d4bb65,7850c5cd-d19e-4eae-bd30-619b760f8bef,AGREEMENT,7850c5cd-d19e-4eae-bd30-619b760f8bef,CREDIT,5000.00,TRY,2026-02,OFF_INVOICE,NKA,2eded86b-ae2a-4097-92fb-f304c79c57e1,8c500433-8582-4c97-8601-76bc5ba191ce,e647e274-0ca6-49be-aa2f-0f6e4b380233,afcf9ffb-9741-42c5-b07b-e03c0de35588,f,92cef8ee-49ad-47a1-a755-10ace948867e,REVERSAL|LEDGER|92cef8ee-49ad-47a1-a755-10ace948867e,Reversal of ledger entry 92cef8ee-49ad-47a1-a755-10ace948867e,3b703dae-2955-40a1-affa-f94478da505f,2026-06-25 12:01:56.874955
97af3b3c-eeb4-4a03-b3f6-e9f350746502,598a895e-5a20-48cc-95bd-a52fe5d4bb65,7850c5cd-d19e-4eae-bd30-619b760f8bef,AGREEMENT,7850c5cd-d19e-4eae-bd30-619b760f8bef,DEBIT,5000.00,TRY,2026-02,OFF_INVOICE,NKA,2eded86b-ae2a-4097-92fb-f304c79c57e1,8c500433-8582-4c97-8601-76bc5ba191ce,e647e274-0ca6-49be-aa2f-0f6e4b380233,afcf9ffb-9741-42c5-b07b-e03c0de35588,t,,LEDGER|AGREEMENT|7850c5cd-d19e-4eae-bd30-619b760f8bef|71125b76-30ac-418d-9da0-c9c9bc583bb8,,3b703dae-2955-40a1-affa-f94478da505f,2026-06-25 12:01:56.908655
7d5e4b47-f34e-46b8-94cc-51a7803dd6fd,598a895e-5a20-48cc-95bd-a52fe5d4bb65,7850c5cd-d19e-4eae-bd30-619b760f8bef,AGREEMENT,7850c5cd-d19e-4eae-bd30-619b760f8bef,CREDIT,5000.00,TRY,2026-02,OFF_INVOICE,NKA,2eded86b-ae2a-4097-92fb-f304c79c57e1,8c500433-8582-4c97-8601-76bc5ba191ce,e647e274-0ca6-49be-aa2f-0f6e4b380233,afcf9ffb-9741-42c5-b07b-e03c0de35588,f,97af3b3c-eeb4-4a03-b3f6-e9f350746502,REVERSAL|LEDGER|97af3b3c-eeb4-4a03-b3f6-e9f350746502,Reversal of ledger entry 97af3b3c-eeb4-4a03-b3f6-e9f350746502,3b703dae-2955-40a1-affa-f94478da505f,2026-06-25 12:01:56.914887
5097cc8e-7b32-4106-bdd7-a5061da9c8ec,598a895e-5a20-48cc-95bd-a52fe5d4bb65,7850c5cd-d19e-4eae-bd30-619b760f8bef,AGREEMENT,7850c5cd-d19e-4eae-bd30-619b760f8bef,DEBIT,5000.00,TRY,2026-02,OFF_INVOICE,NKA,2eded86b-ae2a-4097-92fb-f304c79c57e1,8c500433-8582-4c97-8601-76bc5ba191ce,e647e274-0ca6-49be-aa2f-0f6e4b380233,afcf9ffb-9741-42c5-b07b-e03c0de35588,t,,LEDGER|AGREEMENT|7850c5cd-d19e-4eae-bd30-619b760f8bef|c093cb35-3db1-4a3b-8fd5-14d36c00fb88,,3b703dae-2955-40a1-affa-f94478da505f,2026-06-25 12:02:21.193295
3a937a01-7dec-4a4c-94e4-0c47d85f10ad,598a895e-5a20-48cc-95bd-a52fe5d4bb65,7850c5cd-d19e-4eae-bd30-619b760f8bef,AGREEMENT,7850c5cd-d19e-4eae-bd30-619b760f8bef,CREDIT,5000.00,TRY,2026-02,OFF_INVOICE,NKA,2eded86b-ae2a-4097-92fb-f304c79c57e1,8c500433-8582-4c97-8601-76bc5ba191ce,e647e274-0ca6-49be-aa2f-0f6e4b380233,afcf9ffb-9741-42c5-b07b-e03c0de35588,f,5097cc8e-7b32-4106-bdd7-a5061da9c8ec,REVERSAL|LEDGER|5097cc8e-7b32-4106-bdd7-a5061da9c8ec,Reversal of ledger entry 5097cc8e-7b32-4106-bdd7-a5061da9c8ec,3b703dae-2955-40a1-affa-f94478da505f,2026-06-25 12:02:21.200917
899e0b7e-e4bb-4d12-a02f-5a05b885a2e2,598a895e-5a20-48cc-95bd-a52fe5d4bb65,7850c5cd-d19e-4eae-bd30-619b760f8bef,AGREEMENT,7850c5cd-d19e-4eae-bd30-619b760f8bef,DEBIT,5000.00,TRY,2026-02,OFF_INVOICE,NKA,2eded86b-ae2a-4097-92fb-f304c79c57e1,8c500433-8582-4c97-8601-76bc5ba191ce,e647e274-0ca6-49be-aa2f-0f6e4b380233,afcf9ffb-9741-42c5-b07b-e03c0de35588,t,,LEDGER|AGREEMENT|7850c5cd-d19e-4eae-bd30-619b760f8bef|354792ae-2c8e-4e93-bf77-c23e26dbef5e,,3b703dae-2955-40a1-affa-f94478da505f,2026-06-25 12:02:21.321908
981e644c-497a-47d4-aa46-6820803b7847,598a895e-5a20-48cc-95bd-a52fe5d4bb65,7850c5cd-d19e-4eae-bd30-619b760f8bef,AGREEMENT,7850c5cd-d19e-4eae-bd30-619b760f8bef,CREDIT,5000.00,TRY,2026-02,OFF_INVOICE,NKA,2eded86b-ae2a-4097-92fb-f304c79c57e1,8c500433-8582-4c97-8601-76bc5ba191ce,e647e274-0ca6-49be-aa2f-0f6e4b380233,afcf9ffb-9741-42c5-b07b-e03c0de35588,f,899e0b7e-e4bb-4d12-a02f-5a05b885a2e2,REVERSAL|LEDGER|899e0b7e-e4bb-4d12-a02f-5a05b885a2e2,Reversal of ledger entry 899e0b7e-e4bb-4d12-a02f-5a05b885a2e2,0e23990b-31a0-4ac2-be89-a46ebc8200d4,2026-06-25 12:02:21.326617
b158eed4-2184-43cb-89bd-2e6304e3df0f,598a895e-5a20-48cc-95bd-a52fe5d4bb65,7850c5cd-d19e-4eae-bd30-619b760f8bef,AGREEMENT,7850c5cd-d19e-4eae-bd30-619b760f8bef,DEBIT,5000.00,TRY,2026-02,OFF_INVOICE,NKA,2eded86b-ae2a-4097-92fb-f304c79c57e1,8c500433-8582-4c97-8601-76bc5ba191ce,e647e274-0ca6-49be-aa2f-0f6e4b380233,afcf9ffb-9741-42c5-b07b-e03c0de35588,t,,LEDGER|AGREEMENT|7850c5cd-d19e-4eae-bd30-619b760f8bef|565bee6e-b7a0-40c9-9b85-a840cb6c0cad,,3b703dae-2955-40a1-affa-f94478da505f,2026-06-25 12:02:21.353116
be7dd119-b833-4189-b721-f70c73902ce4,598a895e-5a20-48cc-95bd-a52fe5d4bb65,7850c5cd-d19e-4eae-bd30-619b760f8bef,AGREEMENT,7850c5cd-d19e-4eae-bd30-619b760f8bef,CREDIT,5000.00,TRY,2026-02,OFF_INVOICE,NKA,2eded86b-ae2a-4097-92fb-f304c79c57e1,8c500433-8582-4c97-8601-76bc5ba191ce,e647e274-0ca6-49be-aa2f-0f6e4b380233,afcf9ffb-9741-42c5-b07b-e03c0de35588,f,b158eed4-2184-43cb-89bd-2e6304e3df0f,REVERSAL|LEDGER|b158eed4-2184-43cb-89bd-2e6304e3df0f,Reversal of ledger entry b158eed4-2184-43cb-89bd-2e6304e3df0f,3b703dae-2955-40a1-affa-f94478da505f,2026-06-25 12:02:21.356504
77ddfbca-9cea-4709-9be9-00861d0d85a7,598a895e-5a20-48cc-95bd-a52fe5d4bb65,7850c5cd-d19e-4eae-bd30-619b760f8bef,AGREEMENT,7850c5cd-d19e-4eae-bd30-619b760f8bef,DEBIT,5000.00,TRY,2026-02,OFF_INVOICE,NKA,2eded86b-ae2a-4097-92fb-f304c79c57e1,8c500433-8582-4c97-8601-76bc5ba191ce,e647e274-0ca6-49be-aa2f-0f6e4b380233,afcf9ffb-9741-42c5-b07b-e03c0de35588,t,,LEDGER|AGREEMENT|7850c5cd-d19e-4eae-bd30-619b760f8bef|99fa1d2c-7d2f-4d75-b0db-e49058af0e87,,3b703dae-2955-40a1-affa-f94478da505f,2026-06-25 12:02:21.383189
f93f6985-ecb8-46fb-a3f5-6a0726c750b4,598a895e-5a20-48cc-95bd-a52fe5d4bb65,7850c5cd-d19e-4eae-bd30-619b760f8bef,AGREEMENT,7850c5cd-d19e-4eae-bd30-619b760f8bef,CREDIT,5000.00,TRY,2026-02,OFF_INVOICE,NKA,2eded86b-ae2a-4097-92fb-f304c79c57e1,8c500433-8582-4c97-8601-76bc5ba191ce,e647e274-0ca6-49be-aa2f-0f6e4b380233,afcf9ffb-9741-42c5-b07b-e03c0de35588,f,77ddfbca-9cea-4709-9be9-00861d0d85a7,REVERSAL|LEDGER|77ddfbca-9cea-4709-9be9-00861d0d85a7,Reversal of ledger entry 77ddfbca-9cea-4709-9be9-00861d0d85a7,3b703dae-2955-40a1-affa-f94478da505f,2026-06-25 12:02:21.388127
953de895-ce7d-43b6-afa4-ee37e74ed2cc,598a895e-5a20-48cc-95bd-a52fe5d4bb65,7850c5cd-d19e-4eae-bd30-619b760f8bef,AGREEMENT,7850c5cd-d19e-4eae-bd30-619b760f8bef,DEBIT,5000.00,TRY,2026-02,OFF_INVOICE,NKA,2eded86b-ae2a-4097-92fb-f304c79c57e1,8c500433-8582-4c97-8601-76bc5ba191ce,e647e274-0ca6-49be-aa2f-0f6e4b380233,afcf9ffb-9741-42c5-b07b-e03c0de35588,t,,LEDGER|AGREEMENT|7850c5cd-d19e-4eae-bd30-619b760f8bef|165262c6-ba93-4a7e-a2f6-2691487a24ae,,3b703dae-2955-40a1-affa-f94478da505f,2026-06-25 12:14:29.210889
3754bea7-4680-469f-9162-f3d5a096d9a3,598a895e-5a20-48cc-95bd-a52fe5d4bb65,7850c5cd-d19e-4eae-bd30-619b760f8bef,AGREEMENT,7850c5cd-d19e-4eae-bd30-619b760f8bef,CREDIT,5000.00,TRY,2026-02,OFF_INVOICE,NKA,2eded86b-ae2a-4097-92fb-f304c79c57e1,8c500433-8582-4c97-8601-76bc5ba191ce,e647e274-0ca6-49be-aa2f-0f6e4b380233,afcf9ffb-9741-42c5-b07b-e03c0de35588,f,953de895-ce7d-43b6-afa4-ee37e74ed2cc,REVERSAL|LEDGER|953de895-ce7d-43b6-afa4-ee37e74ed2cc,Reversal of ledger entry 953de895-ce7d-43b6-afa4-ee37e74ed2cc,3b703dae-2955-40a1-affa-f94478da505f,2026-06-25 12:14:29.221871
aed19d9c-fd9f-4b45-b2b8-71d1feeac6c6,598a895e-5a20-48cc-95bd-a52fe5d4bb65,7850c5cd-d19e-4eae-bd30-619b760f8bef,AGREEMENT,7850c5cd-d19e-4eae-bd30-619b760f8bef,DEBIT,5000.00,TRY,2026-02,OFF_INVOICE,NKA,2eded86b-ae2a-4097-92fb-f304c79c57e1,8c500433-8582-4c97-8601-76bc5ba191ce,e647e274-0ca6-49be-aa2f-0f6e4b380233,afcf9ffb-9741-42c5-b07b-e03c0de35588,t,,LEDGER|AGREEMENT|7850c5cd-d19e-4eae-bd30-619b760f8bef|9b49ad6d-54ad-4c33-adac-e257f3e14286,,3b703dae-2955-40a1-affa-f94478da505f,2026-06-25 12:14:29.349069
ad3d1916-0718-45ec-bb9a-08370e36d194,598a895e-5a20-48cc-95bd-a52fe5d4bb65,7850c5cd-d19e-4eae-bd30-619b760f8bef,AGREEMENT,7850c5cd-d19e-4eae-bd30-619b760f8bef,CREDIT,5000.00,TRY,2026-02,OFF_INVOICE,NKA,2eded86b-ae2a-4097-92fb-f304c79c57e1,8c500433-8582-4c97-8601-76bc5ba191ce,e647e274-0ca6-49be-aa2f-0f6e4b380233,afcf9ffb-9741-42c5-b07b-e03c0de35588,f,aed19d9c-fd9f-4b45-b2b8-71d1feeac6c6,REVERSAL|LEDGER|aed19d9c-fd9f-4b45-b2b8-71d1feeac6c6,Reversal of ledger entry aed19d9c-fd9f-4b45-b2b8-71d1feeac6c6,0e23990b-31a0-4ac2-be89-a46ebc8200d4,2026-06-25 12:14:29.355138
260809d6-fc42-430b-864f-4e520ea821c3,598a895e-5a20-48cc-95bd-a52fe5d4bb65,7850c5cd-d19e-4eae-bd30-619b760f8bef,AGREEMENT,7850c5cd-d19e-4eae-bd30-619b760f8bef,DEBIT,5000.00,TRY,2026-02,OFF_INVOICE,NKA,2eded86b-ae2a-4097-92fb-f304c79c57e1,8c500433-8582-4c97-8601-76bc5ba191ce,e647e274-0ca6-49be-aa2f-0f6e4b380233,afcf9ffb-9741-42c5-b07b-e03c0de35588,t,,LEDGER|AGREEMENT|7850c5cd-d19e-4eae-bd30-619b760f8bef|0d2ad57c-648e-45fc-b76e-c14d1c955f85,,3b703dae-2955-40a1-affa-f94478da505f,2026-06-25 12:14:29.375993
ffbc1a3c-f868-471d-98f7-f26a2187c47e,598a895e-5a20-48cc-95bd-a52fe5d4bb65,7850c5cd-d19e-4eae-bd30-619b760f8bef,AGREEMENT,7850c5cd-d19e-4eae-bd30-619b760f8bef,CREDIT,5000.00,TRY,2026-02,OFF_INVOICE,NKA,2eded86b-ae2a-4097-92fb-f304c79c57e1,8c500433-8582-4c97-8601-76bc5ba191ce,e647e274-0ca6-49be-aa2f-0f6e4b380233,afcf9ffb-9741-42c5-b07b-e03c0de35588,f,260809d6-fc42-430b-864f-4e520ea821c3,REVERSAL|LEDGER|260809d6-fc42-430b-864f-4e520ea821c3,Reversal of ledger entry 260809d6-fc42-430b-864f-4e520ea821c3,3b703dae-2955-40a1-affa-f94478da505f,2026-06-25 12:14:29.379413
c41fb9b1-fc14-4b0e-8318-c93984be9cef,598a895e-5a20-48cc-95bd-a52fe5d4bb65,7850c5cd-d19e-4eae-bd30-619b760f8bef,AGREEMENT,7850c5cd-d19e-4eae-bd30-619b760f8bef,DEBIT,5000.00,TRY,2026-02,OFF_INVOICE,NKA,2eded86b-ae2a-4097-92fb-f304c79c57e1,8c500433-8582-4c97-8601-76bc5ba191ce,e647e274-0ca6-49be-aa2f-0f6e4b380233,afcf9ffb-9741-42c5-b07b-e03c0de35588,t,,LEDGER|AGREEMENT|7850c5cd-d19e-4eae-bd30-619b760f8bef|6ed0aaa1-0e22-4612-a971-05100c8680be,,3b703dae-2955-40a1-affa-f94478da505f,2026-06-25 12:14:29.414693
674b8e8b-8cd4-45d5-b06b-49a5fbc28e4b,598a895e-5a20-48cc-95bd-a52fe5d4bb65,7850c5cd-d19e-4eae-bd30-619b760f8bef,AGREEMENT,7850c5cd-d19e-4eae-bd30-619b760f8bef,CREDIT,5000.00,TRY,2026-02,OFF_INVOICE,NKA,2eded86b-ae2a-4097-92fb-f304c79c57e1,8c500433-8582-4c97-8601-76bc5ba191ce,e647e274-0ca6-49be-aa2f-0f6e4b380233,afcf9ffb-9741-42c5-b07b-e03c0de35588,f,c41fb9b1-fc14-4b0e-8318-c93984be9cef,REVERSAL|LEDGER|c41fb9b1-fc14-4b0e-8318-c93984be9cef,Reversal of ledger entry c41fb9b1-fc14-4b0e-8318-c93984be9cef,3b703dae-2955-40a1-affa-f94478da505f,2026-06-25 12:14:29.421486
1ab10dfd-9bae-4ff4-a8e8-1e2b0b64f887,598a895e-5a20-48cc-95bd-a52fe5d4bb65,7850c5cd-d19e-4eae-bd30-619b760f8bef,AGREEMENT,7850c5cd-d19e-4eae-bd30-619b760f8bef,DEBIT,5000.00,TRY,2026-02,OFF_INVOICE,NKA,2eded86b-ae2a-4097-92fb-f304c79c57e1,8c500433-8582-4c97-8601-76bc5ba191ce,e647e274-0ca6-49be-aa2f-0f6e4b380233,afcf9ffb-9741-42c5-b07b-e03c0de35588,t,,LEDGER|AGREEMENT|7850c5cd-d19e-4eae-bd30-619b760f8bef|53e175f5-e6ed-4a99-967e-29456876b317,,3b703dae-2955-40a1-affa-f94478da505f,2026-06-25 12:38:23.780479
83c3d495-1ba8-43e0-8950-a175691b3a47,598a895e-5a20-48cc-95bd-a52fe5d4bb65,7850c5cd-d19e-4eae-bd30-619b760f8bef,AGREEMENT,7850c5cd-d19e-4eae-bd30-619b760f8bef,CREDIT,5000.00,TRY,2026-02,OFF_INVOICE,NKA,2eded86b-ae2a-4097-92fb-f304c79c57e1,8c500433-8582-4c97-8601-76bc5ba191ce,e647e274-0ca6-49be-aa2f-0f6e4b380233,afcf9ffb-9741-42c5-b07b-e03c0de35588,f,1ab10dfd-9bae-4ff4-a8e8-1e2b0b64f887,REVERSAL|LEDGER|1ab10dfd-9bae-4ff4-a8e8-1e2b0b64f887,Reversal of ledger entry 1ab10dfd-9bae-4ff4-a8e8-1e2b0b64f887,3b703dae-2955-40a1-affa-f94478da505f,2026-06-25 12:38:23.79334
5229b9d7-4f87-40b1-8981-e1847c2b4369,598a895e-5a20-48cc-95bd-a52fe5d4bb65,7850c5cd-d19e-4eae-bd30-619b760f8bef,AGREEMENT,7850c5cd-d19e-4eae-bd30-619b760f8bef,DEBIT,5000.00,TRY,2026-02,OFF_INVOICE,NKA,2eded86b-ae2a-4097-92fb-f304c79c57e1,8c500433-8582-4c97-8601-76bc5ba191ce,e647e274-0ca6-49be-aa2f-0f6e4b380233,afcf9ffb-9741-42c5-b07b-e03c0de35588,t,,LEDGER|AGREEMENT|7850c5cd-d19e-4eae-bd30-619b760f8bef|144253e3-de8a-448d-82e5-e0b8f9fe88ed,,3b703dae-2955-40a1-affa-f94478da505f,2026-06-25 12:38:23.960942
5e7c20fd-b4c1-4359-b2b8-d95e63b055aa,598a895e-5a20-48cc-95bd-a52fe5d4bb65,7850c5cd-d19e-4eae-bd30-619b760f8bef,AGREEMENT,7850c5cd-d19e-4eae-bd30-619b760f8bef,CREDIT,5000.00,TRY,2026-02,OFF_INVOICE,NKA,2eded86b-ae2a-4097-92fb-f304c79c57e1,8c500433-8582-4c97-8601-76bc5ba191ce,e647e274-0ca6-49be-aa2f-0f6e4b380233,afcf9ffb-9741-42c5-b07b-e03c0de35588,f,5229b9d7-4f87-40b1-8981-e1847c2b4369,REVERSAL|LEDGER|5229b9d7-4f87-40b1-8981-e1847c2b4369,Reversal of ledger entry 5229b9d7-4f87-40b1-8981-e1847c2b4369,0e23990b-31a0-4ac2-be89-a46ebc8200d4,2026-06-25 12:38:23.970676
88b50314-f2e8-47b4-af26-bcc218f02697,598a895e-5a20-48cc-95bd-a52fe5d4bb65,7850c5cd-d19e-4eae-bd30-619b760f8bef,AGREEMENT,7850c5cd-d19e-4eae-bd30-619b760f8bef,DEBIT,5000.00,TRY,2026-02,OFF_INVOICE,NKA,2eded86b-ae2a-4097-92fb-f304c79c57e1,8c500433-8582-4c97-8601-76bc5ba191ce,e647e274-0ca6-49be-aa2f-0f6e4b380233,afcf9ffb-9741-42c5-b07b-e03c0de35588,t,,LEDGER|AGREEMENT|7850c5cd-d19e-4eae-bd30-619b760f8bef|c2e2ad94-a818-4129-8baf-10ba0688a7d4,,3b703dae-2955-40a1-affa-f94478da505f,2026-06-25 12:38:24.007105
219e22a4-bd38-4a7b-a7c2-afe6339aa2fd,598a895e-5a20-48cc-95bd-a52fe5d4bb65,7850c5cd-d19e-4eae-bd30-619b760f8bef,AGREEMENT,7850c5cd-d19e-4eae-bd30-619b760f8bef,CREDIT,5000.00,TRY,2026-02,OFF_INVOICE,NKA,2eded86b-ae2a-4097-92fb-f304c79c57e1,8c500433-8582-4c97-8601-76bc5ba191ce,e647e274-0ca6-49be-aa2f-0f6e4b380233,afcf9ffb-9741-42c5-b07b-e03c0de35588,f,88b50314-f2e8-47b4-af26-bcc218f02697,REVERSAL|LEDGER|88b50314-f2e8-47b4-af26-bcc218f02697,Reversal of ledger entry 88b50314-f2e8-47b4-af26-bcc218f02697,3b703dae-2955-40a1-affa-f94478da505f,2026-06-25 12:38:24.012372
73c6c068-5406-4d4f-9a68-d236e411df28,598a895e-5a20-48cc-95bd-a52fe5d4bb65,7850c5cd-d19e-4eae-bd30-619b760f8bef,AGREEMENT,7850c5cd-d19e-4eae-bd30-619b760f8bef,DEBIT,5000.00,TRY,2026-02,OFF_INVOICE,NKA,2eded86b-ae2a-4097-92fb-f304c79c57e1,8c500433-8582-4c97-8601-76bc5ba191ce,e647e274-0ca6-49be-aa2f-0f6e4b380233,afcf9ffb-9741-42c5-b07b-e03c0de35588,t,,LEDGER|AGREEMENT|7850c5cd-d19e-4eae-bd30-619b760f8bef|d978dd9b-4e65-481d-a417-605c0988c89d,,3b703dae-2955-40a1-affa-f94478da505f,2026-06-25 12:38:24.066362
f8f673fb-1830-48b0-b861-76ce63d888cd,598a895e-5a20-48cc-95bd-a52fe5d4bb65,7850c5cd-d19e-4eae-bd30-619b760f8bef,AGREEMENT,7850c5cd-d19e-4eae-bd30-619b760f8bef,CREDIT,5000.00,TRY,2026-02,OFF_INVOICE,NKA,2eded86b-ae2a-4097-92fb-f304c79c57e1,8c500433-8582-4c97-8601-76bc5ba191ce,e647e274-0ca6-49be-aa2f-0f6e4b380233,afcf9ffb-9741-42c5-b07b-e03c0de35588,f,73c6c068-5406-4d4f-9a68-d236e411df28,REVERSAL|LEDGER|73c6c068-5406-4d4f-9a68-d236e411df28,Reversal of ledger entry 73c6c068-5406-4d4f-9a68-d236e411df28,3b703dae-2955-40a1-affa-f94478da505f,2026-06-25 12:38:24.075521
21d794d8-8265-4808-a8c4-0d82c01820f6,598a895e-5a20-48cc-95bd-a52fe5d4bb65,7850c5cd-d19e-4eae-bd30-619b760f8bef,AGREEMENT,7850c5cd-d19e-4eae-bd30-619b760f8bef,DEBIT,5000.00,TRY,2026-02,OFF_INVOICE,NKA,2eded86b-ae2a-4097-92fb-f304c79c57e1,8c500433-8582-4c97-8601-76bc5ba191ce,e647e274-0ca6-49be-aa2f-0f6e4b380233,afcf9ffb-9741-42c5-b07b-e03c0de35588,t,,LEDGER|AGREEMENT|7850c5cd-d19e-4eae-bd30-619b760f8bef|c8716c00-cc84-41e1-981d-510882906334,,3b703dae-2955-40a1-affa-f94478da505f,2026-06-25 12:40:45.79905
0902596a-26c9-4f9f-a661-6193f6f90cdc,598a895e-5a20-48cc-95bd-a52fe5d4bb65,7850c5cd-d19e-4eae-bd30-619b760f8bef,AGREEMENT,7850c5cd-d19e-4eae-bd30-619b760f8bef,CREDIT,5000.00,TRY,2026-02,OFF_INVOICE,NKA,2eded86b-ae2a-4097-92fb-f304c79c57e1,8c500433-8582-4c97-8601-76bc5ba191ce,e647e274-0ca6-49be-aa2f-0f6e4b380233,afcf9ffb-9741-42c5-b07b-e03c0de35588,f,21d794d8-8265-4808-a8c4-0d82c01820f6,REVERSAL|LEDGER|21d794d8-8265-4808-a8c4-0d82c01820f6,Reversal of ledger entry 21d794d8-8265-4808-a8c4-0d82c01820f6,3b703dae-2955-40a1-affa-f94478da505f,2026-06-25 12:40:45.809477
924580d8-e707-4fd0-8019-6d69c3507966,598a895e-5a20-48cc-95bd-a52fe5d4bb65,7850c5cd-d19e-4eae-bd30-619b760f8bef,AGREEMENT,7850c5cd-d19e-4eae-bd30-619b760f8bef,DEBIT,5000.00,TRY,2026-02,OFF_INVOICE,NKA,2eded86b-ae2a-4097-92fb-f304c79c57e1,8c500433-8582-4c97-8601-76bc5ba191ce,e647e274-0ca6-49be-aa2f-0f6e4b380233,afcf9ffb-9741-42c5-b07b-e03c0de35588,t,,LEDGER|AGREEMENT|7850c5cd-d19e-4eae-bd30-619b760f8bef|58cc8414-fce5-44a7-b410-a397d4e153d4,,3b703dae-2955-40a1-affa-f94478da505f,2026-06-25 12:40:45.938569
80aef765-43f8-4dc6-90d5-28fc509b8ab9,598a895e-5a20-48cc-95bd-a52fe5d4bb65,7850c5cd-d19e-4eae-bd30-619b760f8bef,AGREEMENT,7850c5cd-d19e-4eae-bd30-619b760f8bef,CREDIT,5000.00,TRY,2026-02,OFF_INVOICE,NKA,2eded86b-ae2a-4097-92fb-f304c79c57e1,8c500433-8582-4c97-8601-76bc5ba191ce,e647e274-0ca6-49be-aa2f-0f6e4b380233,afcf9ffb-9741-42c5-b07b-e03c0de35588,f,924580d8-e707-4fd0-8019-6d69c3507966,REVERSAL|LEDGER|924580d8-e707-4fd0-8019-6d69c3507966,Reversal of ledger entry 924580d8-e707-4fd0-8019-6d69c3507966,0e23990b-31a0-4ac2-be89-a46ebc8200d4,2026-06-25 12:40:45.94233
681a32d4-9152-431c-94a7-b7402ecd900e,598a895e-5a20-48cc-95bd-a52fe5d4bb65,7850c5cd-d19e-4eae-bd30-619b760f8bef,AGREEMENT,7850c5cd-d19e-4eae-bd30-619b760f8bef,DEBIT,5000.00,TRY,2026-02,OFF_INVOICE,NKA,2eded86b-ae2a-4097-92fb-f304c79c57e1,8c500433-8582-4c97-8601-76bc5ba191ce,e647e274-0ca6-49be-aa2f-0f6e4b380233,afcf9ffb-9741-42c5-b07b-e03c0de35588,t,,LEDGER|AGREEMENT|7850c5cd-d19e-4eae-bd30-619b760f8bef|c1551aef-7b38-4927-aae5-a77691d93774,,3b703dae-2955-40a1-affa-f94478da505f,2026-06-25 12:40:45.97276
b2cdb35b-eba0-42d2-8790-52299de8a888,598a895e-5a20-48cc-95bd-a52fe5d4bb65,7850c5cd-d19e-4eae-bd30-619b760f8bef,AGREEMENT,7850c5cd-d19e-4eae-bd30-619b760f8bef,CREDIT,5000.00,TRY,2026-02,OFF_INVOICE,NKA,2eded86b-ae2a-4097-92fb-f304c79c57e1,8c500433-8582-4c97-8601-76bc5ba191ce,e647e274-0ca6-49be-aa2f-0f6e4b380233,afcf9ffb-9741-42c5-b07b-e03c0de35588,f,681a32d4-9152-431c-94a7-b7402ecd900e,REVERSAL|LEDGER|681a32d4-9152-431c-94a7-b7402ecd900e,Reversal of ledger entry 681a32d4-9152-431c-94a7-b7402ecd900e,3b703dae-2955-40a1-affa-f94478da505f,2026-06-25 12:40:45.977615
82ec618a-064b-4099-9fd7-b4c832e8fa6f,598a895e-5a20-48cc-95bd-a52fe5d4bb65,7850c5cd-d19e-4eae-bd30-619b760f8bef,AGREEMENT,7850c5cd-d19e-4eae-bd30-619b760f8bef,DEBIT,5000.00,TRY,2026-02,OFF_INVOICE,NKA,2eded86b-ae2a-4097-92fb-f304c79c57e1,8c500433-8582-4c97-8601-76bc5ba191ce,e647e274-0ca6-49be-aa2f-0f6e4b380233,afcf9ffb-9741-42c5-b07b-e03c0de35588,t,,LEDGER|AGREEMENT|7850c5cd-d19e-4eae-bd30-619b760f8bef|41857497-f4ae-453b-8813-c695ab313f53,,3b703dae-2955-40a1-affa-f94478da505f,2026-06-25 12:40:46.009876
52d140f1-2c5f-47e6-9042-4585a2241368,598a895e-5a20-48cc-95bd-a52fe5d4bb65,7850c5cd-d19e-4eae-bd30-619b760f8bef,AGREEMENT,7850c5cd-d19e-4eae-bd30-619b760f8bef,CREDIT,5000.00,TRY,2026-02,OFF_INVOICE,NKA,2eded86b-ae2a-4097-92fb-f304c79c57e1,8c500433-8582-4c97-8601-76bc5ba191ce,e647e274-0ca6-49be-aa2f-0f6e4b380233,afcf9ffb-9741-42c5-b07b-e03c0de35588,f,82ec618a-064b-4099-9fd7-b4c832e8fa6f,REVERSAL|LEDGER|82ec618a-064b-4099-9fd7-b4c832e8fa6f,Reversal of ledger entry 82ec618a-064b-4099-9fd7-b4c832e8fa6f,3b703dae-2955-40a1-affa-f94478da505f,2026-06-25 12:40:46.015869
62cc2db0-12b1-416e-a79e-07fc41bf5d03,598a895e-5a20-48cc-95bd-a52fe5d4bb65,7850c5cd-d19e-4eae-bd30-619b760f8bef,AGREEMENT,7850c5cd-d19e-4eae-bd30-619b760f8bef,DEBIT,5000.00,TRY,2026-02,OFF_INVOICE,NKA,2eded86b-ae2a-4097-92fb-f304c79c57e1,8c500433-8582-4c97-8601-76bc5ba191ce,e647e274-0ca6-49be-aa2f-0f6e4b380233,afcf9ffb-9741-42c5-b07b-e03c0de35588,t,,LEDGER|AGREEMENT|7850c5cd-d19e-4eae-bd30-619b760f8bef|4b0a07a7-eecc-4398-9522-dc542b22217e,,3b703dae-2955-40a1-affa-f94478da505f,2026-06-25 12:52:16.291389
264ec69f-d930-479e-9b69-0fa01e51a980,598a895e-5a20-48cc-95bd-a52fe5d4bb65,7850c5cd-d19e-4eae-bd30-619b760f8bef,AGREEMENT,7850c5cd-d19e-4eae-bd30-619b760f8bef,CREDIT,5000.00,TRY,2026-02,OFF_INVOICE,NKA,2eded86b-ae2a-4097-92fb-f304c79c57e1,8c500433-8582-4c97-8601-76bc5ba191ce,e647e274-0ca6-49be-aa2f-0f6e4b380233,afcf9ffb-9741-42c5-b07b-e03c0de35588,f,62cc2db0-12b1-416e-a79e-07fc41bf5d03,REVERSAL|LEDGER|62cc2db0-12b1-416e-a79e-07fc41bf5d03,Reversal of ledger entry 62cc2db0-12b1-416e-a79e-07fc41bf5d03,3b703dae-2955-40a1-affa-f94478da505f,2026-06-25 12:52:16.300288
e5e0125c-5cfa-463a-a7c7-8cb53549609b,598a895e-5a20-48cc-95bd-a52fe5d4bb65,7850c5cd-d19e-4eae-bd30-619b760f8bef,AGREEMENT,7850c5cd-d19e-4eae-bd30-619b760f8bef,DEBIT,5000.00,TRY,2026-02,OFF_INVOICE,NKA,2eded86b-ae2a-4097-92fb-f304c79c57e1,8c500433-8582-4c97-8601-76bc5ba191ce,e647e274-0ca6-49be-aa2f-0f6e4b380233,afcf9ffb-9741-42c5-b07b-e03c0de35588,t,,LEDGER|AGREEMENT|7850c5cd-d19e-4eae-bd30-619b760f8bef|08154eba-c554-4508-8926-771dad2c6288,,3b703dae-2955-40a1-affa-f94478da505f,2026-06-25 12:52:16.428018
8949a72f-3b2e-4100-8d5b-df69395136f5,598a895e-5a20-48cc-95bd-a52fe5d4bb65,7850c5cd-d19e-4eae-bd30-619b760f8bef,AGREEMENT,7850c5cd-d19e-4eae-bd30-619b760f8bef,CREDIT,5000.00,TRY,2026-02,OFF_INVOICE,NKA,2eded86b-ae2a-4097-92fb-f304c79c57e1,8c500433-8582-4c97-8601-76bc5ba191ce,e647e274-0ca6-49be-aa2f-0f6e4b380233,afcf9ffb-9741-42c5-b07b-e03c0de35588,f,e5e0125c-5cfa-463a-a7c7-8cb53549609b,REVERSAL|LEDGER|e5e0125c-5cfa-463a-a7c7-8cb53549609b,Reversal of ledger entry e5e0125c-5cfa-463a-a7c7-8cb53549609b,0e23990b-31a0-4ac2-be89-a46ebc8200d4,2026-06-25 12:52:16.431819
e6dbe4b2-d70b-4255-a469-73addc3b5bf9,598a895e-5a20-48cc-95bd-a52fe5d4bb65,7850c5cd-d19e-4eae-bd30-619b760f8bef,AGREEMENT,7850c5cd-d19e-4eae-bd30-619b760f8bef,DEBIT,5000.00,TRY,2026-02,OFF_INVOICE,NKA,2eded86b-ae2a-4097-92fb-f304c79c57e1,8c500433-8582-4c97-8601-76bc5ba191ce,e647e274-0ca6-49be-aa2f-0f6e4b380233,afcf9ffb-9741-42c5-b07b-e03c0de35588,t,,LEDGER|AGREEMENT|7850c5cd-d19e-4eae-bd30-619b760f8bef|47121d56-7c3e-4fc6-ab0c-42a1972761a0,,3b703dae-2955-40a1-affa-f94478da505f,2026-06-25 12:52:16.453826
929fa228-0417-4245-8ea7-f38d7e0de330,598a895e-5a20-48cc-95bd-a52fe5d4bb65,7850c5cd-d19e-4eae-bd30-619b760f8bef,AGREEMENT,7850c5cd-d19e-4eae-bd30-619b760f8bef,CREDIT,5000.00,TRY,2026-02,OFF_INVOICE,NKA,2eded86b-ae2a-4097-92fb-f304c79c57e1,8c500433-8582-4c97-8601-76bc5ba191ce,e647e274-0ca6-49be-aa2f-0f6e4b380233,afcf9ffb-9741-42c5-b07b-e03c0de35588,f,e6dbe4b2-d70b-4255-a469-73addc3b5bf9,REVERSAL|LEDGER|e6dbe4b2-d70b-4255-a469-73addc3b5bf9,Reversal of ledger entry e6dbe4b2-d70b-4255-a469-73addc3b5bf9,3b703dae-2955-40a1-affa-f94478da505f,2026-06-25 12:52:16.457796
4be7b726-6839-4062-8c35-bc00b53cc959,598a895e-5a20-48cc-95bd-a52fe5d4bb65,7850c5cd-d19e-4eae-bd30-619b760f8bef,AGREEMENT,7850c5cd-d19e-4eae-bd30-619b760f8bef,DEBIT,5000.00,TRY,2026-02,OFF_INVOICE,NKA,2eded86b-ae2a-4097-92fb-f304c79c57e1,8c500433-8582-4c97-8601-76bc5ba191ce,e647e274-0ca6-49be-aa2f-0f6e4b380233,afcf9ffb-9741-42c5-b07b-e03c0de35588,t,,LEDGER|AGREEMENT|7850c5cd-d19e-4eae-bd30-619b760f8bef|4257b297-c20c-4c2d-abd7-e9c2cd592112,,3b703dae-2955-40a1-affa-f94478da505f,2026-06-25 12:52:16.488173
e8ba6bcb-21a4-4f8e-a433-fc2c6e1ca2df,598a895e-5a20-48cc-95bd-a52fe5d4bb65,7850c5cd-d19e-4eae-bd30-619b760f8bef,AGREEMENT,7850c5cd-d19e-4eae-bd30-619b760f8bef,CREDIT,5000.00,TRY,2026-02,OFF_INVOICE,NKA,2eded86b-ae2a-4097-92fb-f304c79c57e1,8c500433-8582-4c97-8601-76bc5ba191ce,e647e274-0ca6-49be-aa2f-0f6e4b380233,afcf9ffb-9741-42c5-b07b-e03c0de35588,f,4be7b726-6839-4062-8c35-bc00b53cc959,REVERSAL|LEDGER|4be7b726-6839-4062-8c35-bc00b53cc959,Reversal of ledger entry 4be7b726-6839-4062-8c35-bc00b53cc959,3b703dae-2955-40a1-affa-f94478da505f,2026-06-25 12:52:16.497064
da44e926-ed37-4914-afe1-1659111d9fbf,598a895e-5a20-48cc-95bd-a52fe5d4bb65,7850c5cd-d19e-4eae-bd30-619b760f8bef,AGREEMENT,7850c5cd-d19e-4eae-bd30-619b760f8bef,DEBIT,5000.00,TRY,2026-02,OFF_INVOICE,NKA,2eded86b-ae2a-4097-92fb-f304c79c57e1,8c500433-8582-4c97-8601-76bc5ba191ce,e647e274-0ca6-49be-aa2f-0f6e4b380233,afcf9ffb-9741-42c5-b07b-e03c0de35588,t,,LEDGER|AGREEMENT|7850c5cd-d19e-4eae-bd30-619b760f8bef|83b3d092-a422-4130-aea1-d604a5f4e9a6,,3b703dae-2955-40a1-affa-f94478da505f,2026-06-27 13:21:24.781769
b1f01b0e-1005-417d-92fb-72e6cb00cc01,598a895e-5a20-48cc-95bd-a52fe5d4bb65,7850c5cd-d19e-4eae-bd30-619b760f8bef,AGREEMENT,7850c5cd-d19e-4eae-bd30-619b760f8bef,CREDIT,5000.00,TRY,2026-02,OFF_INVOICE,NKA,2eded86b-ae2a-4097-92fb-f304c79c57e1,8c500433-8582-4c97-8601-76bc5ba191ce,e647e274-0ca6-49be-aa2f-0f6e4b380233,afcf9ffb-9741-42c5-b07b-e03c0de35588,f,da44e926-ed37-4914-afe1-1659111d9fbf,REVERSAL|LEDGER|da44e926-ed37-4914-afe1-1659111d9fbf,Reversal of ledger entry da44e926-ed37-4914-afe1-1659111d9fbf,3b703dae-2955-40a1-affa-f94478da505f,2026-06-27 13:21:24.794709
d00f4f8f-7ca0-4a15-85b7-7993c96b62cb,598a895e-5a20-48cc-95bd-a52fe5d4bb65,7850c5cd-d19e-4eae-bd30-619b760f8bef,AGREEMENT,7850c5cd-d19e-4eae-bd30-619b760f8bef,DEBIT,5000.00,TRY,2026-02,OFF_INVOICE,NKA,2eded86b-ae2a-4097-92fb-f304c79c57e1,8c500433-8582-4c97-8601-76bc5ba191ce,e647e274-0ca6-49be-aa2f-0f6e4b380233,afcf9ffb-9741-42c5-b07b-e03c0de35588,t,,LEDGER|AGREEMENT|7850c5cd-d19e-4eae-bd30-619b760f8bef|545eedb2-2f4e-4fe3-8b2b-0be993f64942,,3b703dae-2955-40a1-affa-f94478da505f,2026-06-27 13:21:24.975712
36a920a7-f7b8-4313-9c19-2f3f5a04a822,598a895e-5a20-48cc-95bd-a52fe5d4bb65,7850c5cd-d19e-4eae-bd30-619b760f8bef,AGREEMENT,7850c5cd-d19e-4eae-bd30-619b760f8bef,CREDIT,5000.00,TRY,2026-02,OFF_INVOICE,NKA,2eded86b-ae2a-4097-92fb-f304c79c57e1,8c500433-8582-4c97-8601-76bc5ba191ce,e647e274-0ca6-49be-aa2f-0f6e4b380233,afcf9ffb-9741-42c5-b07b-e03c0de35588,f,d00f4f8f-7ca0-4a15-85b7-7993c96b62cb,REVERSAL|LEDGER|d00f4f8f-7ca0-4a15-85b7-7993c96b62cb,Reversal of ledger entry d00f4f8f-7ca0-4a15-85b7-7993c96b62cb,0e23990b-31a0-4ac2-be89-a46ebc8200d4,2026-06-27 13:21:24.985291
21af1da7-4e72-48a5-a02a-f9aa51c86f8c,598a895e-5a20-48cc-95bd-a52fe5d4bb65,7850c5cd-d19e-4eae-bd30-619b760f8bef,AGREEMENT,7850c5cd-d19e-4eae-bd30-619b760f8bef,DEBIT,5000.00,TRY,2026-02,OFF_INVOICE,NKA,2eded86b-ae2a-4097-92fb-f304c79c57e1,8c500433-8582-4c97-8601-76bc5ba191ce,e647e274-0ca6-49be-aa2f-0f6e4b380233,afcf9ffb-9741-42c5-b07b-e03c0de35588,t,,LEDGER|AGREEMENT|7850c5cd-d19e-4eae-bd30-619b760f8bef|cf914bbd-7043-435f-9545-aea0e65117dc,,3b703dae-2955-40a1-affa-f94478da505f,2026-06-27 13:21:25.029259
c05d0eab-1b5b-438f-9610-f2cdb7c2fccb,598a895e-5a20-48cc-95bd-a52fe5d4bb65,7850c5cd-d19e-4eae-bd30-619b760f8bef,AGREEMENT,7850c5cd-d19e-4eae-bd30-619b760f8bef,CREDIT,5000.00,TRY,2026-02,OFF_INVOICE,NKA,2eded86b-ae2a-4097-92fb-f304c79c57e1,8c500433-8582-4c97-8601-76bc5ba191ce,e647e274-0ca6-49be-aa2f-0f6e4b380233,afcf9ffb-9741-42c5-b07b-e03c0de35588,f,21af1da7-4e72-48a5-a02a-f9aa51c86f8c,REVERSAL|LEDGER|21af1da7-4e72-48a5-a02a-f9aa51c86f8c,Reversal of ledger entry 21af1da7-4e72-48a5-a02a-f9aa51c86f8c,3b703dae-2955-40a1-affa-f94478da505f,2026-06-27 13:21:25.039386
2f36c0b0-95ed-468d-ace3-a650ad3b4a6b,598a895e-5a20-48cc-95bd-a52fe5d4bb65,7850c5cd-d19e-4eae-bd30-619b760f8bef,AGREEMENT,7850c5cd-d19e-4eae-bd30-619b760f8bef,DEBIT,5000.00,TRY,2026-02,OFF_INVOICE,NKA,2eded86b-ae2a-4097-92fb-f304c79c57e1,8c500433-8582-4c97-8601-76bc5ba191ce,e647e274-0ca6-49be-aa2f-0f6e4b380233,afcf9ffb-9741-42c5-b07b-e03c0de35588,t,,LEDGER|AGREEMENT|7850c5cd-d19e-4eae-bd30-619b760f8bef|7fa63d04-6947-46b1-b41f-fa531a259437,,3b703dae-2955-40a1-affa-f94478da505f,2026-06-27 13:21:25.083544
853f98b9-8cb7-4a14-add2-778289bd607e,598a895e-5a20-48cc-95bd-a52fe5d4bb65,7850c5cd-d19e-4eae-bd30-619b760f8bef,AGREEMENT,7850c5cd-d19e-4eae-bd30-619b760f8bef,CREDIT,5000.00,TRY,2026-02,OFF_INVOICE,NKA,2eded86b-ae2a-4097-92fb-f304c79c57e1,8c500433-8582-4c97-8601-76bc5ba191ce,e647e274-0ca6-49be-aa2f-0f6e4b380233,afcf9ffb-9741-42c5-b07b-e03c0de35588,f,2f36c0b0-95ed-468d-ace3-a650ad3b4a6b,REVERSAL|LEDGER|2f36c0b0-95ed-468d-ace3-a650ad3b4a6b,Reversal of ledger entry 2f36c0b0-95ed-468d-ace3-a650ad3b4a6b,3b703dae-2955-40a1-affa-f94478da505f,2026-06-27 13:21:25.103132
b06e0542-a2aa-470c-8946-769d0b8e230a,598a895e-5a20-48cc-95bd-a52fe5d4bb65,7850c5cd-d19e-4eae-bd30-619b760f8bef,AGREEMENT,7850c5cd-d19e-4eae-bd30-619b760f8bef,DEBIT,5000.00,TRY,2026-02,OFF_INVOICE,NKA,2eded86b-ae2a-4097-92fb-f304c79c57e1,8c500433-8582-4c97-8601-76bc5ba191ce,e647e274-0ca6-49be-aa2f-0f6e4b380233,afcf9ffb-9741-42c5-b07b-e03c0de35588,t,,LEDGER|AGREEMENT|7850c5cd-d19e-4eae-bd30-619b760f8bef|30e0249b-b471-4bd7-a9f0-c0d8c951baa2,,3b703dae-2955-40a1-affa-f94478da505f,2026-07-27 15:03:57.832622
376d465c-1b3a-4a69-9ebc-77baa7c2df2f,598a895e-5a20-48cc-95bd-a52fe5d4bb65,7850c5cd-d19e-4eae-bd30-619b760f8bef,AGREEMENT,7850c5cd-d19e-4eae-bd30-619b760f8bef,CREDIT,5000.00,TRY,2026-02,OFF_INVOICE,NKA,2eded86b-ae2a-4097-92fb-f304c79c57e1,8c500433-8582-4c97-8601-76bc5ba191ce,e647e274-0ca6-49be-aa2f-0f6e4b380233,afcf9ffb-9741-42c5-b07b-e03c0de35588,f,b06e0542-a2aa-470c-8946-769d0b8e230a,REVERSAL|LEDGER|b06e0542-a2aa-470c-8946-769d0b8e230a,Reversal of ledger entry b06e0542-a2aa-470c-8946-769d0b8e230a,3b703dae-2955-40a1-affa-f94478da505f,2026-07-27 15:03:57.842903
3082d0eb-53f4-43d1-b5a1-8c11d0572285,598a895e-5a20-48cc-95bd-a52fe5d4bb65,7850c5cd-d19e-4eae-bd30-619b760f8bef,AGREEMENT,7850c5cd-d19e-4eae-bd30-619b760f8bef,DEBIT,5000.00,TRY,2026-02,OFF_INVOICE,NKA,2eded86b-ae2a-4097-92fb-f304c79c57e1,8c500433-8582-4c97-8601-76bc5ba191ce,e647e274-0ca6-49be-aa2f-0f6e4b380233,afcf9ffb-9741-42c5-b07b-e03c0de35588,t,,LEDGER|AGREEMENT|7850c5cd-d19e-4eae-bd30-619b760f8bef|e9190cd6-6de5-4903-a02e-75c8025ac697,,3b703dae-2955-40a1-affa-f94478da505f,2026-07-27 15:03:57.946519
c373f193-f5ea-40d0-a6ad-43e4ff7d480e,598a895e-5a20-48cc-95bd-a52fe5d4bb65,7850c5cd-d19e-4eae-bd30-619b760f8bef,AGREEMENT,7850c5cd-d19e-4eae-bd30-619b760f8bef,CREDIT,5000.00,TRY,2026-02,OFF_INVOICE,NKA,2eded86b-ae2a-4097-92fb-f304c79c57e1,8c500433-8582-4c97-8601-76bc5ba191ce,e647e274-0ca6-49be-aa2f-0f6e4b380233,afcf9ffb-9741-42c5-b07b-e03c0de35588,f,3082d0eb-53f4-43d1-b5a1-8c11d0572285,REVERSAL|LEDGER|3082d0eb-53f4-43d1-b5a1-8c11d0572285,Reversal of ledger entry 3082d0eb-53f4-43d1-b5a1-8c11d0572285,0e23990b-31a0-4ac2-be89-a46ebc8200d4,2026-07-27 15:03:57.951165
79bf29e5-9bfd-472c-a385-a61073f8e3dd,598a895e-5a20-48cc-95bd-a52fe5d4bb65,7850c5cd-d19e-4eae-bd30-619b760f8bef,AGREEMENT,7850c5cd-d19e-4eae-bd30-619b760f8bef,DEBIT,5000.00,TRY,2026-02,OFF_INVOICE,NKA,2eded86b-ae2a-4097-92fb-f304c79c57e1,8c500433-8582-4c97-8601-76bc5ba191ce,e647e274-0ca6-49be-aa2f-0f6e4b380233,afcf9ffb-9741-42c5-b07b-e03c0de35588,t,,LEDGER|AGREEMENT|7850c5cd-d19e-4eae-bd30-619b760f8bef|f50a3066-ff71-4f31-b813-b2fcee5bf801,,3b703dae-2955-40a1-affa-f94478da505f,2026-07-27 15:03:57.971558
cdfbc1ac-7560-4b0f-a684-62eefc72cb54,598a895e-5a20-48cc-95bd-a52fe5d4bb65,7850c5cd-d19e-4eae-bd30-619b760f8bef,AGREEMENT,7850c5cd-d19e-4eae-bd30-619b760f8bef,CREDIT,5000.00,TRY,2026-02,OFF_INVOICE,NKA,2eded86b-ae2a-4097-92fb-f304c79c57e1,8c500433-8582-4c97-8601-76bc5ba191ce,e647e274-0ca6-49be-aa2f-0f6e4b380233,afcf9ffb-9741-42c5-b07b-e03c0de35588,f,79bf29e5-9bfd-472c-a385-a61073f8e3dd,REVERSAL|LEDGER|79bf29e5-9bfd-472c-a385-a61073f8e3dd,Reversal of ledger entry 79bf29e5-9bfd-472c-a385-a61073f8e3dd,3b703dae-2955-40a1-affa-f94478da505f,2026-07-27 15:03:57.97464
06b873a0-a946-48a6-ba61-693031d4eeff,598a895e-5a20-48cc-95bd-a52fe5d4bb65,7850c5cd-d19e-4eae-bd30-619b760f8bef,AGREEMENT,7850c5cd-d19e-4eae-bd30-619b760f8bef,DEBIT,5000.00,TRY,2026-02,OFF_INVOICE,NKA,2eded86b-ae2a-4097-92fb-f304c79c57e1,8c500433-8582-4c97-8601-76bc5ba191ce,e647e274-0ca6-49be-aa2f-0f6e4b380233,afcf9ffb-9741-42c5-b07b-e03c0de35588,t,,LEDGER|AGREEMENT|7850c5cd-d19e-4eae-bd30-619b760f8bef|ae08f4c1-45a8-40c4-9525-f3aedc76e59a,,3b703dae-2955-40a1-affa-f94478da505f,2026-07-27 15:03:57.999299
b03fe231-5183-42c4-867a-f2081007de6e,598a895e-5a20-48cc-95bd-a52fe5d4bb65,7850c5cd-d19e-4eae-bd30-619b760f8bef,AGREEMENT,7850c5cd-d19e-4eae-bd30-619b760f8bef,CREDIT,5000.00,TRY,2026-02,OFF_INVOICE,NKA,2eded86b-ae2a-4097-92fb-f304c79c57e1,8c500433-8582-4c97-8601-76bc5ba191ce,e647e274-0ca6-49be-aa2f-0f6e4b380233,afcf9ffb-9741-42c5-b07b-e03c0de35588,f,06b873a0-a946-48a6-ba61-693031d4eeff,REVERSAL|LEDGER|06b873a0-a946-48a6-ba61-693031d4eeff,Reversal of ledger entry 06b873a0-a946-48a6-ba61-693031d4eeff,3b703dae-2955-40a1-affa-f94478da505f,2026-07-27 15:03:58.004311
e2298d3f-cc4e-4ed5-841d-a9d664d929fe,598a895e-5a20-48cc-95bd-a52fe5d4bb65,7850c5cd-d19e-4eae-bd30-619b760f8bef,AGREEMENT,7850c5cd-d19e-4eae-bd30-619b760f8bef,DEBIT,5000.00,TRY,2026-02,OFF_INVOICE,NKA,2eded86b-ae2a-4097-92fb-f304c79c57e1,8c500433-8582-4c97-8601-76bc5ba191ce,e647e274-0ca6-49be-aa2f-0f6e4b380233,afcf9ffb-9741-42c5-b07b-e03c0de35588,t,,LEDGER|AGREEMENT|7850c5cd-d19e-4eae-bd30-619b760f8bef|4f31f3a9-beb0-4b47-ad2a-7c0d6a98c9a6,,3b703dae-2955-40a1-affa-f94478da505f,2026-07-27 15:47:24.412771
1c4b9646-f1af-4e00-a835-d3850bddc7fd,598a895e-5a20-48cc-95bd-a52fe5d4bb65,7850c5cd-d19e-4eae-bd30-619b760f8bef,AGREEMENT,7850c5cd-d19e-4eae-bd30-619b760f8bef,CREDIT,5000.00,TRY,2026-02,OFF_INVOICE,NKA,2eded86b-ae2a-4097-92fb-f304c79c57e1,8c500433-8582-4c97-8601-76bc5ba191ce,e647e274-0ca6-49be-aa2f-0f6e4b380233,afcf9ffb-9741-42c5-b07b-e03c0de35588,f,e2298d3f-cc4e-4ed5-841d-a9d664d929fe,REVERSAL|LEDGER|e2298d3f-cc4e-4ed5-841d-a9d664d929fe,Reversal of ledger entry e2298d3f-cc4e-4ed5-841d-a9d664d929fe,3b703dae-2955-40a1-affa-f94478da505f,2026-07-27 15:47:24.424602
d55b8dad-add9-4fb4-b405-a4f1fb009b57,598a895e-5a20-48cc-95bd-a52fe5d4bb65,7850c5cd-d19e-4eae-bd30-619b760f8bef,AGREEMENT,7850c5cd-d19e-4eae-bd30-619b760f8bef,DEBIT,5000.00,TRY,2026-02,OFF_INVOICE,NKA,2eded86b-ae2a-4097-92fb-f304c79c57e1,8c500433-8582-4c97-8601-76bc5ba191ce,e647e274-0ca6-49be-aa2f-0f6e4b380233,afcf9ffb-9741-42c5-b07b-e03c0de35588,t,,LEDGER|AGREEMENT|7850c5cd-d19e-4eae-bd30-619b760f8bef|b4e3cb83-25f3-4f67-bac9-55fd9c3ba046,,3b703dae-2955-40a1-affa-f94478da505f,2026-07-27 15:47:24.539775
c4ebf6bc-51a1-4646-b42e-384757f8bd6e,598a895e-5a20-48cc-95bd-a52fe5d4bb65,7850c5cd-d19e-4eae-bd30-619b760f8bef,AGREEMENT,7850c5cd-d19e-4eae-bd30-619b760f8bef,CREDIT,5000.00,TRY,2026-02,OFF_INVOICE,NKA,2eded86b-ae2a-4097-92fb-f304c79c57e1,8c500433-8582-4c97-8601-76bc5ba191ce,e647e274-0ca6-49be-aa2f-0f6e4b380233,afcf9ffb-9741-42c5-b07b-e03c0de35588,f,d55b8dad-add9-4fb4-b405-a4f1fb009b57,REVERSAL|LEDGER|d55b8dad-add9-4fb4-b405-a4f1fb009b57,Reversal of ledger entry d55b8dad-add9-4fb4-b405-a4f1fb009b57,0e23990b-31a0-4ac2-be89-a46ebc8200d4,2026-07-27 15:47:24.54409
b070b8a7-d4f6-42ee-b7e5-1a4558522a5a,598a895e-5a20-48cc-95bd-a52fe5d4bb65,7850c5cd-d19e-4eae-bd30-619b760f8bef,AGREEMENT,7850c5cd-d19e-4eae-bd30-619b760f8bef,DEBIT,5000.00,TRY,2026-02,OFF_INVOICE,NKA,2eded86b-ae2a-4097-92fb-f304c79c57e1,8c500433-8582-4c97-8601-76bc5ba191ce,e647e274-0ca6-49be-aa2f-0f6e4b380233,afcf9ffb-9741-42c5-b07b-e03c0de35588,t,,LEDGER|AGREEMENT|7850c5cd-d19e-4eae-bd30-619b760f8bef|6c4d3c80-170a-4000-a74f-11a8feda13d8,,3b703dae-2955-40a1-affa-f94478da505f,2026-07-27 15:47:24.565884
43db2f6e-b3ee-4152-9b4e-89bf3c5cd39b,598a895e-5a20-48cc-95bd-a52fe5d4bb65,7850c5cd-d19e-4eae-bd30-619b760f8bef,AGREEMENT,7850c5cd-d19e-4eae-bd30-619b760f8bef,CREDIT,5000.00,TRY,2026-02,OFF_INVOICE,NKA,2eded86b-ae2a-4097-92fb-f304c79c57e1,8c500433-8582-4c97-8601-76bc5ba191ce,e647e274-0ca6-49be-aa2f-0f6e4b380233,afcf9ffb-9741-42c5-b07b-e03c0de35588,f,b070b8a7-d4f6-42ee-b7e5-1a4558522a5a,REVERSAL|LEDGER|b070b8a7-d4f6-42ee-b7e5-1a4558522a5a,Reversal of ledger entry b070b8a7-d4f6-42ee-b7e5-1a4558522a5a,3b703dae-2955-40a1-affa-f94478da505f,2026-07-27 15:47:24.569666
e0ef1822-f5db-42ad-90e4-56f28c278acf,598a895e-5a20-48cc-95bd-a52fe5d4bb65,7850c5cd-d19e-4eae-bd30-619b760f8bef,AGREEMENT,7850c5cd-d19e-4eae-bd30-619b760f8bef,DEBIT,5000.00,TRY,2026-02,OFF_INVOICE,NKA,2eded86b-ae2a-4097-92fb-f304c79c57e1,8c500433-8582-4c97-8601-76bc5ba191ce,e647e274-0ca6-49be-aa2f-0f6e4b380233,afcf9ffb-9741-42c5-b07b-e03c0de35588,t,,LEDGER|AGREEMENT|7850c5cd-d19e-4eae-bd30-619b760f8bef|1a9ce5ec-e2ef-4579-bd7e-438fa4918f31,,3b703dae-2955-40a1-affa-f94478da505f,2026-07-27 15:47:24.594087
b1de5e01-a5b4-4673-834d-2865190d8095,598a895e-5a20-48cc-95bd-a52fe5d4bb65,7850c5cd-d19e-4eae-bd30-619b760f8bef,AGREEMENT,7850c5cd-d19e-4eae-bd30-619b760f8bef,CREDIT,5000.00,TRY,2026-02,OFF_INVOICE,NKA,2eded86b-ae2a-4097-92fb-f304c79c57e1,8c500433-8582-4c97-8601-76bc5ba191ce,e647e274-0ca6-49be-aa2f-0f6e4b380233,afcf9ffb-9741-42c5-b07b-e03c0de35588,f,e0ef1822-f5db-42ad-90e4-56f28c278acf,REVERSAL|LEDGER|e0ef1822-f5db-42ad-90e4-56f28c278acf,Reversal of ledger entry e0ef1822-f5db-42ad-90e4-56f28c278acf,3b703dae-2955-40a1-affa-f94478da505f,2026-07-27 15:47:24.600545
f38ea642-7234-49d1-bfff-6d8953c2d6ee,598a895e-5a20-48cc-95bd-a52fe5d4bb65,7850c5cd-d19e-4eae-bd30-619b760f8bef,AGREEMENT,7850c5cd-d19e-4eae-bd30-619b760f8bef,DEBIT,5000.00,TRY,2026-02,OFF_INVOICE,NKA,2eded86b-ae2a-4097-92fb-f304c79c57e1,8c500433-8582-4c97-8601-76bc5ba191ce,e647e274-0ca6-49be-aa2f-0f6e4b380233,afcf9ffb-9741-42c5-b07b-e03c0de35588,t,,LEDGER|AGREEMENT|7850c5cd-d19e-4eae-bd30-619b760f8bef|8bc126e8-119f-4beb-b07c-f8e66b8851e0,,3b703dae-2955-40a1-affa-f94478da505f,2026-07-27 15:49:25.903528
ca3a44c6-e9e2-4a1b-973d-d41c283128e0,598a895e-5a20-48cc-95bd-a52fe5d4bb65,7850c5cd-d19e-4eae-bd30-619b760f8bef,AGREEMENT,7850c5cd-d19e-4eae-bd30-619b760f8bef,CREDIT,5000.00,TRY,2026-02,OFF_INVOICE,NKA,2eded86b-ae2a-4097-92fb-f304c79c57e1,8c500433-8582-4c97-8601-76bc5ba191ce,e647e274-0ca6-49be-aa2f-0f6e4b380233,afcf9ffb-9741-42c5-b07b-e03c0de35588,f,f38ea642-7234-49d1-bfff-6d8953c2d6ee,REVERSAL|LEDGER|f38ea642-7234-49d1-bfff-6d8953c2d6ee,Reversal of ledger entry f38ea642-7234-49d1-bfff-6d8953c2d6ee,3b703dae-2955-40a1-affa-f94478da505f,2026-07-27 15:49:25.909846
d9f93e2c-2d6f-4748-982d-749689f2c0d9,598a895e-5a20-48cc-95bd-a52fe5d4bb65,7850c5cd-d19e-4eae-bd30-619b760f8bef,AGREEMENT,7850c5cd-d19e-4eae-bd30-619b760f8bef,DEBIT,5000.00,TRY,2026-02,OFF_INVOICE,NKA,2eded86b-ae2a-4097-92fb-f304c79c57e1,8c500433-8582-4c97-8601-76bc5ba191ce,e647e274-0ca6-49be-aa2f-0f6e4b380233,afcf9ffb-9741-42c5-b07b-e03c0de35588,t,,LEDGER|AGREEMENT|7850c5cd-d19e-4eae-bd30-619b760f8bef|8abc644a-e1b9-42a1-a94e-8435c492f555,,3b703dae-2955-40a1-affa-f94478da505f,2026-07-27 15:49:26.020195
063c1c21-a332-4770-b123-a3498fc6c3c1,598a895e-5a20-48cc-95bd-a52fe5d4bb65,7850c5cd-d19e-4eae-bd30-619b760f8bef,AGREEMENT,7850c5cd-d19e-4eae-bd30-619b760f8bef,CREDIT,5000.00,TRY,2026-02,OFF_INVOICE,NKA,2eded86b-ae2a-4097-92fb-f304c79c57e1,8c500433-8582-4c97-8601-76bc5ba191ce,e647e274-0ca6-49be-aa2f-0f6e4b380233,afcf9ffb-9741-42c5-b07b-e03c0de35588,f,d9f93e2c-2d6f-4748-982d-749689f2c0d9,REVERSAL|LEDGER|d9f93e2c-2d6f-4748-982d-749689f2c0d9,Reversal of ledger entry d9f93e2c-2d6f-4748-982d-749689f2c0d9,0e23990b-31a0-4ac2-be89-a46ebc8200d4,2026-07-27 15:49:26.024498
73a4760c-8f3f-4da6-ba67-6f9c3c7f922f,598a895e-5a20-48cc-95bd-a52fe5d4bb65,7850c5cd-d19e-4eae-bd30-619b760f8bef,AGREEMENT,7850c5cd-d19e-4eae-bd30-619b760f8bef,DEBIT,5000.00,TRY,2026-02,OFF_INVOICE,NKA,2eded86b-ae2a-4097-92fb-f304c79c57e1,8c500433-8582-4c97-8601-76bc5ba191ce,e647e274-0ca6-49be-aa2f-0f6e4b380233,afcf9ffb-9741-42c5-b07b-e03c0de35588,t,,LEDGER|AGREEMENT|7850c5cd-d19e-4eae-bd30-619b760f8bef|3c4f24e7-fc47-41f8-b8d9-3ea7316c7939,,3b703dae-2955-40a1-affa-f94478da505f,2026-07-27 15:49:26.045673
936f6bd3-337e-47e5-9c9f-64c7dd7e9ec2,598a895e-5a20-48cc-95bd-a52fe5d4bb65,7850c5cd-d19e-4eae-bd30-619b760f8bef,AGREEMENT,7850c5cd-d19e-4eae-bd30-619b760f8bef,CREDIT,5000.00,TRY,2026-02,OFF_INVOICE,NKA,2eded86b-ae2a-4097-92fb-f304c79c57e1,8c500433-8582-4c97-8601-76bc5ba191ce,e647e274-0ca6-49be-aa2f-0f6e4b380233,afcf9ffb-9741-42c5-b07b-e03c0de35588,f,73a4760c-8f3f-4da6-ba67-6f9c3c7f922f,REVERSAL|LEDGER|73a4760c-8f3f-4da6-ba67-6f9c3c7f922f,Reversal of ledger entry 73a4760c-8f3f-4da6-ba67-6f9c3c7f922f,3b703dae-2955-40a1-affa-f94478da505f,2026-07-27 15:49:26.048351
50475f3c-36d1-436a-90b8-79e69968406b,598a895e-5a20-48cc-95bd-a52fe5d4bb65,7850c5cd-d19e-4eae-bd30-619b760f8bef,AGREEMENT,7850c5cd-d19e-4eae-bd30-619b760f8bef,DEBIT,5000.00,TRY,2026-02,OFF_INVOICE,NKA,2eded86b-ae2a-4097-92fb-f304c79c57e1,8c500433-8582-4c97-8601-76bc5ba191ce,e647e274-0ca6-49be-aa2f-0f6e4b380233,afcf9ffb-9741-42c5-b07b-e03c0de35588,t,,LEDGER|AGREEMENT|7850c5cd-d19e-4eae-bd30-619b760f8bef|3730632f-43c8-421b-946c-457eb29be315,,3b703dae-2955-40a1-affa-f94478da505f,2026-07-27 15:49:26.08833
e0b87f15-09da-4e57-b825-2dd27d2eeb01,598a895e-5a20-48cc-95bd-a52fe5d4bb65,7850c5cd-d19e-4eae-bd30-619b760f8bef,AGREEMENT,7850c5cd-d19e-4eae-bd30-619b760f8bef,CREDIT,5000.00,TRY,2026-02,OFF_INVOICE,NKA,2eded86b-ae2a-4097-92fb-f304c79c57e1,8c500433-8582-4c97-8601-76bc5ba191ce,e647e274-0ca6-49be-aa2f-0f6e4b380233,afcf9ffb-9741-42c5-b07b-e03c0de35588,f,50475f3c-36d1-436a-90b8-79e69968406b,REVERSAL|LEDGER|50475f3c-36d1-436a-90b8-79e69968406b,Reversal of ledger entry 50475f3c-36d1-436a-90b8-79e69968406b,3b703dae-2955-40a1-affa-f94478da505f,2026-07-27 15:49:26.09507
6fd72543-b7eb-4572-a209-44cad8404a5c,598a895e-5a20-48cc-95bd-a52fe5d4bb65,7850c5cd-d19e-4eae-bd30-619b760f8bef,AGREEMENT,7850c5cd-d19e-4eae-bd30-619b760f8bef,DEBIT,5000.00,TRY,2026-02,OFF_INVOICE,NKA,2eded86b-ae2a-4097-92fb-f304c79c57e1,8c500433-8582-4c97-8601-76bc5ba191ce,e647e274-0ca6-49be-aa2f-0f6e4b380233,afcf9ffb-9741-42c5-b07b-e03c0de35588,t,,LEDGER|AGREEMENT|7850c5cd-d19e-4eae-bd30-619b760f8bef|fdb7dd76-bb37-4c66-8a17-2a0b99f9912b,,3b703dae-2955-40a1-affa-f94478da505f,2026-07-27 15:51:13.544988
87d1dce8-91b6-4d12-81ea-b4820dd2510e,598a895e-5a20-48cc-95bd-a52fe5d4bb65,7850c5cd-d19e-4eae-bd30-619b760f8bef,AGREEMENT,7850c5cd-d19e-4eae-bd30-619b760f8bef,CREDIT,5000.00,TRY,2026-02,OFF_INVOICE,NKA,2eded86b-ae2a-4097-92fb-f304c79c57e1,8c500433-8582-4c97-8601-76bc5ba191ce,e647e274-0ca6-49be-aa2f-0f6e4b380233,afcf9ffb-9741-42c5-b07b-e03c0de35588,f,6fd72543-b7eb-4572-a209-44cad8404a5c,REVERSAL|LEDGER|6fd72543-b7eb-4572-a209-44cad8404a5c,Reversal of ledger entry 6fd72543-b7eb-4572-a209-44cad8404a5c,3b703dae-2955-40a1-affa-f94478da505f,2026-07-27 15:51:13.581149
6c547eb0-ac70-4e98-aecf-88b6d8ab823f,598a895e-5a20-48cc-95bd-a52fe5d4bb65,7850c5cd-d19e-4eae-bd30-619b760f8bef,AGREEMENT,7850c5cd-d19e-4eae-bd30-619b760f8bef,DEBIT,5000.00,TRY,2026-02,OFF_INVOICE,NKA,2eded86b-ae2a-4097-92fb-f304c79c57e1,8c500433-8582-4c97-8601-76bc5ba191ce,e647e274-0ca6-49be-aa2f-0f6e4b380233,afcf9ffb-9741-42c5-b07b-e03c0de35588,t,,LEDGER|AGREEMENT|7850c5cd-d19e-4eae-bd30-619b760f8bef|0b62a562-162f-47a2-9757-c5c413c81e64,,3b703dae-2955-40a1-affa-f94478da505f,2026-07-27 15:51:13.81001
9f12ac81-ae72-46f8-8e30-fca8004d97d8,598a895e-5a20-48cc-95bd-a52fe5d4bb65,7850c5cd-d19e-4eae-bd30-619b760f8bef,AGREEMENT,7850c5cd-d19e-4eae-bd30-619b760f8bef,CREDIT,5000.00,TRY,2026-02,OFF_INVOICE,NKA,2eded86b-ae2a-4097-92fb-f304c79c57e1,8c500433-8582-4c97-8601-76bc5ba191ce,e647e274-0ca6-49be-aa2f-0f6e4b380233,afcf9ffb-9741-42c5-b07b-e03c0de35588,f,6c547eb0-ac70-4e98-aecf-88b6d8ab823f,REVERSAL|LEDGER|6c547eb0-ac70-4e98-aecf-88b6d8ab823f,Reversal of ledger entry 6c547eb0-ac70-4e98-aecf-88b6d8ab823f,0e23990b-31a0-4ac2-be89-a46ebc8200d4,2026-07-27 15:51:13.821767
4769412f-d8cf-437d-9895-e9561d80873d,598a895e-5a20-48cc-95bd-a52fe5d4bb65,7850c5cd-d19e-4eae-bd30-619b760f8bef,AGREEMENT,7850c5cd-d19e-4eae-bd30-619b760f8bef,DEBIT,5000.00,TRY,2026-02,OFF_INVOICE,NKA,2eded86b-ae2a-4097-92fb-f304c79c57e1,8c500433-8582-4c97-8601-76bc5ba191ce,e647e274-0ca6-49be-aa2f-0f6e4b380233,afcf9ffb-9741-42c5-b07b-e03c0de35588,t,,LEDGER|AGREEMENT|7850c5cd-d19e-4eae-bd30-619b760f8bef|4d009e3e-6f59-4242-9b9d-eb12a2d90e93,,3b703dae-2955-40a1-affa-f94478da505f,2026-07-27 15:51:13.896279
c78d71bd-c027-4dce-bd6d-3e2ecfee0dc8,598a895e-5a20-48cc-95bd-a52fe5d4bb65,7850c5cd-d19e-4eae-bd30-619b760f8bef,AGREEMENT,7850c5cd-d19e-4eae-bd30-619b760f8bef,CREDIT,5000.00,TRY,2026-02,OFF_INVOICE,NKA,2eded86b-ae2a-4097-92fb-f304c79c57e1,8c500433-8582-4c97-8601-76bc5ba191ce,e647e274-0ca6-49be-aa2f-0f6e4b380233,afcf9ffb-9741-42c5-b07b-e03c0de35588,f,4769412f-d8cf-437d-9895-e9561d80873d,REVERSAL|LEDGER|4769412f-d8cf-437d-9895-e9561d80873d,Reversal of ledger entry 4769412f-d8cf-437d-9895-e9561d80873d,3b703dae-2955-40a1-affa-f94478da505f,2026-07-27 15:51:13.900389
9dedde5b-057b-4189-802a-6d2048c780a9,598a895e-5a20-48cc-95bd-a52fe5d4bb65,7850c5cd-d19e-4eae-bd30-619b760f8bef,AGREEMENT,7850c5cd-d19e-4eae-bd30-619b760f8bef,DEBIT,5000.00,TRY,2026-02,OFF_INVOICE,NKA,2eded86b-ae2a-4097-92fb-f304c79c57e1,8c500433-8582-4c97-8601-76bc5ba191ce,e647e274-0ca6-49be-aa2f-0f6e4b380233,afcf9ffb-9741-42c5-b07b-e03c0de35588,t,,LEDGER|AGREEMENT|7850c5cd-d19e-4eae-bd30-619b760f8bef|8f7d6f13-a7bc-48c8-ba26-857e1decbe39,,3b703dae-2955-40a1-affa-f94478da505f,2026-07-27 15:51:13.967967
afcd4afc-5bd5-4d6b-9a7c-57c024cdce4e,598a895e-5a20-48cc-95bd-a52fe5d4bb65,7850c5cd-d19e-4eae-bd30-619b760f8bef,AGREEMENT,7850c5cd-d19e-4eae-bd30-619b760f8bef,CREDIT,5000.00,TRY,2026-02,OFF_INVOICE,NKA,2eded86b-ae2a-4097-92fb-f304c79c57e1,8c500433-8582-4c97-8601-76bc5ba191ce,e647e274-0ca6-49be-aa2f-0f6e4b380233,afcf9ffb-9741-42c5-b07b-e03c0de35588,f,9dedde5b-057b-4189-802a-6d2048c780a9,REVERSAL|LEDGER|9dedde5b-057b-4189-802a-6d2048c780a9,Reversal of ledger entry 9dedde5b-057b-4189-802a-6d2048c780a9,3b703dae-2955-40a1-affa-f94478da505f,2026-07-27 15:51:13.983835
3f612e75-1a2d-4b1f-8756-5ae0e12cf70d,598a895e-5a20-48cc-95bd-a52fe5d4bb65,7850c5cd-d19e-4eae-bd30-619b760f8bef,AGREEMENT,7850c5cd-d19e-4eae-bd30-619b760f8bef,DEBIT,5000.00,TRY,2026-02,OFF_INVOICE,NKA,2eded86b-ae2a-4097-92fb-f304c79c57e1,8c500433-8582-4c97-8601-76bc5ba191ce,e647e274-0ca6-49be-aa2f-0f6e4b380233,afcf9ffb-9741-42c5-b07b-e03c0de35588,t,,LEDGER|AGREEMENT|7850c5cd-d19e-4eae-bd30-619b760f8bef|ffe9bac7-04e5-4bed-84bd-49734f3eceaf,,3b703dae-2955-40a1-affa-f94478da505f,2026-07-27 15:53:37.157013
255c948c-92bf-46bd-8b34-2787b851471d,598a895e-5a20-48cc-95bd-a52fe5d4bb65,7850c5cd-d19e-4eae-bd30-619b760f8bef,AGREEMENT,7850c5cd-d19e-4eae-bd30-619b760f8bef,CREDIT,5000.00,TRY,2026-02,OFF_INVOICE,NKA,2eded86b-ae2a-4097-92fb-f304c79c57e1,8c500433-8582-4c97-8601-76bc5ba191ce,e647e274-0ca6-49be-aa2f-0f6e4b380233,afcf9ffb-9741-42c5-b07b-e03c0de35588,f,3f612e75-1a2d-4b1f-8756-5ae0e12cf70d,REVERSAL|LEDGER|3f612e75-1a2d-4b1f-8756-5ae0e12cf70d,Reversal of ledger entry 3f612e75-1a2d-4b1f-8756-5ae0e12cf70d,3b703dae-2955-40a1-affa-f94478da505f,2026-07-27 15:53:37.16189
0bdbf455-ce9d-4470-9668-57f5c17cbc9f,598a895e-5a20-48cc-95bd-a52fe5d4bb65,7850c5cd-d19e-4eae-bd30-619b760f8bef,AGREEMENT,7850c5cd-d19e-4eae-bd30-619b760f8bef,DEBIT,5000.00,TRY,2026-02,OFF_INVOICE,NKA,2eded86b-ae2a-4097-92fb-f304c79c57e1,8c500433-8582-4c97-8601-76bc5ba191ce,e647e274-0ca6-49be-aa2f-0f6e4b380233,afcf9ffb-9741-42c5-b07b-e03c0de35588,t,,LEDGER|AGREEMENT|7850c5cd-d19e-4eae-bd30-619b760f8bef|af7ac9a1-68c0-422e-b83b-d818fa436b7b,,3b703dae-2955-40a1-affa-f94478da505f,2026-07-27 15:53:37.28942
2d7543f7-c28f-423b-a67a-4dd1f4a4ea42,598a895e-5a20-48cc-95bd-a52fe5d4bb65,7850c5cd-d19e-4eae-bd30-619b760f8bef,AGREEMENT,7850c5cd-d19e-4eae-bd30-619b760f8bef,CREDIT,5000.00,TRY,2026-02,OFF_INVOICE,NKA,2eded86b-ae2a-4097-92fb-f304c79c57e1,8c500433-8582-4c97-8601-76bc5ba191ce,e647e274-0ca6-49be-aa2f-0f6e4b380233,afcf9ffb-9741-42c5-b07b-e03c0de35588,f,0bdbf455-ce9d-4470-9668-57f5c17cbc9f,REVERSAL|LEDGER|0bdbf455-ce9d-4470-9668-57f5c17cbc9f,Reversal of ledger entry 0bdbf455-ce9d-4470-9668-57f5c17cbc9f,0e23990b-31a0-4ac2-be89-a46ebc8200d4,2026-07-27 15:53:37.293599
002cbae4-88b2-4014-9657-a0504c303399,598a895e-5a20-48cc-95bd-a52fe5d4bb65,7850c5cd-d19e-4eae-bd30-619b760f8bef,AGREEMENT,7850c5cd-d19e-4eae-bd30-619b760f8bef,DEBIT,5000.00,TRY,2026-02,OFF_INVOICE,NKA,2eded86b-ae2a-4097-92fb-f304c79c57e1,8c500433-8582-4c97-8601-76bc5ba191ce,e647e274-0ca6-49be-aa2f-0f6e4b380233,afcf9ffb-9741-42c5-b07b-e03c0de35588,t,,LEDGER|AGREEMENT|7850c5cd-d19e-4eae-bd30-619b760f8bef|8cac4605-0ddb-4ef4-b8a9-05a8fbfb0e89,,3b703dae-2955-40a1-affa-f94478da505f,2026-07-27 15:53:37.313681
4726eb20-0d93-48f2-9104-bbc30e45f969,598a895e-5a20-48cc-95bd-a52fe5d4bb65,7850c5cd-d19e-4eae-bd30-619b760f8bef,AGREEMENT,7850c5cd-d19e-4eae-bd30-619b760f8bef,CREDIT,5000.00,TRY,2026-02,OFF_INVOICE,NKA,2eded86b-ae2a-4097-92fb-f304c79c57e1,8c500433-8582-4c97-8601-76bc5ba191ce,e647e274-0ca6-49be-aa2f-0f6e4b380233,afcf9ffb-9741-42c5-b07b-e03c0de35588,f,002cbae4-88b2-4014-9657-a0504c303399,REVERSAL|LEDGER|002cbae4-88b2-4014-9657-a0504c303399,Reversal of ledger entry 002cbae4-88b2-4014-9657-a0504c303399,3b703dae-2955-40a1-affa-f94478da505f,2026-07-27 15:53:37.317145
10259569-c33e-4bd0-93ce-79dfc94df094,598a895e-5a20-48cc-95bd-a52fe5d4bb65,7850c5cd-d19e-4eae-bd30-619b760f8bef,AGREEMENT,7850c5cd-d19e-4eae-bd30-619b760f8bef,DEBIT,5000.00,TRY,2026-02,OFF_INVOICE,NKA,2eded86b-ae2a-4097-92fb-f304c79c57e1,8c500433-8582-4c97-8601-76bc5ba191ce,e647e274-0ca6-49be-aa2f-0f6e4b380233,afcf9ffb-9741-42c5-b07b-e03c0de35588,t,,LEDGER|AGREEMENT|7850c5cd-d19e-4eae-bd30-619b760f8bef|a409ba6d-6298-44e6-9b8a-ad330ddcaa3c,,3b703dae-2955-40a1-affa-f94478da505f,2026-07-27 15:53:37.365636
d18be806-d4c4-4221-abcb-31a99f2a395d,598a895e-5a20-48cc-95bd-a52fe5d4bb65,7850c5cd-d19e-4eae-bd30-619b760f8bef,AGREEMENT,7850c5cd-d19e-4eae-bd30-619b760f8bef,CREDIT,5000.00,TRY,2026-02,OFF_INVOICE,NKA,2eded86b-ae2a-4097-92fb-f304c79c57e1,8c500433-8582-4c97-8601-76bc5ba191ce,e647e274-0ca6-49be-aa2f-0f6e4b380233,afcf9ffb-9741-42c5-b07b-e03c0de35588,f,10259569-c33e-4bd0-93ce-79dfc94df094,REVERSAL|LEDGER|10259569-c33e-4bd0-93ce-79dfc94df094,Reversal of ledger entry 10259569-c33e-4bd0-93ce-79dfc94df094,3b703dae-2955-40a1-affa-f94478da505f,2026-07-27 15:53:37.373272
d23b88a7-4b17-4ee3-b2dd-562f3a5e0ed9,598a895e-5a20-48cc-95bd-a52fe5d4bb65,7850c5cd-d19e-4eae-bd30-619b760f8bef,AGREEMENT,7850c5cd-d19e-4eae-bd30-619b760f8bef,DEBIT,5000.00,TRY,2026-02,OFF_INVOICE,NKA,2eded86b-ae2a-4097-92fb-f304c79c57e1,8c500433-8582-4c97-8601-76bc5ba191ce,e647e274-0ca6-49be-aa2f-0f6e4b380233,afcf9ffb-9741-42c5-b07b-e03c0de35588,t,,LEDGER|AGREEMENT|7850c5cd-d19e-4eae-bd30-619b760f8bef|792fe837-c2d8-45e1-b33a-355ca0274d36,,3b703dae-2955-40a1-affa-f94478da505f,2026-07-27 16:02:29.896305
c5c212ed-2c5a-415b-abff-324a7597e851,598a895e-5a20-48cc-95bd-a52fe5d4bb65,7850c5cd-d19e-4eae-bd30-619b760f8bef,AGREEMENT,7850c5cd-d19e-4eae-bd30-619b760f8bef,CREDIT,5000.00,TRY,2026-02,OFF_INVOICE,NKA,2eded86b-ae2a-4097-92fb-f304c79c57e1,8c500433-8582-4c97-8601-76bc5ba191ce,e647e274-0ca6-49be-aa2f-0f6e4b380233,afcf9ffb-9741-42c5-b07b-e03c0de35588,f,d23b88a7-4b17-4ee3-b2dd-562f3a5e0ed9,REVERSAL|LEDGER|d23b88a7-4b17-4ee3-b2dd-562f3a5e0ed9,Reversal of ledger entry d23b88a7-4b17-4ee3-b2dd-562f3a5e0ed9,3b703dae-2955-40a1-affa-f94478da505f,2026-07-27 16:02:29.905008
d135ec1e-2fb4-40ce-a8af-84ec5fabcf48,598a895e-5a20-48cc-95bd-a52fe5d4bb65,7850c5cd-d19e-4eae-bd30-619b760f8bef,AGREEMENT,7850c5cd-d19e-4eae-bd30-619b760f8bef,DEBIT,5000.00,TRY,2026-02,OFF_INVOICE,NKA,2eded86b-ae2a-4097-92fb-f304c79c57e1,8c500433-8582-4c97-8601-76bc5ba191ce,e647e274-0ca6-49be-aa2f-0f6e4b380233,afcf9ffb-9741-42c5-b07b-e03c0de35588,t,,LEDGER|AGREEMENT|7850c5cd-d19e-4eae-bd30-619b760f8bef|745cd479-5f4c-4311-bd5e-92e99ef4ccd2,,3b703dae-2955-40a1-affa-f94478da505f,2026-07-27 16:02:30.020543
99a592b7-0200-412b-a434-d5a9de31c4ae,598a895e-5a20-48cc-95bd-a52fe5d4bb65,7850c5cd-d19e-4eae-bd30-619b760f8bef,AGREEMENT,7850c5cd-d19e-4eae-bd30-619b760f8bef,CREDIT,5000.00,TRY,2026-02,OFF_INVOICE,NKA,2eded86b-ae2a-4097-92fb-f304c79c57e1,8c500433-8582-4c97-8601-76bc5ba191ce,e647e274-0ca6-49be-aa2f-0f6e4b380233,afcf9ffb-9741-42c5-b07b-e03c0de35588,f,d135ec1e-2fb4-40ce-a8af-84ec5fabcf48,REVERSAL|LEDGER|d135ec1e-2fb4-40ce-a8af-84ec5fabcf48,Reversal of ledger entry d135ec1e-2fb4-40ce-a8af-84ec5fabcf48,0e23990b-31a0-4ac2-be89-a46ebc8200d4,2026-07-27 16:02:30.024523
921761c9-fe1f-4683-b46f-4c4fa20cd242,598a895e-5a20-48cc-95bd-a52fe5d4bb65,7850c5cd-d19e-4eae-bd30-619b760f8bef,AGREEMENT,7850c5cd-d19e-4eae-bd30-619b760f8bef,DEBIT,5000.00,TRY,2026-02,OFF_INVOICE,NKA,2eded86b-ae2a-4097-92fb-f304c79c57e1,8c500433-8582-4c97-8601-76bc5ba191ce,e647e274-0ca6-49be-aa2f-0f6e4b380233,afcf9ffb-9741-42c5-b07b-e03c0de35588,t,,LEDGER|AGREEMENT|7850c5cd-d19e-4eae-bd30-619b760f8bef|a95ca52b-9eb0-4d13-a6c8-3350991d0990,,3b703dae-2955-40a1-affa-f94478da505f,2026-07-27 16:02:30.045692
30da337a-65f8-4572-bd80-be9ff80b6bb7,598a895e-5a20-48cc-95bd-a52fe5d4bb65,7850c5cd-d19e-4eae-bd30-619b760f8bef,AGREEMENT,7850c5cd-d19e-4eae-bd30-619b760f8bef,CREDIT,5000.00,TRY,2026-02,OFF_INVOICE,NKA,2eded86b-ae2a-4097-92fb-f304c79c57e1,8c500433-8582-4c97-8601-76bc5ba191ce,e647e274-0ca6-49be-aa2f-0f6e4b380233,afcf9ffb-9741-42c5-b07b-e03c0de35588,f,921761c9-fe1f-4683-b46f-4c4fa20cd242,REVERSAL|LEDGER|921761c9-fe1f-4683-b46f-4c4fa20cd242,Reversal of ledger entry 921761c9-fe1f-4683-b46f-4c4fa20cd242,3b703dae-2955-40a1-affa-f94478da505f,2026-07-27 16:02:30.049522
55d589ad-b830-4fde-946a-c0e0327c5a15,598a895e-5a20-48cc-95bd-a52fe5d4bb65,7850c5cd-d19e-4eae-bd30-619b760f8bef,AGREEMENT,7850c5cd-d19e-4eae-bd30-619b760f8bef,DEBIT,5000.00,TRY,2026-02,OFF_INVOICE,NKA,2eded86b-ae2a-4097-92fb-f304c79c57e1,8c500433-8582-4c97-8601-76bc5ba191ce,e647e274-0ca6-49be-aa2f-0f6e4b380233,afcf9ffb-9741-42c5-b07b-e03c0de35588,t,,LEDGER|AGREEMENT|7850c5cd-d19e-4eae-bd30-619b760f8bef|aff94c13-5c2b-48c9-bfc9-25caf43794e1,,3b703dae-2955-40a1-affa-f94478da505f,2026-07-27 16:02:30.077749
8388aa65-4a9e-496e-9aa4-2983a803233e,598a895e-5a20-48cc-95bd-a52fe5d4bb65,7850c5cd-d19e-4eae-bd30-619b760f8bef,AGREEMENT,7850c5cd-d19e-4eae-bd30-619b760f8bef,CREDIT,5000.00,TRY,2026-02,OFF_INVOICE,NKA,2eded86b-ae2a-4097-92fb-f304c79c57e1,8c500433-8582-4c97-8601-76bc5ba191ce,e647e274-0ca6-49be-aa2f-0f6e4b380233,afcf9ffb-9741-42c5-b07b-e03c0de35588,f,55d589ad-b830-4fde-946a-c0e0327c5a15,REVERSAL|LEDGER|55d589ad-b830-4fde-946a-c0e0327c5a15,Reversal of ledger entry 55d589ad-b830-4fde-946a-c0e0327c5a15,3b703dae-2955-40a1-affa-f94478da505f,2026-07-27 16:02:30.083012
2031979e-50ec-4b79-995e-dc74f2893961,598a895e-5a20-48cc-95bd-a52fe5d4bb65,7850c5cd-d19e-4eae-bd30-619b760f8bef,AGREEMENT,7850c5cd-d19e-4eae-bd30-619b760f8bef,DEBIT,5000.00,TRY,2026-02,OFF_INVOICE,NKA,2eded86b-ae2a-4097-92fb-f304c79c57e1,8c500433-8582-4c97-8601-76bc5ba191ce,e647e274-0ca6-49be-aa2f-0f6e4b380233,afcf9ffb-9741-42c5-b07b-e03c0de35588,t,,LEDGER|AGREEMENT|7850c5cd-d19e-4eae-bd30-619b760f8bef|4343eb0b-e891-4e38-be1c-09f5770fad4b,,3b703dae-2955-40a1-affa-f94478da505f,2026-07-27 16:02:51.974259
d5208247-5055-4fb4-b706-51ec7aab83df,598a895e-5a20-48cc-95bd-a52fe5d4bb65,7850c5cd-d19e-4eae-bd30-619b760f8bef,AGREEMENT,7850c5cd-d19e-4eae-bd30-619b760f8bef,CREDIT,5000.00,TRY,2026-02,OFF_INVOICE,NKA,2eded86b-ae2a-4097-92fb-f304c79c57e1,8c500433-8582-4c97-8601-76bc5ba191ce,e647e274-0ca6-49be-aa2f-0f6e4b380233,afcf9ffb-9741-42c5-b07b-e03c0de35588,f,2031979e-50ec-4b79-995e-dc74f2893961,REVERSAL|LEDGER|2031979e-50ec-4b79-995e-dc74f2893961,Reversal of ledger entry 2031979e-50ec-4b79-995e-dc74f2893961,3b703dae-2955-40a1-affa-f94478da505f,2026-07-27 16:02:51.97846
d12da657-b545-4ebf-9889-af101f9573ea,598a895e-5a20-48cc-95bd-a52fe5d4bb65,7850c5cd-d19e-4eae-bd30-619b760f8bef,AGREEMENT,7850c5cd-d19e-4eae-bd30-619b760f8bef,DEBIT,5000.00,TRY,2026-02,OFF_INVOICE,NKA,2eded86b-ae2a-4097-92fb-f304c79c57e1,8c500433-8582-4c97-8601-76bc5ba191ce,e647e274-0ca6-49be-aa2f-0f6e4b380233,afcf9ffb-9741-42c5-b07b-e03c0de35588,t,,LEDGER|AGREEMENT|7850c5cd-d19e-4eae-bd30-619b760f8bef|d3581561-1fbb-4b40-ab8f-96543a124eff,,3b703dae-2955-40a1-affa-f94478da505f,2026-07-27 16:02:52.090244
9a3c4b27-f87d-4a6d-b8fa-d5f21945dd7a,598a895e-5a20-48cc-95bd-a52fe5d4bb65,7850c5cd-d19e-4eae-bd30-619b760f8bef,AGREEMENT,7850c5cd-d19e-4eae-bd30-619b760f8bef,CREDIT,5000.00,TRY,2026-02,OFF_INVOICE,NKA,2eded86b-ae2a-4097-92fb-f304c79c57e1,8c500433-8582-4c97-8601-76bc5ba191ce,e647e274-0ca6-49be-aa2f-0f6e4b380233,afcf9ffb-9741-42c5-b07b-e03c0de35588,f,d12da657-b545-4ebf-9889-af101f9573ea,REVERSAL|LEDGER|d12da657-b545-4ebf-9889-af101f9573ea,Reversal of ledger entry d12da657-b545-4ebf-9889-af101f9573ea,0e23990b-31a0-4ac2-be89-a46ebc8200d4,2026-07-27 16:02:52.093442
9e404bda-6fa5-4e28-bce9-f19e2491e94b,598a895e-5a20-48cc-95bd-a52fe5d4bb65,7850c5cd-d19e-4eae-bd30-619b760f8bef,AGREEMENT,7850c5cd-d19e-4eae-bd30-619b760f8bef,DEBIT,5000.00,TRY,2026-02,OFF_INVOICE,NKA,2eded86b-ae2a-4097-92fb-f304c79c57e1,8c500433-8582-4c97-8601-76bc5ba191ce,e647e274-0ca6-49be-aa2f-0f6e4b380233,afcf9ffb-9741-42c5-b07b-e03c0de35588,t,,LEDGER|AGREEMENT|7850c5cd-d19e-4eae-bd30-619b760f8bef|43347614-7307-48f2-b93f-80581b937c58,,3b703dae-2955-40a1-affa-f94478da505f,2026-07-27 16:02:52.112396
82bc6593-0105-4012-86db-23d180fd5b8d,598a895e-5a20-48cc-95bd-a52fe5d4bb65,7850c5cd-d19e-4eae-bd30-619b760f8bef,AGREEMENT,7850c5cd-d19e-4eae-bd30-619b760f8bef,CREDIT,5000.00,TRY,2026-02,OFF_INVOICE,NKA,2eded86b-ae2a-4097-92fb-f304c79c57e1,8c500433-8582-4c97-8601-76bc5ba191ce,e647e274-0ca6-49be-aa2f-0f6e4b380233,afcf9ffb-9741-42c5-b07b-e03c0de35588,f,9e404bda-6fa5-4e28-bce9-f19e2491e94b,REVERSAL|LEDGER|9e404bda-6fa5-4e28-bce9-f19e2491e94b,Reversal of ledger entry 9e404bda-6fa5-4e28-bce9-f19e2491e94b,3b703dae-2955-40a1-affa-f94478da505f,2026-07-27 16:02:52.115896
3fa0d5fd-dd72-4963-b944-dcb2e6bceb4b,598a895e-5a20-48cc-95bd-a52fe5d4bb65,7850c5cd-d19e-4eae-bd30-619b760f8bef,AGREEMENT,7850c5cd-d19e-4eae-bd30-619b760f8bef,DEBIT,5000.00,TRY,2026-02,OFF_INVOICE,NKA,2eded86b-ae2a-4097-92fb-f304c79c57e1,8c500433-8582-4c97-8601-76bc5ba191ce,e647e274-0ca6-49be-aa2f-0f6e4b380233,afcf9ffb-9741-42c5-b07b-e03c0de35588,t,,LEDGER|AGREEMENT|7850c5cd-d19e-4eae-bd30-619b760f8bef|95d1beb2-f278-403f-badd-082c0ba9a0db,,3b703dae-2955-40a1-affa-f94478da505f,2026-07-27 16:02:52.149677
3b7a9e70-19a5-4e09-8c59-fa4f89880d0d,598a895e-5a20-48cc-95bd-a52fe5d4bb65,7850c5cd-d19e-4eae-bd30-619b760f8bef,AGREEMENT,7850c5cd-d19e-4eae-bd30-619b760f8bef,CREDIT,5000.00,TRY,2026-02,OFF_INVOICE,NKA,2eded86b-ae2a-4097-92fb-f304c79c57e1,8c500433-8582-4c97-8601-76bc5ba191ce,e647e274-0ca6-49be-aa2f-0f6e4b380233,afcf9ffb-9741-42c5-b07b-e03c0de35588,f,3fa0d5fd-dd72-4963-b944-dcb2e6bceb4b,REVERSAL|LEDGER|3fa0d5fd-dd72-4963-b944-dcb2e6bceb4b,Reversal of ledger entry 3fa0d5fd-dd72-4963-b944-dcb2e6bceb4b,3b703dae-2955-40a1-affa-f94478da505f,2026-07-27 16:02:52.154452
6812a259-415f-44a1-9411-e0e3bf7c0e11,598a895e-5a20-48cc-95bd-a52fe5d4bb65,7850c5cd-d19e-4eae-bd30-619b760f8bef,AGREEMENT,7850c5cd-d19e-4eae-bd30-619b760f8bef,DEBIT,5000.00,TRY,2026-02,OFF_INVOICE,NKA,2eded86b-ae2a-4097-92fb-f304c79c57e1,8c500433-8582-4c97-8601-76bc5ba191ce,e647e274-0ca6-49be-aa2f-0f6e4b380233,afcf9ffb-9741-42c5-b07b-e03c0de35588,t,,LEDGER|AGREEMENT|7850c5cd-d19e-4eae-bd30-619b760f8bef|a0c65204-75f8-487d-a00f-5e63dfe0ab77,,3b703dae-2955-40a1-affa-f94478da505f,2026-07-27 16:10:02.780698
f79bda43-a4b6-4447-b75d-b7f23e690025,598a895e-5a20-48cc-95bd-a52fe5d4bb65,7850c5cd-d19e-4eae-bd30-619b760f8bef,AGREEMENT,7850c5cd-d19e-4eae-bd30-619b760f8bef,CREDIT,5000.00,TRY,2026-02,OFF_INVOICE,NKA,2eded86b-ae2a-4097-92fb-f304c79c57e1,8c500433-8582-4c97-8601-76bc5ba191ce,e647e274-0ca6-49be-aa2f-0f6e4b380233,afcf9ffb-9741-42c5-b07b-e03c0de35588,f,6812a259-415f-44a1-9411-e0e3bf7c0e11,REVERSAL|LEDGER|6812a259-415f-44a1-9411-e0e3bf7c0e11,Reversal of ledger entry 6812a259-415f-44a1-9411-e0e3bf7c0e11,3b703dae-2955-40a1-affa-f94478da505f,2026-07-27 16:10:02.80095
2cde6428-06c3-4385-b01e-098a035a9380,598a895e-5a20-48cc-95bd-a52fe5d4bb65,7850c5cd-d19e-4eae-bd30-619b760f8bef,AGREEMENT,7850c5cd-d19e-4eae-bd30-619b760f8bef,DEBIT,5000.00,TRY,2026-02,OFF_INVOICE,NKA,2eded86b-ae2a-4097-92fb-f304c79c57e1,8c500433-8582-4c97-8601-76bc5ba191ce,e647e274-0ca6-49be-aa2f-0f6e4b380233,afcf9ffb-9741-42c5-b07b-e03c0de35588,t,,LEDGER|AGREEMENT|7850c5cd-d19e-4eae-bd30-619b760f8bef|2e1dedb8-990d-4775-82a8-986bf91687d6,,3b703dae-2955-40a1-affa-f94478da505f,2026-07-27 16:10:03.545368
b1d927d0-a63a-4671-8d6e-6c94d8e0c0ea,598a895e-5a20-48cc-95bd-a52fe5d4bb65,7850c5cd-d19e-4eae-bd30-619b760f8bef,AGREEMENT,7850c5cd-d19e-4eae-bd30-619b760f8bef,CREDIT,5000.00,TRY,2026-02,OFF_INVOICE,NKA,2eded86b-ae2a-4097-92fb-f304c79c57e1,8c500433-8582-4c97-8601-76bc5ba191ce,e647e274-0ca6-49be-aa2f-0f6e4b380233,afcf9ffb-9741-42c5-b07b-e03c0de35588,f,2cde6428-06c3-4385-b01e-098a035a9380,REVERSAL|LEDGER|2cde6428-06c3-4385-b01e-098a035a9380,Reversal of ledger entry 2cde6428-06c3-4385-b01e-098a035a9380,0e23990b-31a0-4ac2-be89-a46ebc8200d4,2026-07-27 16:10:03.56284
45677eb8-ff4a-4249-981e-10250e04ba7b,598a895e-5a20-48cc-95bd-a52fe5d4bb65,7850c5cd-d19e-4eae-bd30-619b760f8bef,AGREEMENT,7850c5cd-d19e-4eae-bd30-619b760f8bef,DEBIT,5000.00,TRY,2026-02,OFF_INVOICE,NKA,2eded86b-ae2a-4097-92fb-f304c79c57e1,8c500433-8582-4c97-8601-76bc5ba191ce,e647e274-0ca6-49be-aa2f-0f6e4b380233,afcf9ffb-9741-42c5-b07b-e03c0de35588,t,,LEDGER|AGREEMENT|7850c5cd-d19e-4eae-bd30-619b760f8bef|c6556858-5215-4e1b-af8f-65bb661ab117,,3b703dae-2955-40a1-affa-f94478da505f,2026-07-27 16:10:03.698015
86855afb-f681-44c1-aa9c-3247ba3cf671,598a895e-5a20-48cc-95bd-a52fe5d4bb65,7850c5cd-d19e-4eae-bd30-619b760f8bef,AGREEMENT,7850c5cd-d19e-4eae-bd30-619b760f8bef,CREDIT,5000.00,TRY,2026-02,OFF_INVOICE,NKA,2eded86b-ae2a-4097-92fb-f304c79c57e1,8c500433-8582-4c97-8601-76bc5ba191ce,e647e274-0ca6-49be-aa2f-0f6e4b380233,afcf9ffb-9741-42c5-b07b-e03c0de35588,f,45677eb8-ff4a-4249-981e-10250e04ba7b,REVERSAL|LEDGER|45677eb8-ff4a-4249-981e-10250e04ba7b,Reversal of ledger entry 45677eb8-ff4a-4249-981e-10250e04ba7b,3b703dae-2955-40a1-affa-f94478da505f,2026-07-27 16:10:03.715042
21c4367a-75cb-4641-9fbd-fb4045896649,598a895e-5a20-48cc-95bd-a52fe5d4bb65,7850c5cd-d19e-4eae-bd30-619b760f8bef,AGREEMENT,7850c5cd-d19e-4eae-bd30-619b760f8bef,DEBIT,5000.00,TRY,2026-02,OFF_INVOICE,NKA,2eded86b-ae2a-4097-92fb-f304c79c57e1,8c500433-8582-4c97-8601-76bc5ba191ce,e647e274-0ca6-49be-aa2f-0f6e4b380233,afcf9ffb-9741-42c5-b07b-e03c0de35588,t,,LEDGER|AGREEMENT|7850c5cd-d19e-4eae-bd30-619b760f8bef|2bc4c4ef-3f2f-4a0d-9c8d-907132a856d4,,3b703dae-2955-40a1-affa-f94478da505f,2026-07-27 16:10:03.910216
9b5325f3-fc4b-4851-adf3-3f45af5e7405,598a895e-5a20-48cc-95bd-a52fe5d4bb65,7850c5cd-d19e-4eae-bd30-619b760f8bef,AGREEMENT,7850c5cd-d19e-4eae-bd30-619b760f8bef,CREDIT,5000.00,TRY,2026-02,OFF_INVOICE,NKA,2eded86b-ae2a-4097-92fb-f304c79c57e1,8c500433-8582-4c97-8601-76bc5ba191ce,e647e274-0ca6-49be-aa2f-0f6e4b380233,afcf9ffb-9741-42c5-b07b-e03c0de35588,f,21c4367a-75cb-4641-9fbd-fb4045896649,REVERSAL|LEDGER|21c4367a-75cb-4641-9fbd-fb4045896649,Reversal of ledger entry 21c4367a-75cb-4641-9fbd-fb4045896649,3b703dae-2955-40a1-affa-f94478da505f,2026-07-27 16:10:03.97172
e704e097-3efc-44a9-b3d9-f1f51ab84322,598a895e-5a20-48cc-95bd-a52fe5d4bb65,7850c5cd-d19e-4eae-bd30-619b760f8bef,AGREEMENT,7850c5cd-d19e-4eae-bd30-619b760f8bef,DEBIT,5000.00,TRY,2026-02,OFF_INVOICE,NKA,2eded86b-ae2a-4097-92fb-f304c79c57e1,8c500433-8582-4c97-8601-76bc5ba191ce,e647e274-0ca6-49be-aa2f-0f6e4b380233,afcf9ffb-9741-42c5-b07b-e03c0de35588,t,,LEDGER|AGREEMENT|7850c5cd-d19e-4eae-bd30-619b760f8bef|2907ab3b-014f-4de9-9679-bf4b4644eaa4,,3b703dae-2955-40a1-affa-f94478da505f,2026-07-27 16:10:41.573535
582610d8-3e58-4bb9-a282-d5ba54d408f8,598a895e-5a20-48cc-95bd-a52fe5d4bb65,7850c5cd-d19e-4eae-bd30-619b760f8bef,AGREEMENT,7850c5cd-d19e-4eae-bd30-619b760f8bef,CREDIT,5000.00,TRY,2026-02,OFF_INVOICE,NKA,2eded86b-ae2a-4097-92fb-f304c79c57e1,8c500433-8582-4c97-8601-76bc5ba191ce,e647e274-0ca6-49be-aa2f-0f6e4b380233,afcf9ffb-9741-42c5-b07b-e03c0de35588,f,e704e097-3efc-44a9-b3d9-f1f51ab84322,REVERSAL|LEDGER|e704e097-3efc-44a9-b3d9-f1f51ab84322,Reversal of ledger entry e704e097-3efc-44a9-b3d9-f1f51ab84322,3b703dae-2955-40a1-affa-f94478da505f,2026-07-27 16:10:41.597634
84e7438b-66e7-4c50-8d8d-f077b404ae4e,598a895e-5a20-48cc-95bd-a52fe5d4bb65,7850c5cd-d19e-4eae-bd30-619b760f8bef,AGREEMENT,7850c5cd-d19e-4eae-bd30-619b760f8bef,DEBIT,5000.00,TRY,2026-02,OFF_INVOICE,NKA,2eded86b-ae2a-4097-92fb-f304c79c57e1,8c500433-8582-4c97-8601-76bc5ba191ce,e647e274-0ca6-49be-aa2f-0f6e4b380233,afcf9ffb-9741-42c5-b07b-e03c0de35588,t,,LEDGER|AGREEMENT|7850c5cd-d19e-4eae-bd30-619b760f8bef|ab944aa3-034a-45ab-bebd-fac79cc7c782,,3b703dae-2955-40a1-affa-f94478da505f,2026-07-27 16:10:41.994827
90d5e1e1-2715-4c63-aece-6c35f9b961b6,598a895e-5a20-48cc-95bd-a52fe5d4bb65,7850c5cd-d19e-4eae-bd30-619b760f8bef,AGREEMENT,7850c5cd-d19e-4eae-bd30-619b760f8bef,CREDIT,5000.00,TRY,2026-02,OFF_INVOICE,NKA,2eded86b-ae2a-4097-92fb-f304c79c57e1,8c500433-8582-4c97-8601-76bc5ba191ce,e647e274-0ca6-49be-aa2f-0f6e4b380233,afcf9ffb-9741-42c5-b07b-e03c0de35588,f,84e7438b-66e7-4c50-8d8d-f077b404ae4e,REVERSAL|LEDGER|84e7438b-66e7-4c50-8d8d-f077b404ae4e,Reversal of ledger entry 84e7438b-66e7-4c50-8d8d-f077b404ae4e,0e23990b-31a0-4ac2-be89-a46ebc8200d4,2026-07-27 16:10:42.016504
a5f05f38-7bea-4d3d-8e36-05f56fc516b1,598a895e-5a20-48cc-95bd-a52fe5d4bb65,7850c5cd-d19e-4eae-bd30-619b760f8bef,AGREEMENT,7850c5cd-d19e-4eae-bd30-619b760f8bef,DEBIT,5000.00,TRY,2026-02,OFF_INVOICE,NKA,2eded86b-ae2a-4097-92fb-f304c79c57e1,8c500433-8582-4c97-8601-76bc5ba191ce,e647e274-0ca6-49be-aa2f-0f6e4b380233,afcf9ffb-9741-42c5-b07b-e03c0de35588,t,,LEDGER|AGREEMENT|7850c5cd-d19e-4eae-bd30-619b760f8bef|0b789a2b-778a-469f-a0ff-f6bc5cc50441,,3b703dae-2955-40a1-affa-f94478da505f,2026-07-27 16:10:42.146929
af7d554f-a805-4909-b028-3b075695a8c1,598a895e-5a20-48cc-95bd-a52fe5d4bb65,7850c5cd-d19e-4eae-bd30-619b760f8bef,AGREEMENT,7850c5cd-d19e-4eae-bd30-619b760f8bef,CREDIT,5000.00,TRY,2026-02,OFF_INVOICE,NKA,2eded86b-ae2a-4097-92fb-f304c79c57e1,8c500433-8582-4c97-8601-76bc5ba191ce,e647e274-0ca6-49be-aa2f-0f6e4b380233,afcf9ffb-9741-42c5-b07b-e03c0de35588,f,a5f05f38-7bea-4d3d-8e36-05f56fc516b1,REVERSAL|LEDGER|a5f05f38-7bea-4d3d-8e36-05f56fc516b1,Reversal of ledger entry a5f05f38-7bea-4d3d-8e36-05f56fc516b1,3b703dae-2955-40a1-affa-f94478da505f,2026-07-27 16:10:42.158388
c9cc88e7-8eb6-48fd-aba8-badf79b27cb0,598a895e-5a20-48cc-95bd-a52fe5d4bb65,7850c5cd-d19e-4eae-bd30-619b760f8bef,AGREEMENT,7850c5cd-d19e-4eae-bd30-619b760f8bef,DEBIT,5000.00,TRY,2026-02,OFF_INVOICE,NKA,2eded86b-ae2a-4097-92fb-f304c79c57e1,8c500433-8582-4c97-8601-76bc5ba191ce,e647e274-0ca6-49be-aa2f-0f6e4b380233,afcf9ffb-9741-42c5-b07b-e03c0de35588,t,,LEDGER|AGREEMENT|7850c5cd-d19e-4eae-bd30-619b760f8bef|d16982ff-0290-4eae-9c71-9911253cb5d7,,3b703dae-2955-40a1-affa-f94478da505f,2026-07-27 16:10:42.242819
9ea0acc9-53c0-430c-b215-60580e43e332,598a895e-5a20-48cc-95bd-a52fe5d4bb65,7850c5cd-d19e-4eae-bd30-619b760f8bef,AGREEMENT,7850c5cd-d19e-4eae-bd30-619b760f8bef,CREDIT,5000.00,TRY,2026-02,OFF_INVOICE,NKA,2eded86b-ae2a-4097-92fb-f304c79c57e1,8c500433-8582-4c97-8601-76bc5ba191ce,e647e274-0ca6-49be-aa2f-0f6e4b380233,afcf9ffb-9741-42c5-b07b-e03c0de35588,f,c9cc88e7-8eb6-48fd-aba8-badf79b27cb0,REVERSAL|LEDGER|c9cc88e7-8eb6-48fd-aba8-badf79b27cb0,Reversal of ledger entry c9cc88e7-8eb6-48fd-aba8-badf79b27cb0,3b703dae-2955-40a1-affa-f94478da505f,2026-07-27 16:10:42.26049
842fe2c5-3c82-4409-95b3-5e4a006af6da,598a895e-5a20-48cc-95bd-a52fe5d4bb65,7850c5cd-d19e-4eae-bd30-619b760f8bef,AGREEMENT,7850c5cd-d19e-4eae-bd30-619b760f8bef,DEBIT,5000.00,TRY,2026-02,OFF_INVOICE,NKA,2eded86b-ae2a-4097-92fb-f304c79c57e1,8c500433-8582-4c97-8601-76bc5ba191ce,e647e274-0ca6-49be-aa2f-0f6e4b380233,afcf9ffb-9741-42c5-b07b-e03c0de35588,t,,LEDGER|AGREEMENT|7850c5cd-d19e-4eae-bd30-619b760f8bef|7b8a0f21-30cd-48f5-b29e-52532b3ea55b,,3b703dae-2955-40a1-affa-f94478da505f,2026-07-27 16:13:26.194951
7342979f-9278-46dd-9937-cbc0779bfd48,598a895e-5a20-48cc-95bd-a52fe5d4bb65,7850c5cd-d19e-4eae-bd30-619b760f8bef,AGREEMENT,7850c5cd-d19e-4eae-bd30-619b760f8bef,CREDIT,5000.00,TRY,2026-02,OFF_INVOICE,NKA,2eded86b-ae2a-4097-92fb-f304c79c57e1,8c500433-8582-4c97-8601-76bc5ba191ce,e647e274-0ca6-49be-aa2f-0f6e4b380233,afcf9ffb-9741-42c5-b07b-e03c0de35588,f,842fe2c5-3c82-4409-95b3-5e4a006af6da,REVERSAL|LEDGER|842fe2c5-3c82-4409-95b3-5e4a006af6da,Reversal of ledger entry 842fe2c5-3c82-4409-95b3-5e4a006af6da,3b703dae-2955-40a1-affa-f94478da505f,2026-07-27 16:13:26.202986
31962f56-b411-41a5-a080-c714a9265a48,598a895e-5a20-48cc-95bd-a52fe5d4bb65,7850c5cd-d19e-4eae-bd30-619b760f8bef,AGREEMENT,7850c5cd-d19e-4eae-bd30-619b760f8bef,DEBIT,5000.00,TRY,2026-02,OFF_INVOICE,NKA,2eded86b-ae2a-4097-92fb-f304c79c57e1,8c500433-8582-4c97-8601-76bc5ba191ce,e647e274-0ca6-49be-aa2f-0f6e4b380233,afcf9ffb-9741-42c5-b07b-e03c0de35588,t,,LEDGER|AGREEMENT|7850c5cd-d19e-4eae-bd30-619b760f8bef|fff6e779-13e1-4f75-a23a-5c718364c32b,,3b703dae-2955-40a1-affa-f94478da505f,2026-07-27 16:13:26.409635
81ac398a-03da-45f7-9fb5-7702dd8d6b02,598a895e-5a20-48cc-95bd-a52fe5d4bb65,7850c5cd-d19e-4eae-bd30-619b760f8bef,AGREEMENT,7850c5cd-d19e-4eae-bd30-619b760f8bef,CREDIT,5000.00,TRY,2026-02,OFF_INVOICE,NKA,2eded86b-ae2a-4097-92fb-f304c79c57e1,8c500433-8582-4c97-8601-76bc5ba191ce,e647e274-0ca6-49be-aa2f-0f6e4b380233,afcf9ffb-9741-42c5-b07b-e03c0de35588,f,31962f56-b411-41a5-a080-c714a9265a48,REVERSAL|LEDGER|31962f56-b411-41a5-a080-c714a9265a48,Reversal of ledger entry 31962f56-b411-41a5-a080-c714a9265a48,0e23990b-31a0-4ac2-be89-a46ebc8200d4,2026-07-27 16:13:26.421227
0e92f738-2d1d-44e3-9a44-358b20a71d6c,598a895e-5a20-48cc-95bd-a52fe5d4bb65,7850c5cd-d19e-4eae-bd30-619b760f8bef,AGREEMENT,7850c5cd-d19e-4eae-bd30-619b760f8bef,DEBIT,5000.00,TRY,2026-02,OFF_INVOICE,NKA,2eded86b-ae2a-4097-92fb-f304c79c57e1,8c500433-8582-4c97-8601-76bc5ba191ce,e647e274-0ca6-49be-aa2f-0f6e4b380233,afcf9ffb-9741-42c5-b07b-e03c0de35588,t,,LEDGER|AGREEMENT|7850c5cd-d19e-4eae-bd30-619b760f8bef|dd03020f-d86a-472e-bd3f-3d8173d4da3a,,3b703dae-2955-40a1-affa-f94478da505f,2026-07-27 16:13:26.477883
476b0dc9-35f5-46f6-8c28-0697c1c96a39,598a895e-5a20-48cc-95bd-a52fe5d4bb65,7850c5cd-d19e-4eae-bd30-619b760f8bef,AGREEMENT,7850c5cd-d19e-4eae-bd30-619b760f8bef,CREDIT,5000.00,TRY,2026-02,OFF_INVOICE,NKA,2eded86b-ae2a-4097-92fb-f304c79c57e1,8c500433-8582-4c97-8601-76bc5ba191ce,e647e274-0ca6-49be-aa2f-0f6e4b380233,afcf9ffb-9741-42c5-b07b-e03c0de35588,f,0e92f738-2d1d-44e3-9a44-358b20a71d6c,REVERSAL|LEDGER|0e92f738-2d1d-44e3-9a44-358b20a71d6c,Reversal of ledger entry 0e92f738-2d1d-44e3-9a44-358b20a71d6c,3b703dae-2955-40a1-affa-f94478da505f,2026-07-27 16:13:26.489214
91b2077c-cf48-4c3b-a4e7-f4c3ae51c85f,598a895e-5a20-48cc-95bd-a52fe5d4bb65,7850c5cd-d19e-4eae-bd30-619b760f8bef,AGREEMENT,7850c5cd-d19e-4eae-bd30-619b760f8bef,DEBIT,5000.00,TRY,2026-02,OFF_INVOICE,NKA,2eded86b-ae2a-4097-92fb-f304c79c57e1,8c500433-8582-4c97-8601-76bc5ba191ce,e647e274-0ca6-49be-aa2f-0f6e4b380233,afcf9ffb-9741-42c5-b07b-e03c0de35588,t,,LEDGER|AGREEMENT|7850c5cd-d19e-4eae-bd30-619b760f8bef|517c9b49-8c43-40e6-8019-99ae1e0add88,,3b703dae-2955-40a1-affa-f94478da505f,2026-07-27 16:13:26.5527
3da54b81-9c47-4702-8657-77473788afbe,598a895e-5a20-48cc-95bd-a52fe5d4bb65,7850c5cd-d19e-4eae-bd30-619b760f8bef,AGREEMENT,7850c5cd-d19e-4eae-bd30-619b760f8bef,CREDIT,5000.00,TRY,2026-02,OFF_INVOICE,NKA,2eded86b-ae2a-4097-92fb-f304c79c57e1,8c500433-8582-4c97-8601-76bc5ba191ce,e647e274-0ca6-49be-aa2f-0f6e4b380233,afcf9ffb-9741-42c5-b07b-e03c0de35588,f,91b2077c-cf48-4c3b-a4e7-f4c3ae51c85f,REVERSAL|LEDGER|91b2077c-cf48-4c3b-a4e7-f4c3ae51c85f,Reversal of ledger entry 91b2077c-cf48-4c3b-a4e7-f4c3ae51c85f,3b703dae-2955-40a1-affa-f94478da505f,2026-07-27 16:13:26.566155
f8b50bef-677e-4f76-b362-259afc109c6a,598a895e-5a20-48cc-95bd-a52fe5d4bb65,6eb347b1-afea-4629-aa66-8c611bb018b6,AGREEMENT,6eb347b1-afea-4629-aa66-8c611bb018b6,DEBIT,5000.00,TRY,2026-02,OFF_INVOICE,NKA,b39ade6a-ea33-413f-95a0-281c859f32fd,8c500433-8582-4c97-8601-76bc5ba191ce,e647e274-0ca6-49be-aa2f-0f6e4b380233,afcf9ffb-9741-42c5-b07b-e03c0de35588,f,,LEDGER|AGREEMENT|6eb347b1-afea-4629-aa66-8c611bb018b6|19aef4e8-e3aa-4f43-82fc-b415eb1ba0a6,,3b703dae-2955-40a1-affa-f94478da505f,2026-07-27 17:47:37.047728
b2111954-dbd1-4bb4-9fd6-c03f3b48420a,598a895e-5a20-48cc-95bd-a52fe5d4bb65,206a0a5f-6eb9-4d0b-b6ad-e10ca50be1a0,AGREEMENT,206a0a5f-6eb9-4d0b-b6ad-e10ca50be1a0,DEBIT,5000.00,TRY,2026-02,OFF_INVOICE,NKA,b39ade6a-ea33-413f-95a0-281c859f32fd,8c500433-8582-4c97-8601-76bc5ba191ce,e647e274-0ca6-49be-aa2f-0f6e4b380233,afcf9ffb-9741-42c5-b07b-e03c0de35588,f,,LEDGER|AGREEMENT|206a0a5f-6eb9-4d0b-b6ad-e10ca50be1a0|02fbab56-5ed7-4f73-9b06-00fee53d4cf5,,3b703dae-2955-40a1-affa-f94478da505f,2026-07-27 17:50:10.768015
c1422455-3d2c-4803-8aaa-763a6e136ea4,598a895e-5a20-48cc-95bd-a52fe5d4bb65,e5e2b53a-a28e-4a70-b18d-588dd9495f12,AGREEMENT,e5e2b53a-a28e-4a70-b18d-588dd9495f12,DEBIT,5000.00,TRY,2026-02,OFF_INVOICE,NKA,b39ade6a-ea33-413f-95a0-281c859f32fd,8c500433-8582-4c97-8601-76bc5ba191ce,e647e274-0ca6-49be-aa2f-0f6e4b380233,afcf9ffb-9741-42c5-b07b-e03c0de35588,f,,LEDGER|AGREEMENT|e5e2b53a-a28e-4a70-b18d-588dd9495f12|e0ede5b3-d125-49d8-be89-74a252c5238f,,3b703dae-2955-40a1-affa-f94478da505f,2026-07-27 17:53:41.654837
918ff069-a770-437b-9395-7b7d3d08010a,598a895e-5a20-48cc-95bd-a52fe5d4bb65,27b026c2-84f8-4c6f-a78a-f52bd2356a7f,AGREEMENT,27b026c2-84f8-4c6f-a78a-f52bd2356a7f,DEBIT,5000.00,TRY,2026-02,OFF_INVOICE,NKA,b39ade6a-ea33-413f-95a0-281c859f32fd,8c500433-8582-4c97-8601-76bc5ba191ce,e647e274-0ca6-49be-aa2f-0f6e4b380233,afcf9ffb-9741-42c5-b07b-e03c0de35588,f,,LEDGER|AGREEMENT|27b026c2-84f8-4c6f-a78a-f52bd2356a7f|d85730e8-c457-4e19-bce9-9f9c40d592a3,,3b703dae-2955-40a1-affa-f94478da505f,2026-07-27 17:57:48.674036
ccc2b07d-b40d-40ad-b3df-8a20833444a0,598a895e-5a20-48cc-95bd-a52fe5d4bb65,4849cfc3-92f1-4a12-a061-10cc0ebf856c,AGREEMENT,4849cfc3-92f1-4a12-a061-10cc0ebf856c,DEBIT,5000.00,TRY,2026-02,OFF_INVOICE,NKA,b39ade6a-ea33-413f-95a0-281c859f32fd,8c500433-8582-4c97-8601-76bc5ba191ce,e647e274-0ca6-49be-aa2f-0f6e4b380233,afcf9ffb-9741-42c5-b07b-e03c0de35588,f,,LEDGER|AGREEMENT|4849cfc3-92f1-4a12-a061-10cc0ebf856c|0bac6dca-2af9-4489-be45-0db7be82433d,,3b703dae-2955-40a1-affa-f94478da505f,2026-07-27 18:01:49.682881
45fb3c04-2ad0-4510-b4d3-2e16280ab106,598a895e-5a20-48cc-95bd-a52fe5d4bb65,81301527-488c-4e78-a672-02b160c3a3e0,AGREEMENT,81301527-488c-4e78-a672-02b160c3a3e0,DEBIT,3000.00,TRY,2026-02,OFF_INVOICE,NKA,b39ade6a-ea33-413f-95a0-281c859f32fd,8c500433-8582-4c97-8601-76bc5ba191ce,e647e274-0ca6-49be-aa2f-0f6e4b380233,afcf9ffb-9741-42c5-b07b-e03c0de35588,t,,LEDGER|AGREEMENT|81301527-488c-4e78-a672-02b160c3a3e0|732720ee-abb4-4d89-8d57-d76d73cbc3a9,,3b703dae-2955-40a1-affa-f94478da505f,2026-07-27 18:01:49.78105
231669d3-602f-40f9-b8a0-92471707a76a,598a895e-5a20-48cc-95bd-a52fe5d4bb65,81301527-488c-4e78-a672-02b160c3a3e0,AGREEMENT,81301527-488c-4e78-a672-02b160c3a3e0,CREDIT,3000.00,TRY,2026-02,OFF_INVOICE,NKA,b39ade6a-ea33-413f-95a0-281c859f32fd,8c500433-8582-4c97-8601-76bc5ba191ce,e647e274-0ca6-49be-aa2f-0f6e4b380233,afcf9ffb-9741-42c5-b07b-e03c0de35588,f,45fb3c04-2ad0-4510-b4d3-2e16280ab106,REVERSAL|LEDGER|45fb3c04-2ad0-4510-b4d3-2e16280ab106,Reversal of ledger entry 45fb3c04-2ad0-4510-b4d3-2e16280ab106,3b703dae-2955-40a1-affa-f94478da505f,2026-07-27 18:01:49.788703
9d773598-1ccc-4aae-b9ab-5a6b7a019211,598a895e-5a20-48cc-95bd-a52fe5d4bb65,30245504-abb8-4b67-995a-7a6d48dce495,AGREEMENT,30245504-abb8-4b67-995a-7a6d48dce495,DEBIT,5000.00,TRY,2026-02,OFF_INVOICE,NKA,b39ade6a-ea33-413f-95a0-281c859f32fd,8c500433-8582-4c97-8601-76bc5ba191ce,e647e274-0ca6-49be-aa2f-0f6e4b380233,afcf9ffb-9741-42c5-b07b-e03c0de35588,f,,LEDGER|AGREEMENT|30245504-abb8-4b67-995a-7a6d48dce495|9b4c5a6c-562d-49c7-bc2b-ffb93697a3bf,,3b703dae-2955-40a1-affa-f94478da505f,2026-07-27 18:04:48.212479
108c5246-1e6c-4a7d-a620-a10b75357169,598a895e-5a20-48cc-95bd-a52fe5d4bb65,71f009d6-004f-4314-a68b-aee041ea6b66,AGREEMENT,71f009d6-004f-4314-a68b-aee041ea6b66,DEBIT,3000.00,TRY,2026-02,OFF_INVOICE,NKA,b39ade6a-ea33-413f-95a0-281c859f32fd,8c500433-8582-4c97-8601-76bc5ba191ce,e647e274-0ca6-49be-aa2f-0f6e4b380233,afcf9ffb-9741-42c5-b07b-e03c0de35588,t,,LEDGER|AGREEMENT|71f009d6-004f-4314-a68b-aee041ea6b66|a2ed22c5-c559-42c1-aa04-3d9634642355,,3b703dae-2955-40a1-affa-f94478da505f,2026-07-27 18:04:48.312334
3ae21590-4b1f-4c7b-a7e3-668886b631b6,598a895e-5a20-48cc-95bd-a52fe5d4bb65,71f009d6-004f-4314-a68b-aee041ea6b66,AGREEMENT,71f009d6-004f-4314-a68b-aee041ea6b66,CREDIT,3000.00,TRY,2026-02,OFF_INVOICE,NKA,b39ade6a-ea33-413f-95a0-281c859f32fd,8c500433-8582-4c97-8601-76bc5ba191ce,e647e274-0ca6-49be-aa2f-0f6e4b380233,afcf9ffb-9741-42c5-b07b-e03c0de35588,f,108c5246-1e6c-4a7d-a620-a10b75357169,REVERSAL|LEDGER|108c5246-1e6c-4a7d-a620-a10b75357169,Reversal of ledger entry 108c5246-1e6c-4a7d-a620-a10b75357169,3b703dae-2955-40a1-affa-f94478da505f,2026-07-27 18:04:48.319079
0d1b8bcb-6c53-4772-9d97-53600aeb67fe,598a895e-5a20-48cc-95bd-a52fe5d4bb65,250d7157-2776-46f5-a4ac-7ed2eb54259c,AGREEMENT,250d7157-2776-46f5-a4ac-7ed2eb54259c,DEBIT,5000.00,TRY,2026-02,OFF_INVOICE,NKA,b39ade6a-ea33-413f-95a0-281c859f32fd,8c500433-8582-4c97-8601-76bc5ba191ce,e647e274-0ca6-49be-aa2f-0f6e4b380233,afcf9ffb-9741-42c5-b07b-e03c0de35588,f,,LEDGER|AGREEMENT|250d7157-2776-46f5-a4ac-7ed2eb54259c|b08e5a71-7bd2-4be1-b8a3-c649c88aa876,,3b703dae-2955-40a1-affa-f94478da505f,2026-07-27 18:07:03.756128
12fd00e7-7c53-4c0f-9b60-e5eb7e8aaea8,598a895e-5a20-48cc-95bd-a52fe5d4bb65,39bfa316-3c33-4139-bee7-a34d70c2e2b5,AGREEMENT,39bfa316-3c33-4139-bee7-a34d70c2e2b5,DEBIT,3000.00,TRY,2026-02,OFF_INVOICE,NKA,b39ade6a-ea33-413f-95a0-281c859f32fd,8c500433-8582-4c97-8601-76bc5ba191ce,e647e274-0ca6-49be-aa2f-0f6e4b380233,afcf9ffb-9741-42c5-b07b-e03c0de35588,t,,LEDGER|AGREEMENT|39bfa316-3c33-4139-bee7-a34d70c2e2b5|06b06395-8de1-4e9b-8a0c-c27a29f3182a,,3b703dae-2955-40a1-affa-f94478da505f,2026-07-27 18:07:03.888294
7cee88ac-3f03-4b54-a646-a6c5c2940125,598a895e-5a20-48cc-95bd-a52fe5d4bb65,39bfa316-3c33-4139-bee7-a34d70c2e2b5,AGREEMENT,39bfa316-3c33-4139-bee7-a34d70c2e2b5,CREDIT,3000.00,TRY,2026-02,OFF_INVOICE,NKA,b39ade6a-ea33-413f-95a0-281c859f32fd,8c500433-8582-4c97-8601-76bc5ba191ce,e647e274-0ca6-49be-aa2f-0f6e4b380233,afcf9ffb-9741-42c5-b07b-e03c0de35588,f,12fd00e7-7c53-4c0f-9b60-e5eb7e8aaea8,REVERSAL|LEDGER|12fd00e7-7c53-4c0f-9b60-e5eb7e8aaea8,Reversal of ledger entry 12fd00e7-7c53-4c0f-9b60-e5eb7e8aaea8,3b703dae-2955-40a1-affa-f94478da505f,2026-07-27 18:07:03.895851
aa1904a6-0cb8-46ff-990c-0cb2f2f94ce7,598a895e-5a20-48cc-95bd-a52fe5d4bb65,2c5b1105-367b-4f2d-90cd-36b0ce869cf0,AGREEMENT,2c5b1105-367b-4f2d-90cd-36b0ce869cf0,DEBIT,5000.00,TRY,2026-02,OFF_INVOICE,NKA,b39ade6a-ea33-413f-95a0-281c859f32fd,8c500433-8582-4c97-8601-76bc5ba191ce,e647e274-0ca6-49be-aa2f-0f6e4b380233,afcf9ffb-9741-42c5-b07b-e03c0de35588,f,,LEDGER|AGREEMENT|2c5b1105-367b-4f2d-90cd-36b0ce869cf0|9c5d9ee4-f290-4058-a649-e9dfdbe952ed,,3b703dae-2955-40a1-affa-f94478da505f,2026-07-27 18:08:42.024096
4d97a035-cbde-4e5c-a9ea-e582d4367d21,598a895e-5a20-48cc-95bd-a52fe5d4bb65,b0f4b9d3-1582-4d7b-b3fe-f005b5abc874,AGREEMENT,b0f4b9d3-1582-4d7b-b3fe-f005b5abc874,DEBIT,3000.00,TRY,2026-02,OFF_INVOICE,NKA,b39ade6a-ea33-413f-95a0-281c859f32fd,8c500433-8582-4c97-8601-76bc5ba191ce,e647e274-0ca6-49be-aa2f-0f6e4b380233,afcf9ffb-9741-42c5-b07b-e03c0de35588,t,,LEDGER|AGREEMENT|b0f4b9d3-1582-4d7b-b3fe-f005b5abc874|cd3c6c03-baae-4dfd-bdf1-e9d413951662,,3b703dae-2955-40a1-affa-f94478da505f,2026-07-27 18:08:42.115671
5b1c37e8-3361-42ca-92ac-f5be490be196,598a895e-5a20-48cc-95bd-a52fe5d4bb65,b0f4b9d3-1582-4d7b-b3fe-f005b5abc874,AGREEMENT,b0f4b9d3-1582-4d7b-b3fe-f005b5abc874,CREDIT,3000.00,TRY,2026-02,OFF_INVOICE,NKA,b39ade6a-ea33-413f-95a0-281c859f32fd,8c500433-8582-4c97-8601-76bc5ba191ce,e647e274-0ca6-49be-aa2f-0f6e4b380233,afcf9ffb-9741-42c5-b07b-e03c0de35588,f,4d97a035-cbde-4e5c-a9ea-e582d4367d21,REVERSAL|LEDGER|4d97a035-cbde-4e5c-a9ea-e582d4367d21,Reversal of ledger entry 4d97a035-cbde-4e5c-a9ea-e582d4367d21,3b703dae-2955-40a1-affa-f94478da505f,2026-07-27 18:08:42.122895
cc5c8069-3fe3-45fc-9db6-a955c2baba47,598a895e-5a20-48cc-95bd-a52fe5d4bb65,7850c5cd-d19e-4eae-bd30-619b760f8bef,AGREEMENT,7850c5cd-d19e-4eae-bd30-619b760f8bef,DEBIT,5000.00,TRY,2026-02,OFF_INVOICE,NKA,2eded86b-ae2a-4097-92fb-f304c79c57e1,8c500433-8582-4c97-8601-76bc5ba191ce,e647e274-0ca6-49be-aa2f-0f6e4b380233,afcf9ffb-9741-42c5-b07b-e03c0de35588,t,,LEDGER|AGREEMENT|7850c5cd-d19e-4eae-bd30-619b760f8bef|118fbf18-eeea-4752-be40-68ce17b12be4,,3b703dae-2955-40a1-affa-f94478da505f,2026-07-27 18:08:44.973771
4ccb39c6-6f9a-4eba-a556-e904a3fd9262,598a895e-5a20-48cc-95bd-a52fe5d4bb65,7850c5cd-d19e-4eae-bd30-619b760f8bef,AGREEMENT,7850c5cd-d19e-4eae-bd30-619b760f8bef,CREDIT,5000.00,TRY,2026-02,OFF_INVOICE,NKA,2eded86b-ae2a-4097-92fb-f304c79c57e1,8c500433-8582-4c97-8601-76bc5ba191ce,e647e274-0ca6-49be-aa2f-0f6e4b380233,afcf9ffb-9741-42c5-b07b-e03c0de35588,f,cc5c8069-3fe3-45fc-9db6-a955c2baba47,REVERSAL|LEDGER|cc5c8069-3fe3-45fc-9db6-a955c2baba47,Reversal of ledger entry cc5c8069-3fe3-45fc-9db6-a955c2baba47,3b703dae-2955-40a1-affa-f94478da505f,2026-07-27 18:08:44.97931
7f48d6e6-ce6c-47af-80a0-24326e4156f3,598a895e-5a20-48cc-95bd-a52fe5d4bb65,7850c5cd-d19e-4eae-bd30-619b760f8bef,AGREEMENT,7850c5cd-d19e-4eae-bd30-619b760f8bef,DEBIT,5000.00,TRY,2026-02,OFF_INVOICE,NKA,2eded86b-ae2a-4097-92fb-f304c79c57e1,8c500433-8582-4c97-8601-76bc5ba191ce,e647e274-0ca6-49be-aa2f-0f6e4b380233,afcf9ffb-9741-42c5-b07b-e03c0de35588,t,,LEDGER|AGREEMENT|7850c5cd-d19e-4eae-bd30-619b760f8bef|3a0e3d7b-1d04-4476-8655-3430931bc655,,3b703dae-2955-40a1-affa-f94478da505f,2026-07-27 18:08:45.130958
d6a32a18-7b0a-4c67-b1f7-2b7e9f50ce2c,598a895e-5a20-48cc-95bd-a52fe5d4bb65,7850c5cd-d19e-4eae-bd30-619b760f8bef,AGREEMENT,7850c5cd-d19e-4eae-bd30-619b760f8bef,CREDIT,5000.00,TRY,2026-02,OFF_INVOICE,NKA,2eded86b-ae2a-4097-92fb-f304c79c57e1,8c500433-8582-4c97-8601-76bc5ba191ce,e647e274-0ca6-49be-aa2f-0f6e4b380233,afcf9ffb-9741-42c5-b07b-e03c0de35588,f,7f48d6e6-ce6c-47af-80a0-24326e4156f3,REVERSAL|LEDGER|7f48d6e6-ce6c-47af-80a0-24326e4156f3,Reversal of ledger entry 7f48d6e6-ce6c-47af-80a0-24326e4156f3,0e23990b-31a0-4ac2-be89-a46ebc8200d4,2026-07-27 18:08:45.135516
7a883c5e-7e8c-489a-bc0a-05c2613974be,598a895e-5a20-48cc-95bd-a52fe5d4bb65,7850c5cd-d19e-4eae-bd30-619b760f8bef,AGREEMENT,7850c5cd-d19e-4eae-bd30-619b760f8bef,DEBIT,5000.00,TRY,2026-02,OFF_INVOICE,NKA,2eded86b-ae2a-4097-92fb-f304c79c57e1,8c500433-8582-4c97-8601-76bc5ba191ce,e647e274-0ca6-49be-aa2f-0f6e4b380233,afcf9ffb-9741-42c5-b07b-e03c0de35588,t,,LEDGER|AGREEMENT|7850c5cd-d19e-4eae-bd30-619b760f8bef|11e4f408-3245-4564-9635-5ec1be792bba,,3b703dae-2955-40a1-affa-f94478da505f,2026-07-27 18:08:45.171105
72fd13f6-cd45-47cc-a628-91cef8e1eb24,598a895e-5a20-48cc-95bd-a52fe5d4bb65,7850c5cd-d19e-4eae-bd30-619b760f8bef,AGREEMENT,7850c5cd-d19e-4eae-bd30-619b760f8bef,CREDIT,5000.00,TRY,2026-02,OFF_INVOICE,NKA,2eded86b-ae2a-4097-92fb-f304c79c57e1,8c500433-8582-4c97-8601-76bc5ba191ce,e647e274-0ca6-49be-aa2f-0f6e4b380233,afcf9ffb-9741-42c5-b07b-e03c0de35588,f,7a883c5e-7e8c-489a-bc0a-05c2613974be,REVERSAL|LEDGER|7a883c5e-7e8c-489a-bc0a-05c2613974be,Reversal of ledger entry 7a883c5e-7e8c-489a-bc0a-05c2613974be,3b703dae-2955-40a1-affa-f94478da505f,2026-07-27 18:08:45.17561
70f229d8-a526-4d4c-9dfb-58c4eeac73eb,598a895e-5a20-48cc-95bd-a52fe5d4bb65,7850c5cd-d19e-4eae-bd30-619b760f8bef,AGREEMENT,7850c5cd-d19e-4eae-bd30-619b760f8bef,DEBIT,5000.00,TRY,2026-02,OFF_INVOICE,NKA,2eded86b-ae2a-4097-92fb-f304c79c57e1,8c500433-8582-4c97-8601-76bc5ba191ce,e647e274-0ca6-49be-aa2f-0f6e4b380233,afcf9ffb-9741-42c5-b07b-e03c0de35588,t,,LEDGER|AGREEMENT|7850c5cd-d19e-4eae-bd30-619b760f8bef|f453204b-50c8-41bb-bf57-9657c9ede2dc,,3b703dae-2955-40a1-affa-f94478da505f,2026-07-27 18:08:45.204559
a8260942-cea2-41bf-ae75-7744fa04ae4e,598a895e-5a20-48cc-95bd-a52fe5d4bb65,7850c5cd-d19e-4eae-bd30-619b760f8bef,AGREEMENT,7850c5cd-d19e-4eae-bd30-619b760f8bef,CREDIT,5000.00,TRY,2026-02,OFF_INVOICE,NKA,2eded86b-ae2a-4097-92fb-f304c79c57e1,8c500433-8582-4c97-8601-76bc5ba191ce,e647e274-0ca6-49be-aa2f-0f6e4b380233,afcf9ffb-9741-42c5-b07b-e03c0de35588,f,70f229d8-a526-4d4c-9dfb-58c4eeac73eb,REVERSAL|LEDGER|70f229d8-a526-4d4c-9dfb-58c4eeac73eb,Reversal of ledger entry 70f229d8-a526-4d4c-9dfb-58c4eeac73eb,3b703dae-2955-40a1-affa-f94478da505f,2026-07-27 18:08:45.211488
b019d621-fe59-463d-975d-c0c0b3114df3,598a895e-5a20-48cc-95bd-a52fe5d4bb65,91cd6a01-c210-4cc7-a113-c86f94012e0f,AGREEMENT,91cd6a01-c210-4cc7-a113-c86f94012e0f,DEBIT,5000.00,TRY,2026-02,OFF_INVOICE,NKA,b39ade6a-ea33-413f-95a0-281c859f32fd,8c500433-8582-4c97-8601-76bc5ba191ce,e647e274-0ca6-49be-aa2f-0f6e4b380233,afcf9ffb-9741-42c5-b07b-e03c0de35588,f,,LEDGER|AGREEMENT|91cd6a01-c210-4cc7-a113-c86f94012e0f|4924b915-7377-4869-aab0-1e41c146e698,,3b703dae-2955-40a1-affa-f94478da505f,2026-07-27 18:27:41.257921
2f229c74-4a97-48e8-8f31-5d14c336ed23,598a895e-5a20-48cc-95bd-a52fe5d4bb65,1409a031-e84d-42ed-b706-f2d991a2b0dc,AGREEMENT,1409a031-e84d-42ed-b706-f2d991a2b0dc,DEBIT,3000.00,TRY,2026-02,OFF_INVOICE,NKA,b39ade6a-ea33-413f-95a0-281c859f32fd,8c500433-8582-4c97-8601-76bc5ba191ce,e647e274-0ca6-49be-aa2f-0f6e4b380233,afcf9ffb-9741-42c5-b07b-e03c0de35588,t,,LEDGER|AGREEMENT|1409a031-e84d-42ed-b706-f2d991a2b0dc|b83a9979-a27e-49ac-a0b7-8b23a89b9815,,3b703dae-2955-40a1-affa-f94478da505f,2026-07-27 18:27:41.39328
95b589fc-018f-459b-8ea4-ba08af9b9737,598a895e-5a20-48cc-95bd-a52fe5d4bb65,1409a031-e84d-42ed-b706-f2d991a2b0dc,AGREEMENT,1409a031-e84d-42ed-b706-f2d991a2b0dc,CREDIT,3000.00,TRY,2026-02,OFF_INVOICE,NKA,b39ade6a-ea33-413f-95a0-281c859f32fd,8c500433-8582-4c97-8601-76bc5ba191ce,e647e274-0ca6-49be-aa2f-0f6e4b380233,afcf9ffb-9741-42c5-b07b-e03c0de35588,f,2f229c74-4a97-48e8-8f31-5d14c336ed23,REVERSAL|LEDGER|2f229c74-4a97-48e8-8f31-5d14c336ed23,Reversal of ledger entry 2f229c74-4a97-48e8-8f31-5d14c336ed23,3b703dae-2955-40a1-affa-f94478da505f,2026-07-27 18:27:41.400572
5dff6960-05f0-4157-88e1-82b9022099bf,598a895e-5a20-48cc-95bd-a52fe5d4bb65,20d1269e-fe40-4ec2-824e-207d2d2b8ff6,AGREEMENT,20d1269e-fe40-4ec2-824e-207d2d2b8ff6,DEBIT,5000.00,TRY,2026-02,OFF_INVOICE,NKA,b39ade6a-ea33-413f-95a0-281c859f32fd,8c500433-8582-4c97-8601-76bc5ba191ce,e647e274-0ca6-49be-aa2f-0f6e4b380233,afcf9ffb-9741-42c5-b07b-e03c0de35588,f,,LEDGER|AGREEMENT|20d1269e-fe40-4ec2-824e-207d2d2b8ff6|e5a8d3e9-ad33-4bc2-88ff-b3af0318dba4,,3b703dae-2955-40a1-affa-f94478da505f,2026-07-27 18:29:39.978384
7b417b0f-452f-4102-9e94-3ad4961b7f0c,598a895e-5a20-48cc-95bd-a52fe5d4bb65,914d306c-741d-4883-b6c8-c13afa13bce0,AGREEMENT,914d306c-741d-4883-b6c8-c13afa13bce0,DEBIT,3000.00,TRY,2026-02,OFF_INVOICE,NKA,b39ade6a-ea33-413f-95a0-281c859f32fd,8c500433-8582-4c97-8601-76bc5ba191ce,e647e274-0ca6-49be-aa2f-0f6e4b380233,afcf9ffb-9741-42c5-b07b-e03c0de35588,t,,LEDGER|AGREEMENT|914d306c-741d-4883-b6c8-c13afa13bce0|4c3d0490-5afb-4ebc-b6e3-67444794dbe2,,3b703dae-2955-40a1-affa-f94478da505f,2026-07-27 18:29:40.084047
0b1c8dec-7474-4fcb-929d-d209d5598b77,598a895e-5a20-48cc-95bd-a52fe5d4bb65,914d306c-741d-4883-b6c8-c13afa13bce0,AGREEMENT,914d306c-741d-4883-b6c8-c13afa13bce0,CREDIT,3000.00,TRY,2026-02,OFF_INVOICE,NKA,b39ade6a-ea33-413f-95a0-281c859f32fd,8c500433-8582-4c97-8601-76bc5ba191ce,e647e274-0ca6-49be-aa2f-0f6e4b380233,afcf9ffb-9741-42c5-b07b-e03c0de35588,f,7b417b0f-452f-4102-9e94-3ad4961b7f0c,REVERSAL|LEDGER|7b417b0f-452f-4102-9e94-3ad4961b7f0c,Reversal of ledger entry 7b417b0f-452f-4102-9e94-3ad4961b7f0c,3b703dae-2955-40a1-affa-f94478da505f,2026-07-27 18:29:40.092192
b94bb6f4-11bc-4f4c-b5b3-4374fefae72a,598a895e-5a20-48cc-95bd-a52fe5d4bb65,421e9eca-6f73-40f3-839e-b08bdd980820,AGREEMENT,421e9eca-6f73-40f3-839e-b08bdd980820,DEBIT,5000.00,TRY,2026-02,OFF_INVOICE,NKA,b39ade6a-ea33-413f-95a0-281c859f32fd,8c500433-8582-4c97-8601-76bc5ba191ce,e647e274-0ca6-49be-aa2f-0f6e4b380233,afcf9ffb-9741-42c5-b07b-e03c0de35588,f,,LEDGER|AGREEMENT|421e9eca-6f73-40f3-839e-b08bdd980820|a9acb57d-8246-4179-b633-4214ab15bab1,,3b703dae-2955-40a1-affa-f94478da505f,2026-07-27 18:32:34.935613
95853181-82c4-4f77-8ff3-65bbd7677187,598a895e-5a20-48cc-95bd-a52fe5d4bb65,c1d65602-fc3c-4837-8932-ecf0210337cc,AGREEMENT,c1d65602-fc3c-4837-8932-ecf0210337cc,DEBIT,3000.00,TRY,2026-02,OFF_INVOICE,NKA,b39ade6a-ea33-413f-95a0-281c859f32fd,8c500433-8582-4c97-8601-76bc5ba191ce,e647e274-0ca6-49be-aa2f-0f6e4b380233,afcf9ffb-9741-42c5-b07b-e03c0de35588,t,,LEDGER|AGREEMENT|c1d65602-fc3c-4837-8932-ecf0210337cc|04064bdf-e5b2-4931-9979-0179e726abe1,,3b703dae-2955-40a1-affa-f94478da505f,2026-07-27 18:32:35.055118
9a4f502f-0500-4905-b369-7c74540c516d,598a895e-5a20-48cc-95bd-a52fe5d4bb65,c1d65602-fc3c-4837-8932-ecf0210337cc,AGREEMENT,c1d65602-fc3c-4837-8932-ecf0210337cc,CREDIT,3000.00,TRY,2026-02,OFF_INVOICE,NKA,b39ade6a-ea33-413f-95a0-281c859f32fd,8c500433-8582-4c97-8601-76bc5ba191ce,e647e274-0ca6-49be-aa2f-0f6e4b380233,afcf9ffb-9741-42c5-b07b-e03c0de35588,f,95853181-82c4-4f77-8ff3-65bbd7677187,REVERSAL|LEDGER|95853181-82c4-4f77-8ff3-65bbd7677187,Reversal of ledger entry 95853181-82c4-4f77-8ff3-65bbd7677187,3b703dae-2955-40a1-affa-f94478da505f,2026-07-27 18:32:35.062945
957835ac-15d2-40ed-a1ab-b90154eed674,598a895e-5a20-48cc-95bd-a52fe5d4bb65,43b460bf-5e63-43e5-af33-21f31880b49c,AGREEMENT,43b460bf-5e63-43e5-af33-21f31880b49c,DEBIT,5000.00,TRY,2026-02,OFF_INVOICE,NKA,b39ade6a-ea33-413f-95a0-281c859f32fd,8c500433-8582-4c97-8601-76bc5ba191ce,e647e274-0ca6-49be-aa2f-0f6e4b380233,afcf9ffb-9741-42c5-b07b-e03c0de35588,f,,LEDGER|AGREEMENT|43b460bf-5e63-43e5-af33-21f31880b49c|405774c8-aa65-4c76-9e95-9d26e1f19a3f,,3b703dae-2955-40a1-affa-f94478da505f,2026-07-27 18:34:18.437004
3c6106c9-60db-4b68-8593-b11ebb599045,598a895e-5a20-48cc-95bd-a52fe5d4bb65,b84fb917-38bb-45da-be19-33b93a2ea554,AGREEMENT,b84fb917-38bb-45da-be19-33b93a2ea554,DEBIT,3000.00,TRY,2026-02,OFF_INVOICE,NKA,b39ade6a-ea33-413f-95a0-281c859f32fd,8c500433-8582-4c97-8601-76bc5ba191ce,e647e274-0ca6-49be-aa2f-0f6e4b380233,afcf9ffb-9741-42c5-b07b-e03c0de35588,t,,LEDGER|AGREEMENT|b84fb917-38bb-45da-be19-33b93a2ea554|ceacf06f-2678-420e-9a16-02eefd599d07,,3b703dae-2955-40a1-affa-f94478da505f,2026-07-27 18:34:18.538346
8882f55b-e640-4c5b-b4a9-f8662df4b757,598a895e-5a20-48cc-95bd-a52fe5d4bb65,b84fb917-38bb-45da-be19-33b93a2ea554,AGREEMENT,b84fb917-38bb-45da-be19-33b93a2ea554,CREDIT,3000.00,TRY,2026-02,OFF_INVOICE,NKA,b39ade6a-ea33-413f-95a0-281c859f32fd,8c500433-8582-4c97-8601-76bc5ba191ce,e647e274-0ca6-49be-aa2f-0f6e4b380233,afcf9ffb-9741-42c5-b07b-e03c0de35588,f,3c6106c9-60db-4b68-8593-b11ebb599045,REVERSAL|LEDGER|3c6106c9-60db-4b68-8593-b11ebb599045,Reversal of ledger entry 3c6106c9-60db-4b68-8593-b11ebb599045,3b703dae-2955-40a1-affa-f94478da505f,2026-07-27 18:34:18.545918
3f180050-16a7-4d3a-a4b8-afb6e136d359,598a895e-5a20-48cc-95bd-a52fe5d4bb65,31dcaabe-a82b-493f-8ec2-74692c7d9c63,AGREEMENT,31dcaabe-a82b-493f-8ec2-74692c7d9c63,DEBIT,5000.00,TRY,2026-02,OFF_INVOICE,NKA,b39ade6a-ea33-413f-95a0-281c859f32fd,8c500433-8582-4c97-8601-76bc5ba191ce,e647e274-0ca6-49be-aa2f-0f6e4b380233,afcf9ffb-9741-42c5-b07b-e03c0de35588,f,,LEDGER|AGREEMENT|31dcaabe-a82b-493f-8ec2-74692c7d9c63|cda18c99-eb1c-48b8-a1c1-c4bbc8fc787e,,3b703dae-2955-40a1-affa-f94478da505f,2026-07-27 18:35:31.299034
3cc810eb-c5dc-4019-aa8d-8bd6a144bcdc,598a895e-5a20-48cc-95bd-a52fe5d4bb65,46a376e5-d9ff-4cf3-b1d9-e205aa751311,AGREEMENT,46a376e5-d9ff-4cf3-b1d9-e205aa751311,DEBIT,3000.00,TRY,2026-02,OFF_INVOICE,NKA,b39ade6a-ea33-413f-95a0-281c859f32fd,8c500433-8582-4c97-8601-76bc5ba191ce,e647e274-0ca6-49be-aa2f-0f6e4b380233,afcf9ffb-9741-42c5-b07b-e03c0de35588,t,,LEDGER|AGREEMENT|46a376e5-d9ff-4cf3-b1d9-e205aa751311|e8a0fc78-ad24-41eb-ac13-46a38bab1d85,,3b703dae-2955-40a1-affa-f94478da505f,2026-07-27 18:35:31.410908
9e7b31a7-caa3-44d8-88d9-bd970ace8194,598a895e-5a20-48cc-95bd-a52fe5d4bb65,46a376e5-d9ff-4cf3-b1d9-e205aa751311,AGREEMENT,46a376e5-d9ff-4cf3-b1d9-e205aa751311,CREDIT,3000.00,TRY,2026-02,OFF_INVOICE,NKA,b39ade6a-ea33-413f-95a0-281c859f32fd,8c500433-8582-4c97-8601-76bc5ba191ce,e647e274-0ca6-49be-aa2f-0f6e4b380233,afcf9ffb-9741-42c5-b07b-e03c0de35588,f,3cc810eb-c5dc-4019-aa8d-8bd6a144bcdc,REVERSAL|LEDGER|3cc810eb-c5dc-4019-aa8d-8bd6a144bcdc,Reversal of ledger entry 3cc810eb-c5dc-4019-aa8d-8bd6a144bcdc,3b703dae-2955-40a1-affa-f94478da505f,2026-07-27 18:35:31.418815
0a6781de-c877-4069-b0b5-ccbecc1dca51,598a895e-5a20-48cc-95bd-a52fe5d4bb65,7850c5cd-d19e-4eae-bd30-619b760f8bef,AGREEMENT,7850c5cd-d19e-4eae-bd30-619b760f8bef,DEBIT,5000.00,TRY,2026-02,OFF_INVOICE,NKA,2eded86b-ae2a-4097-92fb-f304c79c57e1,8c500433-8582-4c97-8601-76bc5ba191ce,e647e274-0ca6-49be-aa2f-0f6e4b380233,afcf9ffb-9741-42c5-b07b-e03c0de35588,t,,LEDGER|AGREEMENT|7850c5cd-d19e-4eae-bd30-619b760f8bef|cbb9f7bd-97b1-4d43-a5cf-071a75230623,,3b703dae-2955-40a1-affa-f94478da505f,2026-07-27 18:35:36.4837
6f7e6d27-4ab6-4443-8f46-ce44b41421e9,598a895e-5a20-48cc-95bd-a52fe5d4bb65,7850c5cd-d19e-4eae-bd30-619b760f8bef,AGREEMENT,7850c5cd-d19e-4eae-bd30-619b760f8bef,CREDIT,5000.00,TRY,2026-02,OFF_INVOICE,NKA,2eded86b-ae2a-4097-92fb-f304c79c57e1,8c500433-8582-4c97-8601-76bc5ba191ce,e647e274-0ca6-49be-aa2f-0f6e4b380233,afcf9ffb-9741-42c5-b07b-e03c0de35588,f,0a6781de-c877-4069-b0b5-ccbecc1dca51,REVERSAL|LEDGER|0a6781de-c877-4069-b0b5-ccbecc1dca51,Reversal of ledger entry 0a6781de-c877-4069-b0b5-ccbecc1dca51,3b703dae-2955-40a1-affa-f94478da505f,2026-07-27 18:35:36.489039
bea3e93f-a272-4dfd-886f-69b49123915e,598a895e-5a20-48cc-95bd-a52fe5d4bb65,7850c5cd-d19e-4eae-bd30-619b760f8bef,AGREEMENT,7850c5cd-d19e-4eae-bd30-619b760f8bef,DEBIT,5000.00,TRY,2026-02,OFF_INVOICE,NKA,2eded86b-ae2a-4097-92fb-f304c79c57e1,8c500433-8582-4c97-8601-76bc5ba191ce,e647e274-0ca6-49be-aa2f-0f6e4b380233,afcf9ffb-9741-42c5-b07b-e03c0de35588,t,,LEDGER|AGREEMENT|7850c5cd-d19e-4eae-bd30-619b760f8bef|bdb9c29a-37c0-44d2-b886-9335e6d92bfc,,3b703dae-2955-40a1-affa-f94478da505f,2026-07-27 18:35:36.665193
7ad0a285-961f-4302-99e3-33e99fc06309,598a895e-5a20-48cc-95bd-a52fe5d4bb65,7850c5cd-d19e-4eae-bd30-619b760f8bef,AGREEMENT,7850c5cd-d19e-4eae-bd30-619b760f8bef,CREDIT,5000.00,TRY,2026-02,OFF_INVOICE,NKA,2eded86b-ae2a-4097-92fb-f304c79c57e1,8c500433-8582-4c97-8601-76bc5ba191ce,e647e274-0ca6-49be-aa2f-0f6e4b380233,afcf9ffb-9741-42c5-b07b-e03c0de35588,f,bea3e93f-a272-4dfd-886f-69b49123915e,REVERSAL|LEDGER|bea3e93f-a272-4dfd-886f-69b49123915e,Reversal of ledger entry bea3e93f-a272-4dfd-886f-69b49123915e,0e23990b-31a0-4ac2-be89-a46ebc8200d4,2026-07-27 18:35:36.672119
69ab0db0-e7a6-436e-9d47-30444a98655d,598a895e-5a20-48cc-95bd-a52fe5d4bb65,7850c5cd-d19e-4eae-bd30-619b760f8bef,AGREEMENT,7850c5cd-d19e-4eae-bd30-619b760f8bef,DEBIT,5000.00,TRY,2026-02,OFF_INVOICE,NKA,2eded86b-ae2a-4097-92fb-f304c79c57e1,8c500433-8582-4c97-8601-76bc5ba191ce,e647e274-0ca6-49be-aa2f-0f6e4b380233,afcf9ffb-9741-42c5-b07b-e03c0de35588,t,,LEDGER|AGREEMENT|7850c5cd-d19e-4eae-bd30-619b760f8bef|1e67c418-1a61-4149-a5e4-2799a8cc4a30,,3b703dae-2955-40a1-affa-f94478da505f,2026-07-27 18:35:36.702995
9f71c446-ac2f-4859-951e-2d0b5471d334,598a895e-5a20-48cc-95bd-a52fe5d4bb65,7850c5cd-d19e-4eae-bd30-619b760f8bef,AGREEMENT,7850c5cd-d19e-4eae-bd30-619b760f8bef,CREDIT,5000.00,TRY,2026-02,OFF_INVOICE,NKA,2eded86b-ae2a-4097-92fb-f304c79c57e1,8c500433-8582-4c97-8601-76bc5ba191ce,e647e274-0ca6-49be-aa2f-0f6e4b380233,afcf9ffb-9741-42c5-b07b-e03c0de35588,f,69ab0db0-e7a6-436e-9d47-30444a98655d,REVERSAL|LEDGER|69ab0db0-e7a6-436e-9d47-30444a98655d,Reversal of ledger entry 69ab0db0-e7a6-436e-9d47-30444a98655d,3b703dae-2955-40a1-affa-f94478da505f,2026-07-27 18:35:36.707414
3c99d479-49a0-4509-a5cd-83178361df5e,598a895e-5a20-48cc-95bd-a52fe5d4bb65,7850c5cd-d19e-4eae-bd30-619b760f8bef,AGREEMENT,7850c5cd-d19e-4eae-bd30-619b760f8bef,DEBIT,5000.00,TRY,2026-02,OFF_INVOICE,NKA,2eded86b-ae2a-4097-92fb-f304c79c57e1,8c500433-8582-4c97-8601-76bc5ba191ce,e647e274-0ca6-49be-aa2f-0f6e4b380233,afcf9ffb-9741-42c5-b07b-e03c0de35588,t,,LEDGER|AGREEMENT|7850c5cd-d19e-4eae-bd30-619b760f8bef|d5c3c46c-4276-49c5-aec7-0ee48224d32e,,3b703dae-2955-40a1-affa-f94478da505f,2026-07-27 18:35:36.74237
490bf9a5-66de-419b-af51-147346d0b85b,598a895e-5a20-48cc-95bd-a52fe5d4bb65,7850c5cd-d19e-4eae-bd30-619b760f8bef,AGREEMENT,7850c5cd-d19e-4eae-bd30-619b760f8bef,CREDIT,5000.00,TRY,2026-02,OFF_INVOICE,NKA,2eded86b-ae2a-4097-92fb-f304c79c57e1,8c500433-8582-4c97-8601-76bc5ba191ce,e647e274-0ca6-49be-aa2f-0f6e4b380233,afcf9ffb-9741-42c5-b07b-e03c0de35588,f,3c99d479-49a0-4509-a5cd-83178361df5e,REVERSAL|LEDGER|3c99d479-49a0-4509-a5cd-83178361df5e,Reversal of ledger entry 3c99d479-49a0-4509-a5cd-83178361df5e,3b703dae-2955-40a1-affa-f94478da505f,2026-07-27 18:35:36.750697
e1242e75-db6f-41f7-9d94-584a715be12e,598a895e-5a20-48cc-95bd-a52fe5d4bb65,1b708e20-4424-4427-bac9-9ed4babe0d69,AGREEMENT,1b708e20-4424-4427-bac9-9ed4babe0d69,DEBIT,5000.00,TRY,2026-02,OFF_INVOICE,NKA,b39ade6a-ea33-413f-95a0-281c859f32fd,8c500433-8582-4c97-8601-76bc5ba191ce,e647e274-0ca6-49be-aa2f-0f6e4b380233,afcf9ffb-9741-42c5-b07b-e03c0de35588,f,,LEDGER|AGREEMENT|1b708e20-4424-4427-bac9-9ed4babe0d69|1a90a298-5964-4d0b-9b6f-3605093b3bf7,,3b703dae-2955-40a1-affa-f94478da505f,2026-07-27 18:36:48.334792
1a9dd92b-e445-4262-af76-49e11f1987a3,598a895e-5a20-48cc-95bd-a52fe5d4bb65,078fda7b-9e2d-4750-895d-82fc886fa9dd,AGREEMENT,078fda7b-9e2d-4750-895d-82fc886fa9dd,DEBIT,3000.00,TRY,2026-02,OFF_INVOICE,NKA,b39ade6a-ea33-413f-95a0-281c859f32fd,8c500433-8582-4c97-8601-76bc5ba191ce,e647e274-0ca6-49be-aa2f-0f6e4b380233,afcf9ffb-9741-42c5-b07b-e03c0de35588,t,,LEDGER|AGREEMENT|078fda7b-9e2d-4750-895d-82fc886fa9dd|82ccb584-ef5a-4e9a-98d0-69adc9ca2c83,,3b703dae-2955-40a1-affa-f94478da505f,2026-07-27 18:36:48.427775
6a1ecf17-a339-40d0-93ae-e55ec7ce6962,598a895e-5a20-48cc-95bd-a52fe5d4bb65,078fda7b-9e2d-4750-895d-82fc886fa9dd,AGREEMENT,078fda7b-9e2d-4750-895d-82fc886fa9dd,CREDIT,3000.00,TRY,2026-02,OFF_INVOICE,NKA,b39ade6a-ea33-413f-95a0-281c859f32fd,8c500433-8582-4c97-8601-76bc5ba191ce,e647e274-0ca6-49be-aa2f-0f6e4b380233,afcf9ffb-9741-42c5-b07b-e03c0de35588,f,1a9dd92b-e445-4262-af76-49e11f1987a3,REVERSAL|LEDGER|1a9dd92b-e445-4262-af76-49e11f1987a3,Reversal of ledger entry 1a9dd92b-e445-4262-af76-49e11f1987a3,3b703dae-2955-40a1-affa-f94478da505f,2026-07-27 18:36:48.438701
4162c1c1-6f43-42b4-8c84-384dcae716b5,598a895e-5a20-48cc-95bd-a52fe5d4bb65,b84fb917-38bb-45da-be19-33b93a2ea554,AGREEMENT,b84fb917-38bb-45da-be19-33b93a2ea554,DEBIT,5000.00,TRY,2026-02,OFF_INVOICE,NKA,b39ade6a-ea33-413f-95a0-281c859f32fd,8c500433-8582-4c97-8601-76bc5ba191ce,e647e274-0ca6-49be-aa2f-0f6e4b380233,afcf9ffb-9741-42c5-b07b-e03c0de35588,t,,LEDGER|AGREEMENT|b84fb917-38bb-45da-be19-33b93a2ea554|2e45f160-00af-410e-9eac-b301a449bea8,,3b703dae-2955-40a1-affa-f94478da505f,2026-07-27 18:36:51.933366
b8988a1b-ed31-4517-96b1-b2f616451c66,598a895e-5a20-48cc-95bd-a52fe5d4bb65,b84fb917-38bb-45da-be19-33b93a2ea554,AGREEMENT,b84fb917-38bb-45da-be19-33b93a2ea554,CREDIT,5000.00,TRY,2026-02,OFF_INVOICE,NKA,b39ade6a-ea33-413f-95a0-281c859f32fd,8c500433-8582-4c97-8601-76bc5ba191ce,e647e274-0ca6-49be-aa2f-0f6e4b380233,afcf9ffb-9741-42c5-b07b-e03c0de35588,f,4162c1c1-6f43-42b4-8c84-384dcae716b5,REVERSAL|LEDGER|4162c1c1-6f43-42b4-8c84-384dcae716b5,Reversal of ledger entry 4162c1c1-6f43-42b4-8c84-384dcae716b5,3b703dae-2955-40a1-affa-f94478da505f,2026-07-27 18:36:51.939765
c8c42f27-3081-45bb-bf51-a3b7573e6fcc,598a895e-5a20-48cc-95bd-a52fe5d4bb65,b84fb917-38bb-45da-be19-33b93a2ea554,AGREEMENT,b84fb917-38bb-45da-be19-33b93a2ea554,DEBIT,5000.00,TRY,2026-02,OFF_INVOICE,NKA,b39ade6a-ea33-413f-95a0-281c859f32fd,8c500433-8582-4c97-8601-76bc5ba191ce,e647e274-0ca6-49be-aa2f-0f6e4b380233,afcf9ffb-9741-42c5-b07b-e03c0de35588,t,,LEDGER|AGREEMENT|b84fb917-38bb-45da-be19-33b93a2ea554|3de7f2b1-be88-49e6-8956-4f5b8205f9dc,,3b703dae-2955-40a1-affa-f94478da505f,2026-07-27 18:36:52.113812
d9afb606-58e6-4d23-a4d4-a726aca3da0e,598a895e-5a20-48cc-95bd-a52fe5d4bb65,b84fb917-38bb-45da-be19-33b93a2ea554,AGREEMENT,b84fb917-38bb-45da-be19-33b93a2ea554,CREDIT,5000.00,TRY,2026-02,OFF_INVOICE,NKA,b39ade6a-ea33-413f-95a0-281c859f32fd,8c500433-8582-4c97-8601-76bc5ba191ce,e647e274-0ca6-49be-aa2f-0f6e4b380233,afcf9ffb-9741-42c5-b07b-e03c0de35588,f,c8c42f27-3081-45bb-bf51-a3b7573e6fcc,REVERSAL|LEDGER|c8c42f27-3081-45bb-bf51-a3b7573e6fcc,Reversal of ledger entry c8c42f27-3081-45bb-bf51-a3b7573e6fcc,0e23990b-31a0-4ac2-be89-a46ebc8200d4,2026-07-27 18:36:52.119674
d6130b6a-2044-4070-918b-4e9b90fb8e33,598a895e-5a20-48cc-95bd-a52fe5d4bb65,b84fb917-38bb-45da-be19-33b93a2ea554,AGREEMENT,b84fb917-38bb-45da-be19-33b93a2ea554,DEBIT,5000.00,TRY,2026-02,OFF_INVOICE,NKA,b39ade6a-ea33-413f-95a0-281c859f32fd,8c500433-8582-4c97-8601-76bc5ba191ce,e647e274-0ca6-49be-aa2f-0f6e4b380233,afcf9ffb-9741-42c5-b07b-e03c0de35588,t,,LEDGER|AGREEMENT|b84fb917-38bb-45da-be19-33b93a2ea554|526b29f1-b710-4c70-b99f-340f080af29d,,3b703dae-2955-40a1-affa-f94478da505f,2026-07-27 18:36:52.151579
8bc913a3-0bc2-46f7-9676-028eada77e95,598a895e-5a20-48cc-95bd-a52fe5d4bb65,b84fb917-38bb-45da-be19-33b93a2ea554,AGREEMENT,b84fb917-38bb-45da-be19-33b93a2ea554,CREDIT,5000.00,TRY,2026-02,OFF_INVOICE,NKA,b39ade6a-ea33-413f-95a0-281c859f32fd,8c500433-8582-4c97-8601-76bc5ba191ce,e647e274-0ca6-49be-aa2f-0f6e4b380233,afcf9ffb-9741-42c5-b07b-e03c0de35588,f,d6130b6a-2044-4070-918b-4e9b90fb8e33,REVERSAL|LEDGER|d6130b6a-2044-4070-918b-4e9b90fb8e33,Reversal of ledger entry d6130b6a-2044-4070-918b-4e9b90fb8e33,3b703dae-2955-40a1-affa-f94478da505f,2026-07-27 18:36:52.155505
c69cb17d-f389-487f-9607-416c1bad7d55,598a895e-5a20-48cc-95bd-a52fe5d4bb65,b84fb917-38bb-45da-be19-33b93a2ea554,AGREEMENT,b84fb917-38bb-45da-be19-33b93a2ea554,DEBIT,5000.00,TRY,2026-02,OFF_INVOICE,NKA,b39ade6a-ea33-413f-95a0-281c859f32fd,8c500433-8582-4c97-8601-76bc5ba191ce,e647e274-0ca6-49be-aa2f-0f6e4b380233,afcf9ffb-9741-42c5-b07b-e03c0de35588,t,,LEDGER|AGREEMENT|b84fb917-38bb-45da-be19-33b93a2ea554|907c9f9b-58f9-42cd-9bf2-9426b60bcd1e,,3b703dae-2955-40a1-affa-f94478da505f,2026-07-27 18:36:52.18918
477d0c7a-1815-4950-ac3f-be3e1e33de90,598a895e-5a20-48cc-95bd-a52fe5d4bb65,b84fb917-38bb-45da-be19-33b93a2ea554,AGREEMENT,b84fb917-38bb-45da-be19-33b93a2ea554,CREDIT,5000.00,TRY,2026-02,OFF_INVOICE,NKA,b39ade6a-ea33-413f-95a0-281c859f32fd,8c500433-8582-4c97-8601-76bc5ba191ce,e647e274-0ca6-49be-aa2f-0f6e4b380233,afcf9ffb-9741-42c5-b07b-e03c0de35588,f,c69cb17d-f389-487f-9607-416c1bad7d55,REVERSAL|LEDGER|c69cb17d-f389-487f-9607-416c1bad7d55,Reversal of ledger entry c69cb17d-f389-487f-9607-416c1bad7d55,3b703dae-2955-40a1-affa-f94478da505f,2026-07-27 18:36:52.195984
f2698a0b-1086-47a2-b9c4-abcc1478ac4f,598a895e-5a20-48cc-95bd-a52fe5d4bb65,1d3098dd-8cba-426b-80c2-2877539803b6,AGREEMENT,1d3098dd-8cba-426b-80c2-2877539803b6,DEBIT,5000.00,TRY,2026-02,OFF_INVOICE,NKA,b39ade6a-ea33-413f-95a0-281c859f32fd,8c500433-8582-4c97-8601-76bc5ba191ce,e647e274-0ca6-49be-aa2f-0f6e4b380233,afcf9ffb-9741-42c5-b07b-e03c0de35588,f,,LEDGER|AGREEMENT|1d3098dd-8cba-426b-80c2-2877539803b6|2c87c280-9e8a-4b21-a3f9-9c235d8873b1,,3b703dae-2955-40a1-affa-f94478da505f,2026-07-27 18:39:37.704638
fc2c84e8-a111-41f5-8320-3eca10723c17,598a895e-5a20-48cc-95bd-a52fe5d4bb65,f1db9711-b002-4958-8c1e-ded8600cd74f,AGREEMENT,f1db9711-b002-4958-8c1e-ded8600cd74f,DEBIT,3000.00,TRY,2026-02,OFF_INVOICE,NKA,b39ade6a-ea33-413f-95a0-281c859f32fd,8c500433-8582-4c97-8601-76bc5ba191ce,e647e274-0ca6-49be-aa2f-0f6e4b380233,afcf9ffb-9741-42c5-b07b-e03c0de35588,t,,LEDGER|AGREEMENT|f1db9711-b002-4958-8c1e-ded8600cd74f|ee835081-e030-441e-a23b-d38c262a0d12,,3b703dae-2955-40a1-affa-f94478da505f,2026-07-27 18:39:37.820721
c031782c-cc7e-46b7-bf75-b5b5eb2676dc,598a895e-5a20-48cc-95bd-a52fe5d4bb65,f1db9711-b002-4958-8c1e-ded8600cd74f,AGREEMENT,f1db9711-b002-4958-8c1e-ded8600cd74f,CREDIT,3000.00,TRY,2026-02,OFF_INVOICE,NKA,b39ade6a-ea33-413f-95a0-281c859f32fd,8c500433-8582-4c97-8601-76bc5ba191ce,e647e274-0ca6-49be-aa2f-0f6e4b380233,afcf9ffb-9741-42c5-b07b-e03c0de35588,f,fc2c84e8-a111-41f5-8320-3eca10723c17,REVERSAL|LEDGER|fc2c84e8-a111-41f5-8320-3eca10723c17,Reversal of ledger entry fc2c84e8-a111-41f5-8320-3eca10723c17,3b703dae-2955-40a1-affa-f94478da505f,2026-07-27 18:39:37.832033
e473f374-a2a8-4def-8ce1-5501ecdf6fab,598a895e-5a20-48cc-95bd-a52fe5d4bb65,71a6c8d7-5286-4b75-b75f-45925b3e27c2,AGREEMENT,71a6c8d7-5286-4b75-b75f-45925b3e27c2,DEBIT,5000.00,TRY,2026-02,OFF_INVOICE,NKA,b39ade6a-ea33-413f-95a0-281c859f32fd,8c500433-8582-4c97-8601-76bc5ba191ce,e647e274-0ca6-49be-aa2f-0f6e4b380233,afcf9ffb-9741-42c5-b07b-e03c0de35588,f,,LEDGER|AGREEMENT|71a6c8d7-5286-4b75-b75f-45925b3e27c2|7116beed-0e14-4b03-b723-1ed3ce9da896,,3b703dae-2955-40a1-affa-f94478da505f,2026-07-27 18:42:29.387479
2e282db4-70aa-49c6-b630-a86476295381,598a895e-5a20-48cc-95bd-a52fe5d4bb65,0bbc77f4-6821-4431-b649-c7c3336be6da,AGREEMENT,0bbc77f4-6821-4431-b649-c7c3336be6da,DEBIT,3000.00,TRY,2026-02,OFF_INVOICE,NKA,b39ade6a-ea33-413f-95a0-281c859f32fd,8c500433-8582-4c97-8601-76bc5ba191ce,e647e274-0ca6-49be-aa2f-0f6e4b380233,afcf9ffb-9741-42c5-b07b-e03c0de35588,t,,LEDGER|AGREEMENT|0bbc77f4-6821-4431-b649-c7c3336be6da|235ce5d0-a603-4405-8c45-1b0557f97004,,3b703dae-2955-40a1-affa-f94478da505f,2026-07-27 18:42:29.478247
da8b19a1-5cd7-48ca-b146-ad44be9e326a,598a895e-5a20-48cc-95bd-a52fe5d4bb65,0bbc77f4-6821-4431-b649-c7c3336be6da,AGREEMENT,0bbc77f4-6821-4431-b649-c7c3336be6da,CREDIT,3000.00,TRY,2026-02,OFF_INVOICE,NKA,b39ade6a-ea33-413f-95a0-281c859f32fd,8c500433-8582-4c97-8601-76bc5ba191ce,e647e274-0ca6-49be-aa2f-0f6e4b380233,afcf9ffb-9741-42c5-b07b-e03c0de35588,f,2e282db4-70aa-49c6-b630-a86476295381,REVERSAL|LEDGER|2e282db4-70aa-49c6-b630-a86476295381,Reversal of ledger entry 2e282db4-70aa-49c6-b630-a86476295381,3b703dae-2955-40a1-affa-f94478da505f,2026-07-27 18:42:29.485731
dd5d6e98-b976-4d4a-9ed7-72113459078a,598a895e-5a20-48cc-95bd-a52fe5d4bb65,b84fb917-38bb-45da-be19-33b93a2ea554,AGREEMENT,b84fb917-38bb-45da-be19-33b93a2ea554,DEBIT,5000.00,TRY,2026-02,OFF_INVOICE,NKA,b39ade6a-ea33-413f-95a0-281c859f32fd,8c500433-8582-4c97-8601-76bc5ba191ce,e647e274-0ca6-49be-aa2f-0f6e4b380233,afcf9ffb-9741-42c5-b07b-e03c0de35588,t,,LEDGER|AGREEMENT|b84fb917-38bb-45da-be19-33b93a2ea554|f53ce5e8-d3b8-4c16-9289-0d9dbf90fc2c,,3b703dae-2955-40a1-affa-f94478da505f,2026-07-27 18:42:32.627082
b826e87a-313a-4b17-b284-6bd12f3f34dd,598a895e-5a20-48cc-95bd-a52fe5d4bb65,b84fb917-38bb-45da-be19-33b93a2ea554,AGREEMENT,b84fb917-38bb-45da-be19-33b93a2ea554,CREDIT,5000.00,TRY,2026-02,OFF_INVOICE,NKA,b39ade6a-ea33-413f-95a0-281c859f32fd,8c500433-8582-4c97-8601-76bc5ba191ce,e647e274-0ca6-49be-aa2f-0f6e4b380233,afcf9ffb-9741-42c5-b07b-e03c0de35588,f,dd5d6e98-b976-4d4a-9ed7-72113459078a,REVERSAL|LEDGER|dd5d6e98-b976-4d4a-9ed7-72113459078a,Reversal of ledger entry dd5d6e98-b976-4d4a-9ed7-72113459078a,3b703dae-2955-40a1-affa-f94478da505f,2026-07-27 18:42:32.633862
795ac783-9b48-4e9d-aa52-34263f0a97ea,598a895e-5a20-48cc-95bd-a52fe5d4bb65,b84fb917-38bb-45da-be19-33b93a2ea554,AGREEMENT,b84fb917-38bb-45da-be19-33b93a2ea554,DEBIT,5000.00,TRY,2026-02,OFF_INVOICE,NKA,b39ade6a-ea33-413f-95a0-281c859f32fd,8c500433-8582-4c97-8601-76bc5ba191ce,e647e274-0ca6-49be-aa2f-0f6e4b380233,afcf9ffb-9741-42c5-b07b-e03c0de35588,t,,LEDGER|AGREEMENT|b84fb917-38bb-45da-be19-33b93a2ea554|5401974a-f5b3-468b-9c79-a6c76049d1b6,,3b703dae-2955-40a1-affa-f94478da505f,2026-07-27 18:42:32.774
597fafe5-5d7b-4181-9e8c-34a6720e22b0,598a895e-5a20-48cc-95bd-a52fe5d4bb65,b84fb917-38bb-45da-be19-33b93a2ea554,AGREEMENT,b84fb917-38bb-45da-be19-33b93a2ea554,CREDIT,5000.00,TRY,2026-02,OFF_INVOICE,NKA,b39ade6a-ea33-413f-95a0-281c859f32fd,8c500433-8582-4c97-8601-76bc5ba191ce,e647e274-0ca6-49be-aa2f-0f6e4b380233,afcf9ffb-9741-42c5-b07b-e03c0de35588,f,795ac783-9b48-4e9d-aa52-34263f0a97ea,REVERSAL|LEDGER|795ac783-9b48-4e9d-aa52-34263f0a97ea,Reversal of ledger entry 795ac783-9b48-4e9d-aa52-34263f0a97ea,0e23990b-31a0-4ac2-be89-a46ebc8200d4,2026-07-27 18:42:32.778451
108bff01-db7c-498b-8174-55eeeff25750,598a895e-5a20-48cc-95bd-a52fe5d4bb65,b84fb917-38bb-45da-be19-33b93a2ea554,AGREEMENT,b84fb917-38bb-45da-be19-33b93a2ea554,DEBIT,5000.00,TRY,2026-02,OFF_INVOICE,NKA,b39ade6a-ea33-413f-95a0-281c859f32fd,8c500433-8582-4c97-8601-76bc5ba191ce,e647e274-0ca6-49be-aa2f-0f6e4b380233,afcf9ffb-9741-42c5-b07b-e03c0de35588,t,,LEDGER|AGREEMENT|b84fb917-38bb-45da-be19-33b93a2ea554|70ef2d8c-76ae-41d4-a6b9-1b7dabb416fc,,3b703dae-2955-40a1-affa-f94478da505f,2026-07-27 18:42:32.810008
6d3497bb-fb05-4702-9abf-a54252a00c68,598a895e-5a20-48cc-95bd-a52fe5d4bb65,b84fb917-38bb-45da-be19-33b93a2ea554,AGREEMENT,b84fb917-38bb-45da-be19-33b93a2ea554,CREDIT,5000.00,TRY,2026-02,OFF_INVOICE,NKA,b39ade6a-ea33-413f-95a0-281c859f32fd,8c500433-8582-4c97-8601-76bc5ba191ce,e647e274-0ca6-49be-aa2f-0f6e4b380233,afcf9ffb-9741-42c5-b07b-e03c0de35588,f,108bff01-db7c-498b-8174-55eeeff25750,REVERSAL|LEDGER|108bff01-db7c-498b-8174-55eeeff25750,Reversal of ledger entry 108bff01-db7c-498b-8174-55eeeff25750,3b703dae-2955-40a1-affa-f94478da505f,2026-07-27 18:42:32.814631
7198be57-b131-461c-aa90-e814ef937e7d,598a895e-5a20-48cc-95bd-a52fe5d4bb65,b84fb917-38bb-45da-be19-33b93a2ea554,AGREEMENT,b84fb917-38bb-45da-be19-33b93a2ea554,DEBIT,5000.00,TRY,2026-02,OFF_INVOICE,NKA,b39ade6a-ea33-413f-95a0-281c859f32fd,8c500433-8582-4c97-8601-76bc5ba191ce,e647e274-0ca6-49be-aa2f-0f6e4b380233,afcf9ffb-9741-42c5-b07b-e03c0de35588,t,,LEDGER|AGREEMENT|b84fb917-38bb-45da-be19-33b93a2ea554|88f1a328-00f5-40a0-a0bb-9d7edeac949f,,3b703dae-2955-40a1-affa-f94478da505f,2026-07-27 18:42:32.852903
4293d4ab-49e5-46ca-961d-60189bdec41f,598a895e-5a20-48cc-95bd-a52fe5d4bb65,b84fb917-38bb-45da-be19-33b93a2ea554,AGREEMENT,b84fb917-38bb-45da-be19-33b93a2ea554,CREDIT,5000.00,TRY,2026-02,OFF_INVOICE,NKA,b39ade6a-ea33-413f-95a0-281c859f32fd,8c500433-8582-4c97-8601-76bc5ba191ce,e647e274-0ca6-49be-aa2f-0f6e4b380233,afcf9ffb-9741-42c5-b07b-e03c0de35588,f,7198be57-b131-461c-aa90-e814ef937e7d,REVERSAL|LEDGER|7198be57-b131-461c-aa90-e814ef937e7d,Reversal of ledger entry 7198be57-b131-461c-aa90-e814ef937e7d,3b703dae-2955-40a1-affa-f94478da505f,2026-07-27 18:42:32.858951
44685efd-43a9-4948-8b25-17e3e12ed9f7,598a895e-5a20-48cc-95bd-a52fe5d4bb65,f6f4803d-9361-4512-b3b6-b8e711666ab7,AGREEMENT,f6f4803d-9361-4512-b3b6-b8e711666ab7,DEBIT,5000.00,TRY,2026-02,OFF_INVOICE,NKA,b39ade6a-ea33-413f-95a0-281c859f32fd,8c500433-8582-4c97-8601-76bc5ba191ce,e647e274-0ca6-49be-aa2f-0f6e4b380233,afcf9ffb-9741-42c5-b07b-e03c0de35588,f,,LEDGER|AGREEMENT|f6f4803d-9361-4512-b3b6-b8e711666ab7|198b8a4d-d9ed-4775-a5aa-8cfc1b4808bf,,3b703dae-2955-40a1-affa-f94478da505f,2026-07-27 18:46:06.601088
d7554e44-129b-453d-8299-5f648a768d8b,598a895e-5a20-48cc-95bd-a52fe5d4bb65,86bfe1a8-5734-4994-b295-81e1dc0a92d7,AGREEMENT,86bfe1a8-5734-4994-b295-81e1dc0a92d7,DEBIT,3000.00,TRY,2026-02,OFF_INVOICE,NKA,b39ade6a-ea33-413f-95a0-281c859f32fd,8c500433-8582-4c97-8601-76bc5ba191ce,e647e274-0ca6-49be-aa2f-0f6e4b380233,afcf9ffb-9741-42c5-b07b-e03c0de35588,t,,LEDGER|AGREEMENT|86bfe1a8-5734-4994-b295-81e1dc0a92d7|24c53067-fea0-4a9b-a1e4-e731194ece70,,3b703dae-2955-40a1-affa-f94478da505f,2026-07-27 18:46:06.729797
5bc2dd3c-7db9-4761-abdb-d5dd2418b520,598a895e-5a20-48cc-95bd-a52fe5d4bb65,86bfe1a8-5734-4994-b295-81e1dc0a92d7,AGREEMENT,86bfe1a8-5734-4994-b295-81e1dc0a92d7,CREDIT,3000.00,TRY,2026-02,OFF_INVOICE,NKA,b39ade6a-ea33-413f-95a0-281c859f32fd,8c500433-8582-4c97-8601-76bc5ba191ce,e647e274-0ca6-49be-aa2f-0f6e4b380233,afcf9ffb-9741-42c5-b07b-e03c0de35588,f,d7554e44-129b-453d-8299-5f648a768d8b,REVERSAL|LEDGER|d7554e44-129b-453d-8299-5f648a768d8b,Reversal of ledger entry d7554e44-129b-453d-8299-5f648a768d8b,3b703dae-2955-40a1-affa-f94478da505f,2026-07-27 18:46:06.738693
8ec8d573-8911-4b4f-b559-039398729625,598a895e-5a20-48cc-95bd-a52fe5d4bb65,078fda7b-9e2d-4750-895d-82fc886fa9dd,AGREEMENT,078fda7b-9e2d-4750-895d-82fc886fa9dd,DEBIT,5000.00,TRY,2026-02,OFF_INVOICE,NKA,b39ade6a-ea33-413f-95a0-281c859f32fd,8c500433-8582-4c97-8601-76bc5ba191ce,e647e274-0ca6-49be-aa2f-0f6e4b380233,afcf9ffb-9741-42c5-b07b-e03c0de35588,t,,LEDGER|AGREEMENT|078fda7b-9e2d-4750-895d-82fc886fa9dd|457c4a97-05a8-4f03-9810-f1b3d7860e9d,,3b703dae-2955-40a1-affa-f94478da505f,2026-07-27 18:46:09.405136
0e666888-4bce-4092-91bd-d618b75e6be9,598a895e-5a20-48cc-95bd-a52fe5d4bb65,078fda7b-9e2d-4750-895d-82fc886fa9dd,AGREEMENT,078fda7b-9e2d-4750-895d-82fc886fa9dd,CREDIT,5000.00,TRY,2026-02,OFF_INVOICE,NKA,b39ade6a-ea33-413f-95a0-281c859f32fd,8c500433-8582-4c97-8601-76bc5ba191ce,e647e274-0ca6-49be-aa2f-0f6e4b380233,afcf9ffb-9741-42c5-b07b-e03c0de35588,f,8ec8d573-8911-4b4f-b559-039398729625,REVERSAL|LEDGER|8ec8d573-8911-4b4f-b559-039398729625,Reversal of ledger entry 8ec8d573-8911-4b4f-b559-039398729625,3b703dae-2955-40a1-affa-f94478da505f,2026-07-27 18:46:09.411383
54e69dbd-991f-4087-94c8-3a528bbbb770,598a895e-5a20-48cc-95bd-a52fe5d4bb65,078fda7b-9e2d-4750-895d-82fc886fa9dd,AGREEMENT,078fda7b-9e2d-4750-895d-82fc886fa9dd,DEBIT,5000.00,TRY,2026-02,OFF_INVOICE,NKA,b39ade6a-ea33-413f-95a0-281c859f32fd,8c500433-8582-4c97-8601-76bc5ba191ce,e647e274-0ca6-49be-aa2f-0f6e4b380233,afcf9ffb-9741-42c5-b07b-e03c0de35588,t,,LEDGER|AGREEMENT|078fda7b-9e2d-4750-895d-82fc886fa9dd|5c001d90-deed-4969-8545-9908921bf800,,3b703dae-2955-40a1-affa-f94478da505f,2026-07-27 18:46:09.587403
ea5aec97-6377-4c77-99ba-76cb72916482,598a895e-5a20-48cc-95bd-a52fe5d4bb65,078fda7b-9e2d-4750-895d-82fc886fa9dd,AGREEMENT,078fda7b-9e2d-4750-895d-82fc886fa9dd,CREDIT,5000.00,TRY,2026-02,OFF_INVOICE,NKA,b39ade6a-ea33-413f-95a0-281c859f32fd,8c500433-8582-4c97-8601-76bc5ba191ce,e647e274-0ca6-49be-aa2f-0f6e4b380233,afcf9ffb-9741-42c5-b07b-e03c0de35588,f,54e69dbd-991f-4087-94c8-3a528bbbb770,REVERSAL|LEDGER|54e69dbd-991f-4087-94c8-3a528bbbb770,Reversal of ledger entry 54e69dbd-991f-4087-94c8-3a528bbbb770,0e23990b-31a0-4ac2-be89-a46ebc8200d4,2026-07-27 18:46:09.595437
713352a9-b5ae-40c1-9d78-e6f2bdea5033,598a895e-5a20-48cc-95bd-a52fe5d4bb65,078fda7b-9e2d-4750-895d-82fc886fa9dd,AGREEMENT,078fda7b-9e2d-4750-895d-82fc886fa9dd,DEBIT,5000.00,TRY,2026-02,OFF_INVOICE,NKA,b39ade6a-ea33-413f-95a0-281c859f32fd,8c500433-8582-4c97-8601-76bc5ba191ce,e647e274-0ca6-49be-aa2f-0f6e4b380233,afcf9ffb-9741-42c5-b07b-e03c0de35588,t,,LEDGER|AGREEMENT|078fda7b-9e2d-4750-895d-82fc886fa9dd|04ebc2cb-0d02-42d1-97ef-9377ef5286de,,3b703dae-2955-40a1-affa-f94478da505f,2026-07-27 18:46:09.640393
a54b617a-7d89-4ce4-b6a3-d44014e80f1b,598a895e-5a20-48cc-95bd-a52fe5d4bb65,078fda7b-9e2d-4750-895d-82fc886fa9dd,AGREEMENT,078fda7b-9e2d-4750-895d-82fc886fa9dd,CREDIT,5000.00,TRY,2026-02,OFF_INVOICE,NKA,b39ade6a-ea33-413f-95a0-281c859f32fd,8c500433-8582-4c97-8601-76bc5ba191ce,e647e274-0ca6-49be-aa2f-0f6e4b380233,afcf9ffb-9741-42c5-b07b-e03c0de35588,f,713352a9-b5ae-40c1-9d78-e6f2bdea5033,REVERSAL|LEDGER|713352a9-b5ae-40c1-9d78-e6f2bdea5033,Reversal of ledger entry 713352a9-b5ae-40c1-9d78-e6f2bdea5033,3b703dae-2955-40a1-affa-f94478da505f,2026-07-27 18:46:09.646092
28938dbc-bc9a-4fea-ac47-c5336c8fad71,598a895e-5a20-48cc-95bd-a52fe5d4bb65,078fda7b-9e2d-4750-895d-82fc886fa9dd,AGREEMENT,078fda7b-9e2d-4750-895d-82fc886fa9dd,DEBIT,5000.00,TRY,2026-02,OFF_INVOICE,NKA,b39ade6a-ea33-413f-95a0-281c859f32fd,8c500433-8582-4c97-8601-76bc5ba191ce,e647e274-0ca6-49be-aa2f-0f6e4b380233,afcf9ffb-9741-42c5-b07b-e03c0de35588,t,,LEDGER|AGREEMENT|078fda7b-9e2d-4750-895d-82fc886fa9dd|c2efa91e-5604-40ab-bf9e-2147eb0d7aea,,3b703dae-2955-40a1-affa-f94478da505f,2026-07-27 18:46:09.702544
4505f805-850c-4063-a101-dbf2ad083a75,598a895e-5a20-48cc-95bd-a52fe5d4bb65,078fda7b-9e2d-4750-895d-82fc886fa9dd,AGREEMENT,078fda7b-9e2d-4750-895d-82fc886fa9dd,CREDIT,5000.00,TRY,2026-02,OFF_INVOICE,NKA,b39ade6a-ea33-413f-95a0-281c859f32fd,8c500433-8582-4c97-8601-76bc5ba191ce,e647e274-0ca6-49be-aa2f-0f6e4b380233,afcf9ffb-9741-42c5-b07b-e03c0de35588,f,28938dbc-bc9a-4fea-ac47-c5336c8fad71,REVERSAL|LEDGER|28938dbc-bc9a-4fea-ac47-c5336c8fad71,Reversal of ledger entry 28938dbc-bc9a-4fea-ac47-c5336c8fad71,3b703dae-2955-40a1-affa-f94478da505f,2026-07-27 18:46:09.712477
625cb363-3f80-4784-88d7-d3b90297c745,598a895e-5a20-48cc-95bd-a52fe5d4bb65,56e5d4d7-4f2d-45ff-9db7-cab512fa4cee,AGREEMENT,56e5d4d7-4f2d-45ff-9db7-cab512fa4cee,DEBIT,5000.00,TRY,2026-02,OFF_INVOICE,NKA,b39ade6a-ea33-413f-95a0-281c859f32fd,8c500433-8582-4c97-8601-76bc5ba191ce,e647e274-0ca6-49be-aa2f-0f6e4b380233,afcf9ffb-9741-42c5-b07b-e03c0de35588,f,,LEDGER|AGREEMENT|56e5d4d7-4f2d-45ff-9db7-cab512fa4cee|b7b956be-c67b-4fcd-bbcc-2fd4c482f069,,3b703dae-2955-40a1-affa-f94478da505f,2026-07-27 18:48:03.634709
6d36aee4-37bf-4d6f-acd0-3527e549296e,598a895e-5a20-48cc-95bd-a52fe5d4bb65,c21cd795-5b35-4175-a123-950010d6eaea,AGREEMENT,c21cd795-5b35-4175-a123-950010d6eaea,DEBIT,3000.00,TRY,2026-02,OFF_INVOICE,NKA,b39ade6a-ea33-413f-95a0-281c859f32fd,8c500433-8582-4c97-8601-76bc5ba191ce,e647e274-0ca6-49be-aa2f-0f6e4b380233,afcf9ffb-9741-42c5-b07b-e03c0de35588,t,,LEDGER|AGREEMENT|c21cd795-5b35-4175-a123-950010d6eaea|fdc1b9b9-4407-4920-bdd4-5bcbf3aad1a4,,3b703dae-2955-40a1-affa-f94478da505f,2026-07-27 18:48:03.737447
61ea06ee-a917-4bd5-8e4a-aa22ec7d9dbc,598a895e-5a20-48cc-95bd-a52fe5d4bb65,c21cd795-5b35-4175-a123-950010d6eaea,AGREEMENT,c21cd795-5b35-4175-a123-950010d6eaea,CREDIT,3000.00,TRY,2026-02,OFF_INVOICE,NKA,b39ade6a-ea33-413f-95a0-281c859f32fd,8c500433-8582-4c97-8601-76bc5ba191ce,e647e274-0ca6-49be-aa2f-0f6e4b380233,afcf9ffb-9741-42c5-b07b-e03c0de35588,f,6d36aee4-37bf-4d6f-acd0-3527e549296e,REVERSAL|LEDGER|6d36aee4-37bf-4d6f-acd0-3527e549296e,Reversal of ledger entry 6d36aee4-37bf-4d6f-acd0-3527e549296e,3b703dae-2955-40a1-affa-f94478da505f,2026-07-27 18:48:03.745599
5dee47de-ea91-4b58-978c-3b47eb118893,598a895e-5a20-48cc-95bd-a52fe5d4bb65,0bbc77f4-6821-4431-b649-c7c3336be6da,AGREEMENT,0bbc77f4-6821-4431-b649-c7c3336be6da,DEBIT,5000.00,TRY,2026-02,OFF_INVOICE,NKA,b39ade6a-ea33-413f-95a0-281c859f32fd,8c500433-8582-4c97-8601-76bc5ba191ce,e647e274-0ca6-49be-aa2f-0f6e4b380233,afcf9ffb-9741-42c5-b07b-e03c0de35588,t,,LEDGER|AGREEMENT|0bbc77f4-6821-4431-b649-c7c3336be6da|0bee3f45-bedb-41fe-a7d7-99d42df59b6d,,3b703dae-2955-40a1-affa-f94478da505f,2026-07-27 18:48:05.989295
e93be2ca-ec4b-42a4-adaf-0eba8f971886,598a895e-5a20-48cc-95bd-a52fe5d4bb65,0bbc77f4-6821-4431-b649-c7c3336be6da,AGREEMENT,0bbc77f4-6821-4431-b649-c7c3336be6da,CREDIT,5000.00,TRY,2026-02,OFF_INVOICE,NKA,b39ade6a-ea33-413f-95a0-281c859f32fd,8c500433-8582-4c97-8601-76bc5ba191ce,e647e274-0ca6-49be-aa2f-0f6e4b380233,afcf9ffb-9741-42c5-b07b-e03c0de35588,f,5dee47de-ea91-4b58-978c-3b47eb118893,REVERSAL|LEDGER|5dee47de-ea91-4b58-978c-3b47eb118893,Reversal of ledger entry 5dee47de-ea91-4b58-978c-3b47eb118893,3b703dae-2955-40a1-affa-f94478da505f,2026-07-27 18:48:05.996061
1368af0b-7fb9-4182-93ef-7d9089d056dd,598a895e-5a20-48cc-95bd-a52fe5d4bb65,0bbc77f4-6821-4431-b649-c7c3336be6da,AGREEMENT,0bbc77f4-6821-4431-b649-c7c3336be6da,DEBIT,5000.00,TRY,2026-02,OFF_INVOICE,NKA,b39ade6a-ea33-413f-95a0-281c859f32fd,8c500433-8582-4c97-8601-76bc5ba191ce,e647e274-0ca6-49be-aa2f-0f6e4b380233,afcf9ffb-9741-42c5-b07b-e03c0de35588,t,,LEDGER|AGREEMENT|0bbc77f4-6821-4431-b649-c7c3336be6da|f97f9fb4-9a79-4a38-a4bb-2a4839fc1d0a,,3b703dae-2955-40a1-affa-f94478da505f,2026-07-27 18:48:06.170547
ef6e9de7-56db-47af-853e-e02fc7e2d196,598a895e-5a20-48cc-95bd-a52fe5d4bb65,0bbc77f4-6821-4431-b649-c7c3336be6da,AGREEMENT,0bbc77f4-6821-4431-b649-c7c3336be6da,CREDIT,5000.00,TRY,2026-02,OFF_INVOICE,NKA,b39ade6a-ea33-413f-95a0-281c859f32fd,8c500433-8582-4c97-8601-76bc5ba191ce,e647e274-0ca6-49be-aa2f-0f6e4b380233,afcf9ffb-9741-42c5-b07b-e03c0de35588,f,1368af0b-7fb9-4182-93ef-7d9089d056dd,REVERSAL|LEDGER|1368af0b-7fb9-4182-93ef-7d9089d056dd,Reversal of ledger entry 1368af0b-7fb9-4182-93ef-7d9089d056dd,0e23990b-31a0-4ac2-be89-a46ebc8200d4,2026-07-27 18:48:06.176259
2202ac80-72e9-41ff-8668-fca164629964,598a895e-5a20-48cc-95bd-a52fe5d4bb65,0bbc77f4-6821-4431-b649-c7c3336be6da,AGREEMENT,0bbc77f4-6821-4431-b649-c7c3336be6da,DEBIT,5000.00,TRY,2026-02,OFF_INVOICE,NKA,b39ade6a-ea33-413f-95a0-281c859f32fd,8c500433-8582-4c97-8601-76bc5ba191ce,e647e274-0ca6-49be-aa2f-0f6e4b380233,afcf9ffb-9741-42c5-b07b-e03c0de35588,t,,LEDGER|AGREEMENT|0bbc77f4-6821-4431-b649-c7c3336be6da|f72f090a-6454-4da4-afff-ab5aa3a77d25,,3b703dae-2955-40a1-affa-f94478da505f,2026-07-27 18:48:06.21003
4ea5dc5e-8cb2-41f9-8af7-a8ac1c59ada2,598a895e-5a20-48cc-95bd-a52fe5d4bb65,0bbc77f4-6821-4431-b649-c7c3336be6da,AGREEMENT,0bbc77f4-6821-4431-b649-c7c3336be6da,CREDIT,5000.00,TRY,2026-02,OFF_INVOICE,NKA,b39ade6a-ea33-413f-95a0-281c859f32fd,8c500433-8582-4c97-8601-76bc5ba191ce,e647e274-0ca6-49be-aa2f-0f6e4b380233,afcf9ffb-9741-42c5-b07b-e03c0de35588,f,2202ac80-72e9-41ff-8668-fca164629964,REVERSAL|LEDGER|2202ac80-72e9-41ff-8668-fca164629964,Reversal of ledger entry 2202ac80-72e9-41ff-8668-fca164629964,3b703dae-2955-40a1-affa-f94478da505f,2026-07-27 18:48:06.214588
44a3807f-7627-40b3-9eff-9e08d749257f,598a895e-5a20-48cc-95bd-a52fe5d4bb65,0bbc77f4-6821-4431-b649-c7c3336be6da,AGREEMENT,0bbc77f4-6821-4431-b649-c7c3336be6da,DEBIT,5000.00,TRY,2026-02,OFF_INVOICE,NKA,b39ade6a-ea33-413f-95a0-281c859f32fd,8c500433-8582-4c97-8601-76bc5ba191ce,e647e274-0ca6-49be-aa2f-0f6e4b380233,afcf9ffb-9741-42c5-b07b-e03c0de35588,t,,LEDGER|AGREEMENT|0bbc77f4-6821-4431-b649-c7c3336be6da|c21e3f15-2caf-4b7e-9314-723d99c793d1,,3b703dae-2955-40a1-affa-f94478da505f,2026-07-27 18:48:06.254217
d33ddfc2-b41b-49da-9b3d-561b88e0a576,598a895e-5a20-48cc-95bd-a52fe5d4bb65,0bbc77f4-6821-4431-b649-c7c3336be6da,AGREEMENT,0bbc77f4-6821-4431-b649-c7c3336be6da,CREDIT,5000.00,TRY,2026-02,OFF_INVOICE,NKA,b39ade6a-ea33-413f-95a0-281c859f32fd,8c500433-8582-4c97-8601-76bc5ba191ce,e647e274-0ca6-49be-aa2f-0f6e4b380233,afcf9ffb-9741-42c5-b07b-e03c0de35588,f,44a3807f-7627-40b3-9eff-9e08d749257f,REVERSAL|LEDGER|44a3807f-7627-40b3-9eff-9e08d749257f,Reversal of ledger entry 44a3807f-7627-40b3-9eff-9e08d749257f,3b703dae-2955-40a1-affa-f94478da505f,2026-07-27 18:48:06.262117
2e8c9c06-421e-4ae3-8959-29dd942d1785,598a895e-5a20-48cc-95bd-a52fe5d4bb65,7850c5cd-d19e-4eae-bd30-619b760f8bef,AGREEMENT,7850c5cd-d19e-4eae-bd30-619b760f8bef,DEBIT,5000.00,TRY,2026-02,OFF_INVOICE,NKA,2eded86b-ae2a-4097-92fb-f304c79c57e1,8c500433-8582-4c97-8601-76bc5ba191ce,e647e274-0ca6-49be-aa2f-0f6e4b380233,afcf9ffb-9741-42c5-b07b-e03c0de35588,t,,LEDGER|AGREEMENT|7850c5cd-d19e-4eae-bd30-619b760f8bef|f4821a02-a487-444d-b893-e5bccf21de48,,3b703dae-2955-40a1-affa-f94478da505f,2026-07-27 19:14:01.924249
43f9b1d8-efad-450e-9f1a-3f3f64862d0a,598a895e-5a20-48cc-95bd-a52fe5d4bb65,7850c5cd-d19e-4eae-bd30-619b760f8bef,AGREEMENT,7850c5cd-d19e-4eae-bd30-619b760f8bef,CREDIT,5000.00,TRY,2026-02,OFF_INVOICE,NKA,2eded86b-ae2a-4097-92fb-f304c79c57e1,8c500433-8582-4c97-8601-76bc5ba191ce,e647e274-0ca6-49be-aa2f-0f6e4b380233,afcf9ffb-9741-42c5-b07b-e03c0de35588,f,2e8c9c06-421e-4ae3-8959-29dd942d1785,REVERSAL|LEDGER|2e8c9c06-421e-4ae3-8959-29dd942d1785,Reversal of ledger entry 2e8c9c06-421e-4ae3-8959-29dd942d1785,3b703dae-2955-40a1-affa-f94478da505f,2026-07-27 19:14:01.936439
7d85f5cb-72a9-422f-a20a-01c784c18cae,598a895e-5a20-48cc-95bd-a52fe5d4bb65,7850c5cd-d19e-4eae-bd30-619b760f8bef,AGREEMENT,7850c5cd-d19e-4eae-bd30-619b760f8bef,DEBIT,5000.00,TRY,2026-02,OFF_INVOICE,NKA,2eded86b-ae2a-4097-92fb-f304c79c57e1,8c500433-8582-4c97-8601-76bc5ba191ce,e647e274-0ca6-49be-aa2f-0f6e4b380233,afcf9ffb-9741-42c5-b07b-e03c0de35588,t,,LEDGER|AGREEMENT|7850c5cd-d19e-4eae-bd30-619b760f8bef|7d282b20-fedb-4c8f-8268-302e97dd34f6,,3b703dae-2955-40a1-affa-f94478da505f,2026-07-27 19:14:02.105075
81463d1e-2d52-4aca-8c23-77acae98c640,598a895e-5a20-48cc-95bd-a52fe5d4bb65,7850c5cd-d19e-4eae-bd30-619b760f8bef,AGREEMENT,7850c5cd-d19e-4eae-bd30-619b760f8bef,CREDIT,5000.00,TRY,2026-02,OFF_INVOICE,NKA,2eded86b-ae2a-4097-92fb-f304c79c57e1,8c500433-8582-4c97-8601-76bc5ba191ce,e647e274-0ca6-49be-aa2f-0f6e4b380233,afcf9ffb-9741-42c5-b07b-e03c0de35588,f,7d85f5cb-72a9-422f-a20a-01c784c18cae,REVERSAL|LEDGER|7d85f5cb-72a9-422f-a20a-01c784c18cae,Reversal of ledger entry 7d85f5cb-72a9-422f-a20a-01c784c18cae,0e23990b-31a0-4ac2-be89-a46ebc8200d4,2026-07-27 19:14:02.109863
c4abd4bd-8ec9-43e4-98ca-b6b8b283fe83,598a895e-5a20-48cc-95bd-a52fe5d4bb65,7850c5cd-d19e-4eae-bd30-619b760f8bef,AGREEMENT,7850c5cd-d19e-4eae-bd30-619b760f8bef,DEBIT,5000.00,TRY,2026-02,OFF_INVOICE,NKA,2eded86b-ae2a-4097-92fb-f304c79c57e1,8c500433-8582-4c97-8601-76bc5ba191ce,e647e274-0ca6-49be-aa2f-0f6e4b380233,afcf9ffb-9741-42c5-b07b-e03c0de35588,t,,LEDGER|AGREEMENT|7850c5cd-d19e-4eae-bd30-619b760f8bef|b6b7a6fc-5e2d-461c-ba6f-5e07240dd54e,,3b703dae-2955-40a1-affa-f94478da505f,2026-07-27 19:14:02.138147
13f73ad2-22a9-48fb-b4d2-ec775d2e179b,598a895e-5a20-48cc-95bd-a52fe5d4bb65,7850c5cd-d19e-4eae-bd30-619b760f8bef,AGREEMENT,7850c5cd-d19e-4eae-bd30-619b760f8bef,CREDIT,5000.00,TRY,2026-02,OFF_INVOICE,NKA,2eded86b-ae2a-4097-92fb-f304c79c57e1,8c500433-8582-4c97-8601-76bc5ba191ce,e647e274-0ca6-49be-aa2f-0f6e4b380233,afcf9ffb-9741-42c5-b07b-e03c0de35588,f,c4abd4bd-8ec9-43e4-98ca-b6b8b283fe83,REVERSAL|LEDGER|c4abd4bd-8ec9-43e4-98ca-b6b8b283fe83,Reversal of ledger entry c4abd4bd-8ec9-43e4-98ca-b6b8b283fe83,3b703dae-2955-40a1-affa-f94478da505f,2026-07-27 19:14:02.14249
d26e9902-7577-4420-9e41-c2617fc63998,598a895e-5a20-48cc-95bd-a52fe5d4bb65,7850c5cd-d19e-4eae-bd30-619b760f8bef,AGREEMENT,7850c5cd-d19e-4eae-bd30-619b760f8bef,DEBIT,5000.00,TRY,2026-02,OFF_INVOICE,NKA,2eded86b-ae2a-4097-92fb-f304c79c57e1,8c500433-8582-4c97-8601-76bc5ba191ce,e647e274-0ca6-49be-aa2f-0f6e4b380233,afcf9ffb-9741-42c5-b07b-e03c0de35588,t,,LEDGER|AGREEMENT|7850c5cd-d19e-4eae-bd30-619b760f8bef|ee78bbf0-756c-4f74-8f82-84c789b238ad,,3b703dae-2955-40a1-affa-f94478da505f,2026-07-27 19:14:02.175625
cd49dc42-9772-4012-a13e-d448b9ee1f4c,598a895e-5a20-48cc-95bd-a52fe5d4bb65,7850c5cd-d19e-4eae-bd30-619b760f8bef,AGREEMENT,7850c5cd-d19e-4eae-bd30-619b760f8bef,CREDIT,5000.00,TRY,2026-02,OFF_INVOICE,NKA,2eded86b-ae2a-4097-92fb-f304c79c57e1,8c500433-8582-4c97-8601-76bc5ba191ce,e647e274-0ca6-49be-aa2f-0f6e4b380233,afcf9ffb-9741-42c5-b07b-e03c0de35588,f,d26e9902-7577-4420-9e41-c2617fc63998,REVERSAL|LEDGER|d26e9902-7577-4420-9e41-c2617fc63998,Reversal of ledger entry d26e9902-7577-4420-9e41-c2617fc63998,3b703dae-2955-40a1-affa-f94478da505f,2026-07-27 19:14:02.182422
016a44c5-ceb5-4e17-907b-e3811e42c73a,598a895e-5a20-48cc-95bd-a52fe5d4bb65,7850c5cd-d19e-4eae-bd30-619b760f8bef,AGREEMENT,7850c5cd-d19e-4eae-bd30-619b760f8bef,DEBIT,5000.00,TRY,2026-02,OFF_INVOICE,NKA,2eded86b-ae2a-4097-92fb-f304c79c57e1,8c500433-8582-4c97-8601-76bc5ba191ce,e647e274-0ca6-49be-aa2f-0f6e4b380233,afcf9ffb-9741-42c5-b07b-e03c0de35588,t,,LEDGER|AGREEMENT|7850c5cd-d19e-4eae-bd30-619b760f8bef|0c754929-f5d4-40e2-ae62-52a88a130c03,,3b703dae-2955-40a1-affa-f94478da505f,2026-07-27 19:15:16.286982
25985744-6475-45ed-bfb3-691297828116,598a895e-5a20-48cc-95bd-a52fe5d4bb65,7850c5cd-d19e-4eae-bd30-619b760f8bef,AGREEMENT,7850c5cd-d19e-4eae-bd30-619b760f8bef,CREDIT,5000.00,TRY,2026-02,OFF_INVOICE,NKA,2eded86b-ae2a-4097-92fb-f304c79c57e1,8c500433-8582-4c97-8601-76bc5ba191ce,e647e274-0ca6-49be-aa2f-0f6e4b380233,afcf9ffb-9741-42c5-b07b-e03c0de35588,f,016a44c5-ceb5-4e17-907b-e3811e42c73a,REVERSAL|LEDGER|016a44c5-ceb5-4e17-907b-e3811e42c73a,Reversal of ledger entry 016a44c5-ceb5-4e17-907b-e3811e42c73a,3b703dae-2955-40a1-affa-f94478da505f,2026-07-27 19:15:16.293254
16e8ea47-6c77-4c14-acb7-89df40146988,598a895e-5a20-48cc-95bd-a52fe5d4bb65,7850c5cd-d19e-4eae-bd30-619b760f8bef,AGREEMENT,7850c5cd-d19e-4eae-bd30-619b760f8bef,DEBIT,5000.00,TRY,2026-02,OFF_INVOICE,NKA,2eded86b-ae2a-4097-92fb-f304c79c57e1,8c500433-8582-4c97-8601-76bc5ba191ce,e647e274-0ca6-49be-aa2f-0f6e4b380233,afcf9ffb-9741-42c5-b07b-e03c0de35588,t,,LEDGER|AGREEMENT|7850c5cd-d19e-4eae-bd30-619b760f8bef|5fd7487a-b938-4c7e-967a-3d4eee355719,,3b703dae-2955-40a1-affa-f94478da505f,2026-07-27 19:15:16.482332
56e37bc8-4296-4b36-866c-234457d78103,598a895e-5a20-48cc-95bd-a52fe5d4bb65,7850c5cd-d19e-4eae-bd30-619b760f8bef,AGREEMENT,7850c5cd-d19e-4eae-bd30-619b760f8bef,CREDIT,5000.00,TRY,2026-02,OFF_INVOICE,NKA,2eded86b-ae2a-4097-92fb-f304c79c57e1,8c500433-8582-4c97-8601-76bc5ba191ce,e647e274-0ca6-49be-aa2f-0f6e4b380233,afcf9ffb-9741-42c5-b07b-e03c0de35588,f,16e8ea47-6c77-4c14-acb7-89df40146988,REVERSAL|LEDGER|16e8ea47-6c77-4c14-acb7-89df40146988,Reversal of ledger entry 16e8ea47-6c77-4c14-acb7-89df40146988,0e23990b-31a0-4ac2-be89-a46ebc8200d4,2026-07-27 19:15:16.487686
02048d72-12a6-469d-9f29-a2b67e3ec2f9,598a895e-5a20-48cc-95bd-a52fe5d4bb65,7850c5cd-d19e-4eae-bd30-619b760f8bef,AGREEMENT,7850c5cd-d19e-4eae-bd30-619b760f8bef,DEBIT,5000.00,TRY,2026-02,OFF_INVOICE,NKA,2eded86b-ae2a-4097-92fb-f304c79c57e1,8c500433-8582-4c97-8601-76bc5ba191ce,e647e274-0ca6-49be-aa2f-0f6e4b380233,afcf9ffb-9741-42c5-b07b-e03c0de35588,t,,LEDGER|AGREEMENT|7850c5cd-d19e-4eae-bd30-619b760f8bef|9044824f-3fd0-4a71-bcf0-20a347666286,,3b703dae-2955-40a1-affa-f94478da505f,2026-07-27 19:15:16.525875
f13395a2-53aa-461d-ba7d-32df9a32cc1f,598a895e-5a20-48cc-95bd-a52fe5d4bb65,7850c5cd-d19e-4eae-bd30-619b760f8bef,AGREEMENT,7850c5cd-d19e-4eae-bd30-619b760f8bef,CREDIT,5000.00,TRY,2026-02,OFF_INVOICE,NKA,2eded86b-ae2a-4097-92fb-f304c79c57e1,8c500433-8582-4c97-8601-76bc5ba191ce,e647e274-0ca6-49be-aa2f-0f6e4b380233,afcf9ffb-9741-42c5-b07b-e03c0de35588,f,02048d72-12a6-469d-9f29-a2b67e3ec2f9,REVERSAL|LEDGER|02048d72-12a6-469d-9f29-a2b67e3ec2f9,Reversal of ledger entry 02048d72-12a6-469d-9f29-a2b67e3ec2f9,3b703dae-2955-40a1-affa-f94478da505f,2026-07-27 19:15:16.531302
1d7de76f-6475-4baf-9eec-aae1658402a3,598a895e-5a20-48cc-95bd-a52fe5d4bb65,7850c5cd-d19e-4eae-bd30-619b760f8bef,AGREEMENT,7850c5cd-d19e-4eae-bd30-619b760f8bef,DEBIT,5000.00,TRY,2026-02,OFF_INVOICE,NKA,2eded86b-ae2a-4097-92fb-f304c79c57e1,8c500433-8582-4c97-8601-76bc5ba191ce,e647e274-0ca6-49be-aa2f-0f6e4b380233,afcf9ffb-9741-42c5-b07b-e03c0de35588,t,,LEDGER|AGREEMENT|7850c5cd-d19e-4eae-bd30-619b760f8bef|9182c622-9f58-4e77-b39b-bdaa0cf575a2,,3b703dae-2955-40a1-affa-f94478da505f,2026-07-27 19:15:16.569028
3580f13f-a480-4c2d-aa8d-9ce061a57be7,598a895e-5a20-48cc-95bd-a52fe5d4bb65,7850c5cd-d19e-4eae-bd30-619b760f8bef,AGREEMENT,7850c5cd-d19e-4eae-bd30-619b760f8bef,CREDIT,5000.00,TRY,2026-02,OFF_INVOICE,NKA,2eded86b-ae2a-4097-92fb-f304c79c57e1,8c500433-8582-4c97-8601-76bc5ba191ce,e647e274-0ca6-49be-aa2f-0f6e4b380233,afcf9ffb-9741-42c5-b07b-e03c0de35588,f,1d7de76f-6475-4baf-9eec-aae1658402a3,REVERSAL|LEDGER|1d7de76f-6475-4baf-9eec-aae1658402a3,Reversal of ledger entry 1d7de76f-6475-4baf-9eec-aae1658402a3,3b703dae-2955-40a1-affa-f94478da505f,2026-07-27 19:15:16.577769
46f2cccf-6717-4f01-8283-bc78ae7b397c,598a895e-5a20-48cc-95bd-a52fe5d4bb65,7850c5cd-d19e-4eae-bd30-619b760f8bef,AGREEMENT,7850c5cd-d19e-4eae-bd30-619b760f8bef,DEBIT,5000.00,TRY,2026-02,OFF_INVOICE,NKA,2eded86b-ae2a-4097-92fb-f304c79c57e1,8c500433-8582-4c97-8601-76bc5ba191ce,e647e274-0ca6-49be-aa2f-0f6e4b380233,afcf9ffb-9741-42c5-b07b-e03c0de35588,t,,LEDGER|AGREEMENT|7850c5cd-d19e-4eae-bd30-619b760f8bef|084460ae-175b-431f-98ca-5742e2f4c5a8,,3b703dae-2955-40a1-affa-f94478da505f,2026-07-27 19:19:53.504836
d3c445bd-fd8f-4d80-a0b9-fecffe541068,598a895e-5a20-48cc-95bd-a52fe5d4bb65,7850c5cd-d19e-4eae-bd30-619b760f8bef,AGREEMENT,7850c5cd-d19e-4eae-bd30-619b760f8bef,CREDIT,5000.00,TRY,2026-02,OFF_INVOICE,NKA,2eded86b-ae2a-4097-92fb-f304c79c57e1,8c500433-8582-4c97-8601-76bc5ba191ce,e647e274-0ca6-49be-aa2f-0f6e4b380233,afcf9ffb-9741-42c5-b07b-e03c0de35588,f,46f2cccf-6717-4f01-8283-bc78ae7b397c,REVERSAL|LEDGER|46f2cccf-6717-4f01-8283-bc78ae7b397c,Reversal of ledger entry 46f2cccf-6717-4f01-8283-bc78ae7b397c,3b703dae-2955-40a1-affa-f94478da505f,2026-07-27 19:19:53.513914
511e4091-c309-487b-a24f-024bbb30b682,598a895e-5a20-48cc-95bd-a52fe5d4bb65,7850c5cd-d19e-4eae-bd30-619b760f8bef,AGREEMENT,7850c5cd-d19e-4eae-bd30-619b760f8bef,DEBIT,5000.00,TRY,2026-02,OFF_INVOICE,NKA,2eded86b-ae2a-4097-92fb-f304c79c57e1,8c500433-8582-4c97-8601-76bc5ba191ce,e647e274-0ca6-49be-aa2f-0f6e4b380233,afcf9ffb-9741-42c5-b07b-e03c0de35588,t,,LEDGER|AGREEMENT|7850c5cd-d19e-4eae-bd30-619b760f8bef|1a72b7e2-c6b7-4a0f-b34a-8334919ea337,,3b703dae-2955-40a1-affa-f94478da505f,2026-07-27 19:19:53.700541
7457e48c-a1b0-406d-9f4e-2f915f589ee6,598a895e-5a20-48cc-95bd-a52fe5d4bb65,7850c5cd-d19e-4eae-bd30-619b760f8bef,AGREEMENT,7850c5cd-d19e-4eae-bd30-619b760f8bef,CREDIT,5000.00,TRY,2026-02,OFF_INVOICE,NKA,2eded86b-ae2a-4097-92fb-f304c79c57e1,8c500433-8582-4c97-8601-76bc5ba191ce,e647e274-0ca6-49be-aa2f-0f6e4b380233,afcf9ffb-9741-42c5-b07b-e03c0de35588,f,511e4091-c309-487b-a24f-024bbb30b682,REVERSAL|LEDGER|511e4091-c309-487b-a24f-024bbb30b682,Reversal of ledger entry 511e4091-c309-487b-a24f-024bbb30b682,0e23990b-31a0-4ac2-be89-a46ebc8200d4,2026-07-27 19:19:53.706145
fc3a4a8c-3a2b-47ac-adea-59497202c0ef,598a895e-5a20-48cc-95bd-a52fe5d4bb65,7850c5cd-d19e-4eae-bd30-619b760f8bef,AGREEMENT,7850c5cd-d19e-4eae-bd30-619b760f8bef,DEBIT,5000.00,TRY,2026-02,OFF_INVOICE,NKA,2eded86b-ae2a-4097-92fb-f304c79c57e1,8c500433-8582-4c97-8601-76bc5ba191ce,e647e274-0ca6-49be-aa2f-0f6e4b380233,afcf9ffb-9741-42c5-b07b-e03c0de35588,t,,LEDGER|AGREEMENT|7850c5cd-d19e-4eae-bd30-619b760f8bef|1e9678aa-1577-4878-a8fa-754d70f6ff89,,3b703dae-2955-40a1-affa-f94478da505f,2026-07-27 19:19:53.744104
613ab553-a001-44f1-8dde-4fc572d64567,598a895e-5a20-48cc-95bd-a52fe5d4bb65,7850c5cd-d19e-4eae-bd30-619b760f8bef,AGREEMENT,7850c5cd-d19e-4eae-bd30-619b760f8bef,CREDIT,5000.00,TRY,2026-02,OFF_INVOICE,NKA,2eded86b-ae2a-4097-92fb-f304c79c57e1,8c500433-8582-4c97-8601-76bc5ba191ce,e647e274-0ca6-49be-aa2f-0f6e4b380233,afcf9ffb-9741-42c5-b07b-e03c0de35588,f,fc3a4a8c-3a2b-47ac-adea-59497202c0ef,REVERSAL|LEDGER|fc3a4a8c-3a2b-47ac-adea-59497202c0ef,Reversal of ledger entry fc3a4a8c-3a2b-47ac-adea-59497202c0ef,3b703dae-2955-40a1-affa-f94478da505f,2026-07-27 19:19:53.751234
89f58900-f7b4-416a-8020-e865bd4d32f1,598a895e-5a20-48cc-95bd-a52fe5d4bb65,7850c5cd-d19e-4eae-bd30-619b760f8bef,AGREEMENT,7850c5cd-d19e-4eae-bd30-619b760f8bef,DEBIT,5000.00,TRY,2026-02,OFF_INVOICE,NKA,2eded86b-ae2a-4097-92fb-f304c79c57e1,8c500433-8582-4c97-8601-76bc5ba191ce,e647e274-0ca6-49be-aa2f-0f6e4b380233,afcf9ffb-9741-42c5-b07b-e03c0de35588,t,,LEDGER|AGREEMENT|7850c5cd-d19e-4eae-bd30-619b760f8bef|704b237d-7689-40a2-a98f-f40041e8b9b1,,3b703dae-2955-40a1-affa-f94478da505f,2026-07-27 19:19:53.790743
cf5ef5db-1ae3-4365-8c15-aaecab25fcfe,598a895e-5a20-48cc-95bd-a52fe5d4bb65,7850c5cd-d19e-4eae-bd30-619b760f8bef,AGREEMENT,7850c5cd-d19e-4eae-bd30-619b760f8bef,CREDIT,5000.00,TRY,2026-02,OFF_INVOICE,NKA,2eded86b-ae2a-4097-92fb-f304c79c57e1,8c500433-8582-4c97-8601-76bc5ba191ce,e647e274-0ca6-49be-aa2f-0f6e4b380233,afcf9ffb-9741-42c5-b07b-e03c0de35588,f,89f58900-f7b4-416a-8020-e865bd4d32f1,REVERSAL|LEDGER|89f58900-f7b4-416a-8020-e865bd4d32f1,Reversal of ledger entry 89f58900-f7b4-416a-8020-e865bd4d32f1,3b703dae-2955-40a1-affa-f94478da505f,2026-07-27 19:19:53.79976
276233b8-a3cd-46cd-89f2-05d544e0318c,598a895e-5a20-48cc-95bd-a52fe5d4bb65,7850c5cd-d19e-4eae-bd30-619b760f8bef,AGREEMENT,7850c5cd-d19e-4eae-bd30-619b760f8bef,DEBIT,5000.00,TRY,2026-02,OFF_INVOICE,NKA,2eded86b-ae2a-4097-92fb-f304c79c57e1,8c500433-8582-4c97-8601-76bc5ba191ce,e647e274-0ca6-49be-aa2f-0f6e4b380233,afcf9ffb-9741-42c5-b07b-e03c0de35588,t,,LEDGER|AGREEMENT|7850c5cd-d19e-4eae-bd30-619b760f8bef|683ff5a7-3635-4a0e-9672-95d1a4d0fc7e,,3b703dae-2955-40a1-affa-f94478da505f,2026-07-27 19:31:58.94091
d5284ed8-5992-46ac-bf79-92e43ff02ab9,598a895e-5a20-48cc-95bd-a52fe5d4bb65,7850c5cd-d19e-4eae-bd30-619b760f8bef,AGREEMENT,7850c5cd-d19e-4eae-bd30-619b760f8bef,CREDIT,5000.00,TRY,2026-02,OFF_INVOICE,NKA,2eded86b-ae2a-4097-92fb-f304c79c57e1,8c500433-8582-4c97-8601-76bc5ba191ce,e647e274-0ca6-49be-aa2f-0f6e4b380233,afcf9ffb-9741-42c5-b07b-e03c0de35588,f,276233b8-a3cd-46cd-89f2-05d544e0318c,REVERSAL|LEDGER|276233b8-a3cd-46cd-89f2-05d544e0318c,Reversal of ledger entry 276233b8-a3cd-46cd-89f2-05d544e0318c,3b703dae-2955-40a1-affa-f94478da505f,2026-07-27 19:31:58.954387
bd2fef63-24e2-4781-bdc2-48e587dbb456,598a895e-5a20-48cc-95bd-a52fe5d4bb65,7850c5cd-d19e-4eae-bd30-619b760f8bef,AGREEMENT,7850c5cd-d19e-4eae-bd30-619b760f8bef,DEBIT,5000.00,TRY,2026-02,OFF_INVOICE,NKA,2eded86b-ae2a-4097-92fb-f304c79c57e1,8c500433-8582-4c97-8601-76bc5ba191ce,e647e274-0ca6-49be-aa2f-0f6e4b380233,afcf9ffb-9741-42c5-b07b-e03c0de35588,t,,LEDGER|AGREEMENT|7850c5cd-d19e-4eae-bd30-619b760f8bef|525e9657-2050-45ec-9df7-be30ea9907d1,,3b703dae-2955-40a1-affa-f94478da505f,2026-07-27 19:31:59.128663
66b8dffd-65a7-4e2c-a49f-0f738b88f608,598a895e-5a20-48cc-95bd-a52fe5d4bb65,7850c5cd-d19e-4eae-bd30-619b760f8bef,AGREEMENT,7850c5cd-d19e-4eae-bd30-619b760f8bef,CREDIT,5000.00,TRY,2026-02,OFF_INVOICE,NKA,2eded86b-ae2a-4097-92fb-f304c79c57e1,8c500433-8582-4c97-8601-76bc5ba191ce,e647e274-0ca6-49be-aa2f-0f6e4b380233,afcf9ffb-9741-42c5-b07b-e03c0de35588,f,bd2fef63-24e2-4781-bdc2-48e587dbb456,REVERSAL|LEDGER|bd2fef63-24e2-4781-bdc2-48e587dbb456,Reversal of ledger entry bd2fef63-24e2-4781-bdc2-48e587dbb456,0e23990b-31a0-4ac2-be89-a46ebc8200d4,2026-07-27 19:31:59.13408
e2ba757a-8f16-4f58-80d3-b12efd321e0d,598a895e-5a20-48cc-95bd-a52fe5d4bb65,7850c5cd-d19e-4eae-bd30-619b760f8bef,AGREEMENT,7850c5cd-d19e-4eae-bd30-619b760f8bef,DEBIT,5000.00,TRY,2026-02,OFF_INVOICE,NKA,2eded86b-ae2a-4097-92fb-f304c79c57e1,8c500433-8582-4c97-8601-76bc5ba191ce,e647e274-0ca6-49be-aa2f-0f6e4b380233,afcf9ffb-9741-42c5-b07b-e03c0de35588,t,,LEDGER|AGREEMENT|7850c5cd-d19e-4eae-bd30-619b760f8bef|875ffba5-69b6-4635-9a92-f26f11370ec9,,3b703dae-2955-40a1-affa-f94478da505f,2026-07-27 19:31:59.174257
ffad6718-ab38-4889-aa7e-fe556a0cad80,598a895e-5a20-48cc-95bd-a52fe5d4bb65,7850c5cd-d19e-4eae-bd30-619b760f8bef,AGREEMENT,7850c5cd-d19e-4eae-bd30-619b760f8bef,CREDIT,5000.00,TRY,2026-02,OFF_INVOICE,NKA,2eded86b-ae2a-4097-92fb-f304c79c57e1,8c500433-8582-4c97-8601-76bc5ba191ce,e647e274-0ca6-49be-aa2f-0f6e4b380233,afcf9ffb-9741-42c5-b07b-e03c0de35588,f,e2ba757a-8f16-4f58-80d3-b12efd321e0d,REVERSAL|LEDGER|e2ba757a-8f16-4f58-80d3-b12efd321e0d,Reversal of ledger entry e2ba757a-8f16-4f58-80d3-b12efd321e0d,3b703dae-2955-40a1-affa-f94478da505f,2026-07-27 19:31:59.182702
46c006c2-a38e-432a-ad37-6feca3e940c5,598a895e-5a20-48cc-95bd-a52fe5d4bb65,7850c5cd-d19e-4eae-bd30-619b760f8bef,AGREEMENT,7850c5cd-d19e-4eae-bd30-619b760f8bef,DEBIT,5000.00,TRY,2026-02,OFF_INVOICE,NKA,2eded86b-ae2a-4097-92fb-f304c79c57e1,8c500433-8582-4c97-8601-76bc5ba191ce,e647e274-0ca6-49be-aa2f-0f6e4b380233,afcf9ffb-9741-42c5-b07b-e03c0de35588,t,,LEDGER|AGREEMENT|7850c5cd-d19e-4eae-bd30-619b760f8bef|2ad7aa0f-cdbb-4920-89ef-18f18e9c5d77,,3b703dae-2955-40a1-affa-f94478da505f,2026-07-27 19:31:59.221933
0afa9301-2610-4b36-bb30-53b6df36f743,598a895e-5a20-48cc-95bd-a52fe5d4bb65,7850c5cd-d19e-4eae-bd30-619b760f8bef,AGREEMENT,7850c5cd-d19e-4eae-bd30-619b760f8bef,CREDIT,5000.00,TRY,2026-02,OFF_INVOICE,NKA,2eded86b-ae2a-4097-92fb-f304c79c57e1,8c500433-8582-4c97-8601-76bc5ba191ce,e647e274-0ca6-49be-aa2f-0f6e4b380233,afcf9ffb-9741-42c5-b07b-e03c0de35588,f,46c006c2-a38e-432a-ad37-6feca3e940c5,REVERSAL|LEDGER|46c006c2-a38e-432a-ad37-6feca3e940c5,Reversal of ledger entry 46c006c2-a38e-432a-ad37-6feca3e940c5,3b703dae-2955-40a1-affa-f94478da505f,2026-07-27 19:31:59.232766
fb8d2a85-3755-45fb-b309-d62259e2dc31,598a895e-5a20-48cc-95bd-a52fe5d4bb65,7850c5cd-d19e-4eae-bd30-619b760f8bef,AGREEMENT,7850c5cd-d19e-4eae-bd30-619b760f8bef,DEBIT,5000.00,TRY,2026-02,OFF_INVOICE,NKA,2eded86b-ae2a-4097-92fb-f304c79c57e1,8c500433-8582-4c97-8601-76bc5ba191ce,e647e274-0ca6-49be-aa2f-0f6e4b380233,afcf9ffb-9741-42c5-b07b-e03c0de35588,t,,LEDGER|AGREEMENT|7850c5cd-d19e-4eae-bd30-619b760f8bef|d7bad2c6-3136-4948-9532-5437fe2260a5,,3b703dae-2955-40a1-affa-f94478da505f,2026-07-27 19:35:48.362409
5026eb86-da7e-4ba2-b1c4-b780a3199998,598a895e-5a20-48cc-95bd-a52fe5d4bb65,7850c5cd-d19e-4eae-bd30-619b760f8bef,AGREEMENT,7850c5cd-d19e-4eae-bd30-619b760f8bef,CREDIT,5000.00,TRY,2026-02,OFF_INVOICE,NKA,2eded86b-ae2a-4097-92fb-f304c79c57e1,8c500433-8582-4c97-8601-76bc5ba191ce,e647e274-0ca6-49be-aa2f-0f6e4b380233,afcf9ffb-9741-42c5-b07b-e03c0de35588,f,fb8d2a85-3755-45fb-b309-d62259e2dc31,REVERSAL|LEDGER|fb8d2a85-3755-45fb-b309-d62259e2dc31,Reversal of ledger entry fb8d2a85-3755-45fb-b309-d62259e2dc31,3b703dae-2955-40a1-affa-f94478da505f,2026-07-27 19:35:48.373963
5cb42b9f-7b30-4ac7-8345-055cfa85a418,598a895e-5a20-48cc-95bd-a52fe5d4bb65,7850c5cd-d19e-4eae-bd30-619b760f8bef,AGREEMENT,7850c5cd-d19e-4eae-bd30-619b760f8bef,DEBIT,5000.00,TRY,2026-02,OFF_INVOICE,NKA,2eded86b-ae2a-4097-92fb-f304c79c57e1,8c500433-8582-4c97-8601-76bc5ba191ce,e647e274-0ca6-49be-aa2f-0f6e4b380233,afcf9ffb-9741-42c5-b07b-e03c0de35588,t,,LEDGER|AGREEMENT|7850c5cd-d19e-4eae-bd30-619b760f8bef|329d4ca2-f0ea-44eb-a5cd-a1191a4fdfdc,,3b703dae-2955-40a1-affa-f94478da505f,2026-07-27 19:35:48.533335
e2de0938-91ab-4469-91b5-93bd64cfc538,598a895e-5a20-48cc-95bd-a52fe5d4bb65,7850c5cd-d19e-4eae-bd30-619b760f8bef,AGREEMENT,7850c5cd-d19e-4eae-bd30-619b760f8bef,CREDIT,5000.00,TRY,2026-02,OFF_INVOICE,NKA,2eded86b-ae2a-4097-92fb-f304c79c57e1,8c500433-8582-4c97-8601-76bc5ba191ce,e647e274-0ca6-49be-aa2f-0f6e4b380233,afcf9ffb-9741-42c5-b07b-e03c0de35588,f,5cb42b9f-7b30-4ac7-8345-055cfa85a418,REVERSAL|LEDGER|5cb42b9f-7b30-4ac7-8345-055cfa85a418,Reversal of ledger entry 5cb42b9f-7b30-4ac7-8345-055cfa85a418,0e23990b-31a0-4ac2-be89-a46ebc8200d4,2026-07-27 19:35:48.539868
d5673c5c-3d45-45c4-b95f-3dcd40a8d660,598a895e-5a20-48cc-95bd-a52fe5d4bb65,7850c5cd-d19e-4eae-bd30-619b760f8bef,AGREEMENT,7850c5cd-d19e-4eae-bd30-619b760f8bef,DEBIT,5000.00,TRY,2026-02,OFF_INVOICE,NKA,2eded86b-ae2a-4097-92fb-f304c79c57e1,8c500433-8582-4c97-8601-76bc5ba191ce,e647e274-0ca6-49be-aa2f-0f6e4b380233,afcf9ffb-9741-42c5-b07b-e03c0de35588,t,,LEDGER|AGREEMENT|7850c5cd-d19e-4eae-bd30-619b760f8bef|20404a98-989a-4e80-bd57-4bbda66ef90f,,3b703dae-2955-40a1-affa-f94478da505f,2026-07-27 19:35:48.574249
394d0dac-40da-422c-addd-12dfddf2604c,598a895e-5a20-48cc-95bd-a52fe5d4bb65,7850c5cd-d19e-4eae-bd30-619b760f8bef,AGREEMENT,7850c5cd-d19e-4eae-bd30-619b760f8bef,CREDIT,5000.00,TRY,2026-02,OFF_INVOICE,NKA,2eded86b-ae2a-4097-92fb-f304c79c57e1,8c500433-8582-4c97-8601-76bc5ba191ce,e647e274-0ca6-49be-aa2f-0f6e4b380233,afcf9ffb-9741-42c5-b07b-e03c0de35588,f,d5673c5c-3d45-45c4-b95f-3dcd40a8d660,REVERSAL|LEDGER|d5673c5c-3d45-45c4-b95f-3dcd40a8d660,Reversal of ledger entry d5673c5c-3d45-45c4-b95f-3dcd40a8d660,3b703dae-2955-40a1-affa-f94478da505f,2026-07-27 19:35:48.580462
30ab4844-771e-4ed8-9e42-6daf59449503,598a895e-5a20-48cc-95bd-a52fe5d4bb65,7850c5cd-d19e-4eae-bd30-619b760f8bef,AGREEMENT,7850c5cd-d19e-4eae-bd30-619b760f8bef,DEBIT,5000.00,TRY,2026-02,OFF_INVOICE,NKA,2eded86b-ae2a-4097-92fb-f304c79c57e1,8c500433-8582-4c97-8601-76bc5ba191ce,e647e274-0ca6-49be-aa2f-0f6e4b380233,afcf9ffb-9741-42c5-b07b-e03c0de35588,t,,LEDGER|AGREEMENT|7850c5cd-d19e-4eae-bd30-619b760f8bef|8d9d16e5-a9e6-4e3e-b9f9-c4210b8e50c8,,3b703dae-2955-40a1-affa-f94478da505f,2026-07-27 19:35:48.615811
9be0462c-5f28-48b0-97fa-d3a6ea1185b5,598a895e-5a20-48cc-95bd-a52fe5d4bb65,7850c5cd-d19e-4eae-bd30-619b760f8bef,AGREEMENT,7850c5cd-d19e-4eae-bd30-619b760f8bef,CREDIT,5000.00,TRY,2026-02,OFF_INVOICE,NKA,2eded86b-ae2a-4097-92fb-f304c79c57e1,8c500433-8582-4c97-8601-76bc5ba191ce,e647e274-0ca6-49be-aa2f-0f6e4b380233,afcf9ffb-9741-42c5-b07b-e03c0de35588,f,30ab4844-771e-4ed8-9e42-6daf59449503,REVERSAL|LEDGER|30ab4844-771e-4ed8-9e42-6daf59449503,Reversal of ledger entry 30ab4844-771e-4ed8-9e42-6daf59449503,3b703dae-2955-40a1-affa-f94478da505f,2026-07-27 19:35:48.624006
e12173eb-0e7e-49f5-9a83-9a67cfacbf60,598a895e-5a20-48cc-95bd-a52fe5d4bb65,45a0bfd4-cafa-4994-a638-9837ea6ad7d3,AGREEMENT,45a0bfd4-cafa-4994-a638-9837ea6ad7d3,DEBIT,5000.00,TRY,2026-02,OFF_INVOICE,NKA,b39ade6a-ea33-413f-95a0-281c859f32fd,d56891e6-9e49-4fcf-bfd4-00d15e23e4ef,c09030ca-e748-45ab-9ef3-634996a369bd,c5bdbe97-2e69-4630-b59b-c6fdf2b58741,t,,LEDGER|AGREEMENT|45a0bfd4-cafa-4994-a638-9837ea6ad7d3|7da2d796-aa81-40b4-99da-5890a2cd290b,,3b703dae-2955-40a1-affa-f94478da505f,2026-07-27 19:39:27.305912
1596b3d2-fab7-4118-851d-1155ca47fbfa,598a895e-5a20-48cc-95bd-a52fe5d4bb65,45a0bfd4-cafa-4994-a638-9837ea6ad7d3,AGREEMENT,45a0bfd4-cafa-4994-a638-9837ea6ad7d3,CREDIT,5000.00,TRY,2026-02,OFF_INVOICE,NKA,b39ade6a-ea33-413f-95a0-281c859f32fd,d56891e6-9e49-4fcf-bfd4-00d15e23e4ef,c09030ca-e748-45ab-9ef3-634996a369bd,c5bdbe97-2e69-4630-b59b-c6fdf2b58741,f,e12173eb-0e7e-49f5-9a83-9a67cfacbf60,REVERSAL|LEDGER|e12173eb-0e7e-49f5-9a83-9a67cfacbf60,Reversal of ledger entry e12173eb-0e7e-49f5-9a83-9a67cfacbf60,3b703dae-2955-40a1-affa-f94478da505f,2026-07-27 19:39:27.31555
56c141cf-ef8d-46cc-9953-eed108a1b937,598a895e-5a20-48cc-95bd-a52fe5d4bb65,45a0bfd4-cafa-4994-a638-9837ea6ad7d3,AGREEMENT,45a0bfd4-cafa-4994-a638-9837ea6ad7d3,DEBIT,5000.00,TRY,2026-02,OFF_INVOICE,NKA,b39ade6a-ea33-413f-95a0-281c859f32fd,d56891e6-9e49-4fcf-bfd4-00d15e23e4ef,c09030ca-e748-45ab-9ef3-634996a369bd,c5bdbe97-2e69-4630-b59b-c6fdf2b58741,t,,LEDGER|AGREEMENT|45a0bfd4-cafa-4994-a638-9837ea6ad7d3|f8e658a2-5079-46cd-8f03-60091cd633ce,,3b703dae-2955-40a1-affa-f94478da505f,2026-07-27 19:39:27.486285
83a87832-e76e-47e3-8e62-2d47c6f080b3,598a895e-5a20-48cc-95bd-a52fe5d4bb65,45a0bfd4-cafa-4994-a638-9837ea6ad7d3,AGREEMENT,45a0bfd4-cafa-4994-a638-9837ea6ad7d3,CREDIT,5000.00,TRY,2026-02,OFF_INVOICE,NKA,b39ade6a-ea33-413f-95a0-281c859f32fd,d56891e6-9e49-4fcf-bfd4-00d15e23e4ef,c09030ca-e748-45ab-9ef3-634996a369bd,c5bdbe97-2e69-4630-b59b-c6fdf2b58741,f,56c141cf-ef8d-46cc-9953-eed108a1b937,REVERSAL|LEDGER|56c141cf-ef8d-46cc-9953-eed108a1b937,Reversal of ledger entry 56c141cf-ef8d-46cc-9953-eed108a1b937,0e23990b-31a0-4ac2-be89-a46ebc8200d4,2026-07-27 19:39:27.492247
d6003eb1-f645-4afe-8bf6-3165cb50cf35,598a895e-5a20-48cc-95bd-a52fe5d4bb65,45a0bfd4-cafa-4994-a638-9837ea6ad7d3,AGREEMENT,45a0bfd4-cafa-4994-a638-9837ea6ad7d3,DEBIT,5000.00,TRY,2026-02,OFF_INVOICE,NKA,b39ade6a-ea33-413f-95a0-281c859f32fd,d56891e6-9e49-4fcf-bfd4-00d15e23e4ef,c09030ca-e748-45ab-9ef3-634996a369bd,c5bdbe97-2e69-4630-b59b-c6fdf2b58741,t,,LEDGER|AGREEMENT|45a0bfd4-cafa-4994-a638-9837ea6ad7d3|b6ac9706-fb39-4d8d-97db-66344aa85daf,,3b703dae-2955-40a1-affa-f94478da505f,2026-07-27 19:39:27.538257
03aa7e23-4d47-41b4-aefa-ea1026c0fd49,598a895e-5a20-48cc-95bd-a52fe5d4bb65,45a0bfd4-cafa-4994-a638-9837ea6ad7d3,AGREEMENT,45a0bfd4-cafa-4994-a638-9837ea6ad7d3,CREDIT,5000.00,TRY,2026-02,OFF_INVOICE,NKA,b39ade6a-ea33-413f-95a0-281c859f32fd,d56891e6-9e49-4fcf-bfd4-00d15e23e4ef,c09030ca-e748-45ab-9ef3-634996a369bd,c5bdbe97-2e69-4630-b59b-c6fdf2b58741,f,d6003eb1-f645-4afe-8bf6-3165cb50cf35,REVERSAL|LEDGER|d6003eb1-f645-4afe-8bf6-3165cb50cf35,Reversal of ledger entry d6003eb1-f645-4afe-8bf6-3165cb50cf35,3b703dae-2955-40a1-affa-f94478da505f,2026-07-27 19:39:27.545499
26e7f474-bb23-46fc-8b75-15168ea5a2aa,598a895e-5a20-48cc-95bd-a52fe5d4bb65,45a0bfd4-cafa-4994-a638-9837ea6ad7d3,AGREEMENT,45a0bfd4-cafa-4994-a638-9837ea6ad7d3,DEBIT,5000.00,TRY,2026-02,OFF_INVOICE,NKA,b39ade6a-ea33-413f-95a0-281c859f32fd,d56891e6-9e49-4fcf-bfd4-00d15e23e4ef,c09030ca-e748-45ab-9ef3-634996a369bd,c5bdbe97-2e69-4630-b59b-c6fdf2b58741,t,,LEDGER|AGREEMENT|45a0bfd4-cafa-4994-a638-9837ea6ad7d3|6302ae23-f1c8-425f-a903-91415df5062f,,3b703dae-2955-40a1-affa-f94478da505f,2026-07-27 19:39:27.639776
96163ca1-d935-45ba-a39f-877843d29143,598a895e-5a20-48cc-95bd-a52fe5d4bb65,45a0bfd4-cafa-4994-a638-9837ea6ad7d3,AGREEMENT,45a0bfd4-cafa-4994-a638-9837ea6ad7d3,CREDIT,5000.00,TRY,2026-02,OFF_INVOICE,NKA,b39ade6a-ea33-413f-95a0-281c859f32fd,d56891e6-9e49-4fcf-bfd4-00d15e23e4ef,c09030ca-e748-45ab-9ef3-634996a369bd,c5bdbe97-2e69-4630-b59b-c6fdf2b58741,f,26e7f474-bb23-46fc-8b75-15168ea5a2aa,REVERSAL|LEDGER|26e7f474-bb23-46fc-8b75-15168ea5a2aa,Reversal of ledger entry 26e7f474-bb23-46fc-8b75-15168ea5a2aa,3b703dae-2955-40a1-affa-f94478da505f,2026-07-27 19:39:27.706647
4a2fb641-0a1d-4151-bf16-702d90165656,598a895e-5a20-48cc-95bd-a52fe5d4bb65,02a4ddc5-b2e5-4a86-a12d-9bea7745ce76,AGREEMENT,02a4ddc5-b2e5-4a86-a12d-9bea7745ce76,DEBIT,5000.00,TRY,2026-02,OFF_INVOICE,NKA,b39ade6a-ea33-413f-95a0-281c859f32fd,d56891e6-9e49-4fcf-bfd4-00d15e23e4ef,c09030ca-e748-45ab-9ef3-634996a369bd,c5bdbe97-2e69-4630-b59b-c6fdf2b58741,f,,LEDGER|AGREEMENT|02a4ddc5-b2e5-4a86-a12d-9bea7745ce76|b4f1f3ca-f208-45d7-b8a8-834f207451b5,,3b703dae-2955-40a1-affa-f94478da505f,2026-07-27 19:42:11.534453
d2c5d3c8-9020-4dd7-8a16-ac716b4b900f,598a895e-5a20-48cc-95bd-a52fe5d4bb65,4b83fa58-cca7-4fd9-9504-7b1a7f8a3f8d,AGREEMENT,4b83fa58-cca7-4fd9-9504-7b1a7f8a3f8d,DEBIT,3000.00,TRY,2026-02,OFF_INVOICE,NKA,b39ade6a-ea33-413f-95a0-281c859f32fd,d56891e6-9e49-4fcf-bfd4-00d15e23e4ef,c09030ca-e748-45ab-9ef3-634996a369bd,c5bdbe97-2e69-4630-b59b-c6fdf2b58741,t,,LEDGER|AGREEMENT|4b83fa58-cca7-4fd9-9504-7b1a7f8a3f8d|3c4fce85-4360-4927-a775-4634e930595b,,3b703dae-2955-40a1-affa-f94478da505f,2026-07-27 19:42:11.671625
5da2295b-6a72-4a5c-9110-3accb5dde3d8,598a895e-5a20-48cc-95bd-a52fe5d4bb65,4b83fa58-cca7-4fd9-9504-7b1a7f8a3f8d,AGREEMENT,4b83fa58-cca7-4fd9-9504-7b1a7f8a3f8d,CREDIT,3000.00,TRY,2026-02,OFF_INVOICE,NKA,b39ade6a-ea33-413f-95a0-281c859f32fd,d56891e6-9e49-4fcf-bfd4-00d15e23e4ef,c09030ca-e748-45ab-9ef3-634996a369bd,c5bdbe97-2e69-4630-b59b-c6fdf2b58741,f,d2c5d3c8-9020-4dd7-8a16-ac716b4b900f,REVERSAL|LEDGER|d2c5d3c8-9020-4dd7-8a16-ac716b4b900f,Reversal of ledger entry d2c5d3c8-9020-4dd7-8a16-ac716b4b900f,3b703dae-2955-40a1-affa-f94478da505f,2026-07-27 19:42:11.680049
09403e42-8a03-4e26-87f8-5bd9de6e001e,598a895e-5a20-48cc-95bd-a52fe5d4bb65,45a0bfd4-cafa-4994-a638-9837ea6ad7d3,AGREEMENT,45a0bfd4-cafa-4994-a638-9837ea6ad7d3,DEBIT,5000.00,TRY,2026-02,OFF_INVOICE,NKA,b39ade6a-ea33-413f-95a0-281c859f32fd,d56891e6-9e49-4fcf-bfd4-00d15e23e4ef,c09030ca-e748-45ab-9ef3-634996a369bd,c5bdbe97-2e69-4630-b59b-c6fdf2b58741,t,,LEDGER|AGREEMENT|45a0bfd4-cafa-4994-a638-9837ea6ad7d3|ddba55b8-9f00-43d6-8b2d-6a1b5c403978,,3b703dae-2955-40a1-affa-f94478da505f,2026-07-27 19:42:15.682224
305e2326-84c5-4d0b-ac96-28a2786eef65,598a895e-5a20-48cc-95bd-a52fe5d4bb65,45a0bfd4-cafa-4994-a638-9837ea6ad7d3,AGREEMENT,45a0bfd4-cafa-4994-a638-9837ea6ad7d3,CREDIT,5000.00,TRY,2026-02,OFF_INVOICE,NKA,b39ade6a-ea33-413f-95a0-281c859f32fd,d56891e6-9e49-4fcf-bfd4-00d15e23e4ef,c09030ca-e748-45ab-9ef3-634996a369bd,c5bdbe97-2e69-4630-b59b-c6fdf2b58741,f,09403e42-8a03-4e26-87f8-5bd9de6e001e,REVERSAL|LEDGER|09403e42-8a03-4e26-87f8-5bd9de6e001e,Reversal of ledger entry 09403e42-8a03-4e26-87f8-5bd9de6e001e,3b703dae-2955-40a1-affa-f94478da505f,2026-07-27 19:42:15.688592
46ca4170-7be4-4760-90a3-ddb888c95399,598a895e-5a20-48cc-95bd-a52fe5d4bb65,45a0bfd4-cafa-4994-a638-9837ea6ad7d3,AGREEMENT,45a0bfd4-cafa-4994-a638-9837ea6ad7d3,DEBIT,5000.00,TRY,2026-02,OFF_INVOICE,NKA,b39ade6a-ea33-413f-95a0-281c859f32fd,d56891e6-9e49-4fcf-bfd4-00d15e23e4ef,c09030ca-e748-45ab-9ef3-634996a369bd,c5bdbe97-2e69-4630-b59b-c6fdf2b58741,t,,LEDGER|AGREEMENT|45a0bfd4-cafa-4994-a638-9837ea6ad7d3|002afb2e-74fc-4c91-bfd1-79e2d295ab2d,,3b703dae-2955-40a1-affa-f94478da505f,2026-07-27 19:42:15.849385
c7ab9f1d-a54d-4da4-a6dc-cae72939e5be,598a895e-5a20-48cc-95bd-a52fe5d4bb65,45a0bfd4-cafa-4994-a638-9837ea6ad7d3,AGREEMENT,45a0bfd4-cafa-4994-a638-9837ea6ad7d3,CREDIT,5000.00,TRY,2026-02,OFF_INVOICE,NKA,b39ade6a-ea33-413f-95a0-281c859f32fd,d56891e6-9e49-4fcf-bfd4-00d15e23e4ef,c09030ca-e748-45ab-9ef3-634996a369bd,c5bdbe97-2e69-4630-b59b-c6fdf2b58741,f,46ca4170-7be4-4760-90a3-ddb888c95399,REVERSAL|LEDGER|46ca4170-7be4-4760-90a3-ddb888c95399,Reversal of ledger entry 46ca4170-7be4-4760-90a3-ddb888c95399,0e23990b-31a0-4ac2-be89-a46ebc8200d4,2026-07-27 19:42:15.856687
3c15e607-8bb4-46e8-9326-1aad5f4d2719,598a895e-5a20-48cc-95bd-a52fe5d4bb65,45a0bfd4-cafa-4994-a638-9837ea6ad7d3,AGREEMENT,45a0bfd4-cafa-4994-a638-9837ea6ad7d3,DEBIT,5000.00,TRY,2026-02,OFF_INVOICE,NKA,b39ade6a-ea33-413f-95a0-281c859f32fd,d56891e6-9e49-4fcf-bfd4-00d15e23e4ef,c09030ca-e748-45ab-9ef3-634996a369bd,c5bdbe97-2e69-4630-b59b-c6fdf2b58741,t,,LEDGER|AGREEMENT|45a0bfd4-cafa-4994-a638-9837ea6ad7d3|65dabb35-8fd6-46a5-9810-747655b4faea,,3b703dae-2955-40a1-affa-f94478da505f,2026-07-27 19:42:15.890058
5f19a378-8abf-479b-8315-0f3d8caf4526,598a895e-5a20-48cc-95bd-a52fe5d4bb65,45a0bfd4-cafa-4994-a638-9837ea6ad7d3,AGREEMENT,45a0bfd4-cafa-4994-a638-9837ea6ad7d3,CREDIT,5000.00,TRY,2026-02,OFF_INVOICE,NKA,b39ade6a-ea33-413f-95a0-281c859f32fd,d56891e6-9e49-4fcf-bfd4-00d15e23e4ef,c09030ca-e748-45ab-9ef3-634996a369bd,c5bdbe97-2e69-4630-b59b-c6fdf2b58741,f,3c15e607-8bb4-46e8-9326-1aad5f4d2719,REVERSAL|LEDGER|3c15e607-8bb4-46e8-9326-1aad5f4d2719,Reversal of ledger entry 3c15e607-8bb4-46e8-9326-1aad5f4d2719,3b703dae-2955-40a1-affa-f94478da505f,2026-07-27 19:42:15.894316
a29d2cff-0348-4fae-bce1-d0e0e5278f5b,598a895e-5a20-48cc-95bd-a52fe5d4bb65,45a0bfd4-cafa-4994-a638-9837ea6ad7d3,AGREEMENT,45a0bfd4-cafa-4994-a638-9837ea6ad7d3,DEBIT,5000.00,TRY,2026-02,OFF_INVOICE,NKA,b39ade6a-ea33-413f-95a0-281c859f32fd,d56891e6-9e49-4fcf-bfd4-00d15e23e4ef,c09030ca-e748-45ab-9ef3-634996a369bd,c5bdbe97-2e69-4630-b59b-c6fdf2b58741,t,,LEDGER|AGREEMENT|45a0bfd4-cafa-4994-a638-9837ea6ad7d3|2728b410-f83d-4515-940b-6322b12a7c60,,3b703dae-2955-40a1-affa-f94478da505f,2026-07-27 19:42:15.935233
9203419d-4ef5-402d-a5c2-813a420ceb35,598a895e-5a20-48cc-95bd-a52fe5d4bb65,45a0bfd4-cafa-4994-a638-9837ea6ad7d3,AGREEMENT,45a0bfd4-cafa-4994-a638-9837ea6ad7d3,CREDIT,5000.00,TRY,2026-02,OFF_INVOICE,NKA,b39ade6a-ea33-413f-95a0-281c859f32fd,d56891e6-9e49-4fcf-bfd4-00d15e23e4ef,c09030ca-e748-45ab-9ef3-634996a369bd,c5bdbe97-2e69-4630-b59b-c6fdf2b58741,f,a29d2cff-0348-4fae-bce1-d0e0e5278f5b,REVERSAL|LEDGER|a29d2cff-0348-4fae-bce1-d0e0e5278f5b,Reversal of ledger entry a29d2cff-0348-4fae-bce1-d0e0e5278f5b,3b703dae-2955-40a1-affa-f94478da505f,2026-07-27 19:42:15.958501
6354d1a7-a7f6-41e1-a219-7ad19878ce68,598a895e-5a20-48cc-95bd-a52fe5d4bb65,0fe3ffd0-49ce-4275-8bc3-b0ef352e77f8,AGREEMENT,0fe3ffd0-49ce-4275-8bc3-b0ef352e77f8,DEBIT,5000.00,TRY,2026-02,OFF_INVOICE,NKA,b39ade6a-ea33-413f-95a0-281c859f32fd,d56891e6-9e49-4fcf-bfd4-00d15e23e4ef,c09030ca-e748-45ab-9ef3-634996a369bd,c5bdbe97-2e69-4630-b59b-c6fdf2b58741,f,,LEDGER|AGREEMENT|0fe3ffd0-49ce-4275-8bc3-b0ef352e77f8|7dbfc612-0bf9-4009-bcb3-3bde52f814f6,,3b703dae-2955-40a1-affa-f94478da505f,2026-07-27 19:52:19.556612
4d529aba-b4aa-474d-bde6-5f9ac5f8542f,598a895e-5a20-48cc-95bd-a52fe5d4bb65,cfc09af4-01e2-46df-9660-5cc379053cd4,AGREEMENT,cfc09af4-01e2-46df-9660-5cc379053cd4,DEBIT,3000.00,TRY,2026-02,OFF_INVOICE,NKA,b39ade6a-ea33-413f-95a0-281c859f32fd,d56891e6-9e49-4fcf-bfd4-00d15e23e4ef,c09030ca-e748-45ab-9ef3-634996a369bd,c5bdbe97-2e69-4630-b59b-c6fdf2b58741,t,,LEDGER|AGREEMENT|cfc09af4-01e2-46df-9660-5cc379053cd4|3ea504f5-674b-4fc2-b2cb-628b3f3780d2,,3b703dae-2955-40a1-affa-f94478da505f,2026-07-27 19:52:19.700897
2e02cb18-0801-41ff-859d-b23af30f16a9,598a895e-5a20-48cc-95bd-a52fe5d4bb65,cfc09af4-01e2-46df-9660-5cc379053cd4,AGREEMENT,cfc09af4-01e2-46df-9660-5cc379053cd4,CREDIT,3000.00,TRY,2026-02,OFF_INVOICE,NKA,b39ade6a-ea33-413f-95a0-281c859f32fd,d56891e6-9e49-4fcf-bfd4-00d15e23e4ef,c09030ca-e748-45ab-9ef3-634996a369bd,c5bdbe97-2e69-4630-b59b-c6fdf2b58741,f,4d529aba-b4aa-474d-bde6-5f9ac5f8542f,REVERSAL|LEDGER|4d529aba-b4aa-474d-bde6-5f9ac5f8542f,Reversal of ledger entry 4d529aba-b4aa-474d-bde6-5f9ac5f8542f,3b703dae-2955-40a1-affa-f94478da505f,2026-07-27 19:52:19.710327
3e483439-bc8d-4157-9675-4a87650fd193,598a895e-5a20-48cc-95bd-a52fe5d4bb65,2fc1c0b5-5c18-4e68-919f-2add9a6b36dc,AGREEMENT,2fc1c0b5-5c18-4e68-919f-2add9a6b36dc,DEBIT,5000.00,TRY,2026-02,OFF_INVOICE,NKA,b39ade6a-ea33-413f-95a0-281c859f32fd,d56891e6-9e49-4fcf-bfd4-00d15e23e4ef,c09030ca-e748-45ab-9ef3-634996a369bd,c5bdbe97-2e69-4630-b59b-c6fdf2b58741,f,,LEDGER|AGREEMENT|2fc1c0b5-5c18-4e68-919f-2add9a6b36dc|5589c539-e281-4deb-92b9-2110eab38821,,3b703dae-2955-40a1-affa-f94478da505f,2026-07-27 20:04:18.900007
d525a1c1-1d6b-42f2-9de2-ec7c6a1e3e68,598a895e-5a20-48cc-95bd-a52fe5d4bb65,6ef354a2-7008-4ccb-a46d-4bd6a914f7aa,AGREEMENT,6ef354a2-7008-4ccb-a46d-4bd6a914f7aa,DEBIT,3000.00,TRY,2026-02,OFF_INVOICE,NKA,b39ade6a-ea33-413f-95a0-281c859f32fd,d56891e6-9e49-4fcf-bfd4-00d15e23e4ef,c09030ca-e748-45ab-9ef3-634996a369bd,c5bdbe97-2e69-4630-b59b-c6fdf2b58741,t,,LEDGER|AGREEMENT|6ef354a2-7008-4ccb-a46d-4bd6a914f7aa|e2b9fb91-fc34-4528-bed7-19b6d0b94585,,3b703dae-2955-40a1-affa-f94478da505f,2026-07-27 20:04:19.029757
fa658966-027e-469c-97a6-5e4fed976652,598a895e-5a20-48cc-95bd-a52fe5d4bb65,6ef354a2-7008-4ccb-a46d-4bd6a914f7aa,AGREEMENT,6ef354a2-7008-4ccb-a46d-4bd6a914f7aa,CREDIT,3000.00,TRY,2026-02,OFF_INVOICE,NKA,b39ade6a-ea33-413f-95a0-281c859f32fd,d56891e6-9e49-4fcf-bfd4-00d15e23e4ef,c09030ca-e748-45ab-9ef3-634996a369bd,c5bdbe97-2e69-4630-b59b-c6fdf2b58741,f,d525a1c1-1d6b-42f2-9de2-ec7c6a1e3e68,REVERSAL|LEDGER|d525a1c1-1d6b-42f2-9de2-ec7c6a1e3e68,Reversal of ledger entry d525a1c1-1d6b-42f2-9de2-ec7c6a1e3e68,3b703dae-2955-40a1-affa-f94478da505f,2026-07-27 20:04:19.037549
2990a7dc-5236-4a7a-bb07-078183dcbb3f,598a895e-5a20-48cc-95bd-a52fe5d4bb65,6ef354a2-7008-4ccb-a46d-4bd6a914f7aa,AGREEMENT,6ef354a2-7008-4ccb-a46d-4bd6a914f7aa,DEBIT,5000.00,TRY,2026-02,OFF_INVOICE,NKA,b39ade6a-ea33-413f-95a0-281c859f32fd,d56891e6-9e49-4fcf-bfd4-00d15e23e4ef,c09030ca-e748-45ab-9ef3-634996a369bd,c5bdbe97-2e69-4630-b59b-c6fdf2b58741,t,,LEDGER|AGREEMENT|6ef354a2-7008-4ccb-a46d-4bd6a914f7aa|da62edfc-0f55-4d8b-92cb-197c5a09984c,,3b703dae-2955-40a1-affa-f94478da505f,2026-07-27 20:04:25.054567
99283ab8-6243-4317-8f93-d2ac503579b4,598a895e-5a20-48cc-95bd-a52fe5d4bb65,6ef354a2-7008-4ccb-a46d-4bd6a914f7aa,AGREEMENT,6ef354a2-7008-4ccb-a46d-4bd6a914f7aa,CREDIT,5000.00,TRY,2026-02,OFF_INVOICE,NKA,b39ade6a-ea33-413f-95a0-281c859f32fd,d56891e6-9e49-4fcf-bfd4-00d15e23e4ef,c09030ca-e748-45ab-9ef3-634996a369bd,c5bdbe97-2e69-4630-b59b-c6fdf2b58741,f,2990a7dc-5236-4a7a-bb07-078183dcbb3f,REVERSAL|LEDGER|2990a7dc-5236-4a7a-bb07-078183dcbb3f,Reversal of ledger entry 2990a7dc-5236-4a7a-bb07-078183dcbb3f,3b703dae-2955-40a1-affa-f94478da505f,2026-07-27 20:04:25.064175
d23e4d1e-f784-41dc-9407-bf579903f1dc,598a895e-5a20-48cc-95bd-a52fe5d4bb65,6ef354a2-7008-4ccb-a46d-4bd6a914f7aa,AGREEMENT,6ef354a2-7008-4ccb-a46d-4bd6a914f7aa,DEBIT,5000.00,TRY,2026-02,OFF_INVOICE,NKA,b39ade6a-ea33-413f-95a0-281c859f32fd,d56891e6-9e49-4fcf-bfd4-00d15e23e4ef,c09030ca-e748-45ab-9ef3-634996a369bd,c5bdbe97-2e69-4630-b59b-c6fdf2b58741,t,,LEDGER|AGREEMENT|6ef354a2-7008-4ccb-a46d-4bd6a914f7aa|f7eb8e9b-deed-42ab-b25c-dcbba19afddf,,3b703dae-2955-40a1-affa-f94478da505f,2026-07-27 20:04:25.227187
af5dd88f-d181-4c71-99f4-08e6c04bf5db,598a895e-5a20-48cc-95bd-a52fe5d4bb65,6ef354a2-7008-4ccb-a46d-4bd6a914f7aa,AGREEMENT,6ef354a2-7008-4ccb-a46d-4bd6a914f7aa,CREDIT,5000.00,TRY,2026-02,OFF_INVOICE,NKA,b39ade6a-ea33-413f-95a0-281c859f32fd,d56891e6-9e49-4fcf-bfd4-00d15e23e4ef,c09030ca-e748-45ab-9ef3-634996a369bd,c5bdbe97-2e69-4630-b59b-c6fdf2b58741,f,d23e4d1e-f784-41dc-9407-bf579903f1dc,REVERSAL|LEDGER|d23e4d1e-f784-41dc-9407-bf579903f1dc,Reversal of ledger entry d23e4d1e-f784-41dc-9407-bf579903f1dc,0e23990b-31a0-4ac2-be89-a46ebc8200d4,2026-07-27 20:04:25.232959
384cbc35-f45e-4b2f-a9dd-8b1375d02da6,598a895e-5a20-48cc-95bd-a52fe5d4bb65,6ef354a2-7008-4ccb-a46d-4bd6a914f7aa,AGREEMENT,6ef354a2-7008-4ccb-a46d-4bd6a914f7aa,DEBIT,5000.00,TRY,2026-02,OFF_INVOICE,NKA,b39ade6a-ea33-413f-95a0-281c859f32fd,d56891e6-9e49-4fcf-bfd4-00d15e23e4ef,c09030ca-e748-45ab-9ef3-634996a369bd,c5bdbe97-2e69-4630-b59b-c6fdf2b58741,t,,LEDGER|AGREEMENT|6ef354a2-7008-4ccb-a46d-4bd6a914f7aa|a4765966-a391-43b9-ab4c-e1b4d5ecaf8f,,3b703dae-2955-40a1-affa-f94478da505f,2026-07-27 20:04:26.113812
08c90df1-abe5-4f2d-bf80-0b601057fffc,598a895e-5a20-48cc-95bd-a52fe5d4bb65,6ef354a2-7008-4ccb-a46d-4bd6a914f7aa,AGREEMENT,6ef354a2-7008-4ccb-a46d-4bd6a914f7aa,CREDIT,5000.00,TRY,2026-02,OFF_INVOICE,NKA,b39ade6a-ea33-413f-95a0-281c859f32fd,d56891e6-9e49-4fcf-bfd4-00d15e23e4ef,c09030ca-e748-45ab-9ef3-634996a369bd,c5bdbe97-2e69-4630-b59b-c6fdf2b58741,f,384cbc35-f45e-4b2f-a9dd-8b1375d02da6,REVERSAL|LEDGER|384cbc35-f45e-4b2f-a9dd-8b1375d02da6,Reversal of ledger entry 384cbc35-f45e-4b2f-a9dd-8b1375d02da6,3b703dae-2955-40a1-affa-f94478da505f,2026-07-27 20:04:26.130144
ddb51801-f789-49b6-9293-d38f3977e7cb,598a895e-5a20-48cc-95bd-a52fe5d4bb65,6ef354a2-7008-4ccb-a46d-4bd6a914f7aa,AGREEMENT,6ef354a2-7008-4ccb-a46d-4bd6a914f7aa,DEBIT,5000.00,TRY,2026-02,OFF_INVOICE,NKA,b39ade6a-ea33-413f-95a0-281c859f32fd,d56891e6-9e49-4fcf-bfd4-00d15e23e4ef,c09030ca-e748-45ab-9ef3-634996a369bd,c5bdbe97-2e69-4630-b59b-c6fdf2b58741,t,,LEDGER|AGREEMENT|6ef354a2-7008-4ccb-a46d-4bd6a914f7aa|c5944e2a-c474-408f-b782-4f7e1e566dd4,,3b703dae-2955-40a1-affa-f94478da505f,2026-07-27 20:04:26.171185
aa52205e-58bd-4de0-92cd-871d5a9e269d,598a895e-5a20-48cc-95bd-a52fe5d4bb65,6ef354a2-7008-4ccb-a46d-4bd6a914f7aa,AGREEMENT,6ef354a2-7008-4ccb-a46d-4bd6a914f7aa,CREDIT,5000.00,TRY,2026-02,OFF_INVOICE,NKA,b39ade6a-ea33-413f-95a0-281c859f32fd,d56891e6-9e49-4fcf-bfd4-00d15e23e4ef,c09030ca-e748-45ab-9ef3-634996a369bd,c5bdbe97-2e69-4630-b59b-c6fdf2b58741,f,ddb51801-f789-49b6-9293-d38f3977e7cb,REVERSAL|LEDGER|ddb51801-f789-49b6-9293-d38f3977e7cb,Reversal of ledger entry ddb51801-f789-49b6-9293-d38f3977e7cb,3b703dae-2955-40a1-affa-f94478da505f,2026-07-27 20:04:26.184941
6f270c0a-cacf-4b6b-a85e-7f82b64b3ef3,598a895e-5a20-48cc-95bd-a52fe5d4bb65,4c2e2b56-8c67-44e1-bad1-44918470ae72,AGREEMENT,4c2e2b56-8c67-44e1-bad1-44918470ae72,DEBIT,5000.00,TRY,2026-02,OFF_INVOICE,NKA,b39ade6a-ea33-413f-95a0-281c859f32fd,d56891e6-9e49-4fcf-bfd4-00d15e23e4ef,c09030ca-e748-45ab-9ef3-634996a369bd,c5bdbe97-2e69-4630-b59b-c6fdf2b58741,f,,LEDGER|AGREEMENT|4c2e2b56-8c67-44e1-bad1-44918470ae72|798c4549-ccb3-4850-89fe-b0feca492b90,,3b703dae-2955-40a1-affa-f94478da505f,2026-07-27 20:05:56.46296
ef10c2f6-602d-44f1-85bb-2e9c5d161774,598a895e-5a20-48cc-95bd-a52fe5d4bb65,ae824774-8d63-4223-b176-0fc71bad18f6,AGREEMENT,ae824774-8d63-4223-b176-0fc71bad18f6,DEBIT,3000.00,TRY,2026-02,OFF_INVOICE,NKA,b39ade6a-ea33-413f-95a0-281c859f32fd,d56891e6-9e49-4fcf-bfd4-00d15e23e4ef,c09030ca-e748-45ab-9ef3-634996a369bd,c5bdbe97-2e69-4630-b59b-c6fdf2b58741,t,,LEDGER|AGREEMENT|ae824774-8d63-4223-b176-0fc71bad18f6|89bcb45a-94a9-40c4-a016-9e475e28e109,,3b703dae-2955-40a1-affa-f94478da505f,2026-07-27 20:05:56.556904
ecfc4fcf-0984-462f-93d8-446e3b7cecec,598a895e-5a20-48cc-95bd-a52fe5d4bb65,ae824774-8d63-4223-b176-0fc71bad18f6,AGREEMENT,ae824774-8d63-4223-b176-0fc71bad18f6,CREDIT,3000.00,TRY,2026-02,OFF_INVOICE,NKA,b39ade6a-ea33-413f-95a0-281c859f32fd,d56891e6-9e49-4fcf-bfd4-00d15e23e4ef,c09030ca-e748-45ab-9ef3-634996a369bd,c5bdbe97-2e69-4630-b59b-c6fdf2b58741,f,ef10c2f6-602d-44f1-85bb-2e9c5d161774,REVERSAL|LEDGER|ef10c2f6-602d-44f1-85bb-2e9c5d161774,Reversal of ledger entry ef10c2f6-602d-44f1-85bb-2e9c5d161774,3b703dae-2955-40a1-affa-f94478da505f,2026-07-27 20:05:56.565263
745c36c7-9fe1-4e79-afdb-c4f27f976540,598a895e-5a20-48cc-95bd-a52fe5d4bb65,9a2d0285-6d29-4dc1-8400-9a834943bc9c,AGREEMENT,9a2d0285-6d29-4dc1-8400-9a834943bc9c,DEBIT,5000.00,TRY,2026-02,OFF_INVOICE,NKA,b39ade6a-ea33-413f-95a0-281c859f32fd,d56891e6-9e49-4fcf-bfd4-00d15e23e4ef,c09030ca-e748-45ab-9ef3-634996a369bd,c5bdbe97-2e69-4630-b59b-c6fdf2b58741,f,,LEDGER|AGREEMENT|9a2d0285-6d29-4dc1-8400-9a834943bc9c|2efbf205-6864-473c-a1ca-fa62e97c13bb,,3b703dae-2955-40a1-affa-f94478da505f,2026-07-27 20:09:15.426412
1cd16ee4-7681-4246-a004-209d7703c92f,598a895e-5a20-48cc-95bd-a52fe5d4bb65,22e5f675-2370-4928-ad48-e593f2430441,AGREEMENT,22e5f675-2370-4928-ad48-e593f2430441,DEBIT,3000.00,TRY,2026-02,OFF_INVOICE,NKA,b39ade6a-ea33-413f-95a0-281c859f32fd,d56891e6-9e49-4fcf-bfd4-00d15e23e4ef,c09030ca-e748-45ab-9ef3-634996a369bd,c5bdbe97-2e69-4630-b59b-c6fdf2b58741,t,,LEDGER|AGREEMENT|22e5f675-2370-4928-ad48-e593f2430441|c73be3cf-8395-4743-ad78-137e690cfd43,,3b703dae-2955-40a1-affa-f94478da505f,2026-07-27 20:09:15.524204
b4e8d2b9-fec8-464b-9d81-8eb2f525e8c9,598a895e-5a20-48cc-95bd-a52fe5d4bb65,22e5f675-2370-4928-ad48-e593f2430441,AGREEMENT,22e5f675-2370-4928-ad48-e593f2430441,CREDIT,3000.00,TRY,2026-02,OFF_INVOICE,NKA,b39ade6a-ea33-413f-95a0-281c859f32fd,d56891e6-9e49-4fcf-bfd4-00d15e23e4ef,c09030ca-e748-45ab-9ef3-634996a369bd,c5bdbe97-2e69-4630-b59b-c6fdf2b58741,f,1cd16ee4-7681-4246-a004-209d7703c92f,REVERSAL|LEDGER|1cd16ee4-7681-4246-a004-209d7703c92f,Reversal of ledger entry 1cd16ee4-7681-4246-a004-209d7703c92f,3b703dae-2955-40a1-affa-f94478da505f,2026-07-27 20:09:15.530962
f25f367c-4408-46bb-b1be-9fe3f7b38e7c,598a895e-5a20-48cc-95bd-a52fe5d4bb65,cb57acb2-54fc-4df2-bc11-d78b09f4a14f,AGREEMENT,cb57acb2-54fc-4df2-bc11-d78b09f4a14f,DEBIT,5000.00,TRY,2026-02,OFF_INVOICE,NKA,b39ade6a-ea33-413f-95a0-281c859f32fd,d56891e6-9e49-4fcf-bfd4-00d15e23e4ef,c09030ca-e748-45ab-9ef3-634996a369bd,c5bdbe97-2e69-4630-b59b-c6fdf2b58741,f,,LEDGER|AGREEMENT|cb57acb2-54fc-4df2-bc11-d78b09f4a14f|2dd0438b-3415-4d67-97da-637e31947072,,3b703dae-2955-40a1-affa-f94478da505f,2026-07-27 20:11:11.291226
71c235be-8826-468e-9bb4-1d48d32d2ec5,598a895e-5a20-48cc-95bd-a52fe5d4bb65,d45fbe06-f49e-4a34-a456-0b2eedc1ac46,AGREEMENT,d45fbe06-f49e-4a34-a456-0b2eedc1ac46,DEBIT,3000.00,TRY,2026-02,OFF_INVOICE,NKA,b39ade6a-ea33-413f-95a0-281c859f32fd,d56891e6-9e49-4fcf-bfd4-00d15e23e4ef,c09030ca-e748-45ab-9ef3-634996a369bd,c5bdbe97-2e69-4630-b59b-c6fdf2b58741,t,,LEDGER|AGREEMENT|d45fbe06-f49e-4a34-a456-0b2eedc1ac46|e1627cba-b97e-45e1-b26a-17cd9c75db77,,3b703dae-2955-40a1-affa-f94478da505f,2026-07-27 20:11:11.404438
ca4d7158-df32-4b91-b582-69fbf81b25c3,598a895e-5a20-48cc-95bd-a52fe5d4bb65,d45fbe06-f49e-4a34-a456-0b2eedc1ac46,AGREEMENT,d45fbe06-f49e-4a34-a456-0b2eedc1ac46,CREDIT,3000.00,TRY,2026-02,OFF_INVOICE,NKA,b39ade6a-ea33-413f-95a0-281c859f32fd,d56891e6-9e49-4fcf-bfd4-00d15e23e4ef,c09030ca-e748-45ab-9ef3-634996a369bd,c5bdbe97-2e69-4630-b59b-c6fdf2b58741,f,71c235be-8826-468e-9bb4-1d48d32d2ec5,REVERSAL|LEDGER|71c235be-8826-468e-9bb4-1d48d32d2ec5,Reversal of ledger entry 71c235be-8826-468e-9bb4-1d48d32d2ec5,3b703dae-2955-40a1-affa-f94478da505f,2026-07-27 20:11:11.411921
d751a7a5-f34d-48c8-b3a9-85b40d048280,598a895e-5a20-48cc-95bd-a52fe5d4bb65,6ef354a2-7008-4ccb-a46d-4bd6a914f7aa,AGREEMENT,6ef354a2-7008-4ccb-a46d-4bd6a914f7aa,DEBIT,5000.00,TRY,2026-02,OFF_INVOICE,NKA,b39ade6a-ea33-413f-95a0-281c859f32fd,d56891e6-9e49-4fcf-bfd4-00d15e23e4ef,c09030ca-e748-45ab-9ef3-634996a369bd,c5bdbe97-2e69-4630-b59b-c6fdf2b58741,t,,LEDGER|AGREEMENT|6ef354a2-7008-4ccb-a46d-4bd6a914f7aa|49f3f032-c86d-4f4e-8bdf-014e0bafad12,,3b703dae-2955-40a1-affa-f94478da505f,2026-07-27 20:11:12.893844
bfc26966-d15e-49a4-b749-a1eb3a5a2cdd,598a895e-5a20-48cc-95bd-a52fe5d4bb65,6ef354a2-7008-4ccb-a46d-4bd6a914f7aa,AGREEMENT,6ef354a2-7008-4ccb-a46d-4bd6a914f7aa,CREDIT,5000.00,TRY,2026-02,OFF_INVOICE,NKA,b39ade6a-ea33-413f-95a0-281c859f32fd,d56891e6-9e49-4fcf-bfd4-00d15e23e4ef,c09030ca-e748-45ab-9ef3-634996a369bd,c5bdbe97-2e69-4630-b59b-c6fdf2b58741,f,d751a7a5-f34d-48c8-b3a9-85b40d048280,REVERSAL|LEDGER|d751a7a5-f34d-48c8-b3a9-85b40d048280,Reversal of ledger entry d751a7a5-f34d-48c8-b3a9-85b40d048280,3b703dae-2955-40a1-affa-f94478da505f,2026-07-27 20:11:12.901258
16014d53-5f34-4b67-b59b-69b8956a6916,598a895e-5a20-48cc-95bd-a52fe5d4bb65,6ef354a2-7008-4ccb-a46d-4bd6a914f7aa,AGREEMENT,6ef354a2-7008-4ccb-a46d-4bd6a914f7aa,DEBIT,5000.00,TRY,2026-02,OFF_INVOICE,NKA,b39ade6a-ea33-413f-95a0-281c859f32fd,d56891e6-9e49-4fcf-bfd4-00d15e23e4ef,c09030ca-e748-45ab-9ef3-634996a369bd,c5bdbe97-2e69-4630-b59b-c6fdf2b58741,t,,LEDGER|AGREEMENT|6ef354a2-7008-4ccb-a46d-4bd6a914f7aa|6616b1b9-11e2-4f7c-9c26-f2a6c84bf14f,,3b703dae-2955-40a1-affa-f94478da505f,2026-07-27 20:11:13.074716
b0ed875d-e102-456d-a992-5efb7728e5b4,598a895e-5a20-48cc-95bd-a52fe5d4bb65,6ef354a2-7008-4ccb-a46d-4bd6a914f7aa,AGREEMENT,6ef354a2-7008-4ccb-a46d-4bd6a914f7aa,CREDIT,5000.00,TRY,2026-02,OFF_INVOICE,NKA,b39ade6a-ea33-413f-95a0-281c859f32fd,d56891e6-9e49-4fcf-bfd4-00d15e23e4ef,c09030ca-e748-45ab-9ef3-634996a369bd,c5bdbe97-2e69-4630-b59b-c6fdf2b58741,f,16014d53-5f34-4b67-b59b-69b8956a6916,REVERSAL|LEDGER|16014d53-5f34-4b67-b59b-69b8956a6916,Reversal of ledger entry 16014d53-5f34-4b67-b59b-69b8956a6916,0e23990b-31a0-4ac2-be89-a46ebc8200d4,2026-07-27 20:11:13.093716
57eccfc8-018e-403d-836b-797b77d3b0c6,598a895e-5a20-48cc-95bd-a52fe5d4bb65,6ef354a2-7008-4ccb-a46d-4bd6a914f7aa,AGREEMENT,6ef354a2-7008-4ccb-a46d-4bd6a914f7aa,DEBIT,5000.00,TRY,2026-02,OFF_INVOICE,NKA,b39ade6a-ea33-413f-95a0-281c859f32fd,d56891e6-9e49-4fcf-bfd4-00d15e23e4ef,c09030ca-e748-45ab-9ef3-634996a369bd,c5bdbe97-2e69-4630-b59b-c6fdf2b58741,t,,LEDGER|AGREEMENT|6ef354a2-7008-4ccb-a46d-4bd6a914f7aa|d7a42244-47c2-4d23-bdf5-5e89c8b9cd19,,3b703dae-2955-40a1-affa-f94478da505f,2026-07-27 20:11:13.120238
fe0061f4-e633-4e30-b839-8b38017a2b59,598a895e-5a20-48cc-95bd-a52fe5d4bb65,6ef354a2-7008-4ccb-a46d-4bd6a914f7aa,AGREEMENT,6ef354a2-7008-4ccb-a46d-4bd6a914f7aa,CREDIT,5000.00,TRY,2026-02,OFF_INVOICE,NKA,b39ade6a-ea33-413f-95a0-281c859f32fd,d56891e6-9e49-4fcf-bfd4-00d15e23e4ef,c09030ca-e748-45ab-9ef3-634996a369bd,c5bdbe97-2e69-4630-b59b-c6fdf2b58741,f,57eccfc8-018e-403d-836b-797b77d3b0c6,REVERSAL|LEDGER|57eccfc8-018e-403d-836b-797b77d3b0c6,Reversal of ledger entry 57eccfc8-018e-403d-836b-797b77d3b0c6,3b703dae-2955-40a1-affa-f94478da505f,2026-07-27 20:11:13.124377
c85af0a7-23b3-4dfb-ad4a-fffd72607ebe,598a895e-5a20-48cc-95bd-a52fe5d4bb65,6ef354a2-7008-4ccb-a46d-4bd6a914f7aa,AGREEMENT,6ef354a2-7008-4ccb-a46d-4bd6a914f7aa,DEBIT,5000.00,TRY,2026-02,OFF_INVOICE,NKA,b39ade6a-ea33-413f-95a0-281c859f32fd,d56891e6-9e49-4fcf-bfd4-00d15e23e4ef,c09030ca-e748-45ab-9ef3-634996a369bd,c5bdbe97-2e69-4630-b59b-c6fdf2b58741,t,,LEDGER|AGREEMENT|6ef354a2-7008-4ccb-a46d-4bd6a914f7aa|5a832f8a-778c-42d0-9e97-2d891f0f3838,,3b703dae-2955-40a1-affa-f94478da505f,2026-07-27 20:11:13.168396
7822bc37-7c3a-4b28-bfeb-a2733282606b,598a895e-5a20-48cc-95bd-a52fe5d4bb65,6ef354a2-7008-4ccb-a46d-4bd6a914f7aa,AGREEMENT,6ef354a2-7008-4ccb-a46d-4bd6a914f7aa,CREDIT,5000.00,TRY,2026-02,OFF_INVOICE,NKA,b39ade6a-ea33-413f-95a0-281c859f32fd,d56891e6-9e49-4fcf-bfd4-00d15e23e4ef,c09030ca-e748-45ab-9ef3-634996a369bd,c5bdbe97-2e69-4630-b59b-c6fdf2b58741,f,c85af0a7-23b3-4dfb-ad4a-fffd72607ebe,REVERSAL|LEDGER|c85af0a7-23b3-4dfb-ad4a-fffd72607ebe,Reversal of ledger entry c85af0a7-23b3-4dfb-ad4a-fffd72607ebe,3b703dae-2955-40a1-affa-f94478da505f,2026-07-27 20:11:13.175615
b0178425-8234-43c7-8a98-01f79bff6630,598a895e-5a20-48cc-95bd-a52fe5d4bb65,19bf417d-4837-4b86-ad65-5cef884e5244,AGREEMENT,19bf417d-4837-4b86-ad65-5cef884e5244,DEBIT,5000.00,TRY,2026-02,OFF_INVOICE,NKA,b39ade6a-ea33-413f-95a0-281c859f32fd,d56891e6-9e49-4fcf-bfd4-00d15e23e4ef,c09030ca-e748-45ab-9ef3-634996a369bd,c5bdbe97-2e69-4630-b59b-c6fdf2b58741,f,,LEDGER|AGREEMENT|19bf417d-4837-4b86-ad65-5cef884e5244|b66328a4-2687-4bfe-8080-b04535b0f2f8,,3b703dae-2955-40a1-affa-f94478da505f,2026-07-27 20:13:54.001882
4b8ed14b-359f-41d8-b7cf-00feec4d8fbc,598a895e-5a20-48cc-95bd-a52fe5d4bb65,b64409f8-6fba-46bc-85b1-26d641dd9b76,AGREEMENT,b64409f8-6fba-46bc-85b1-26d641dd9b76,DEBIT,3000.00,TRY,2026-02,OFF_INVOICE,NKA,b39ade6a-ea33-413f-95a0-281c859f32fd,d56891e6-9e49-4fcf-bfd4-00d15e23e4ef,c09030ca-e748-45ab-9ef3-634996a369bd,c5bdbe97-2e69-4630-b59b-c6fdf2b58741,t,,LEDGER|AGREEMENT|b64409f8-6fba-46bc-85b1-26d641dd9b76|b36ca281-34fa-494e-a539-1c52d5a464cf,,3b703dae-2955-40a1-affa-f94478da505f,2026-07-27 20:13:54.10672
ac08dc1b-5ca2-4fd0-8218-4b49fb37c7e8,598a895e-5a20-48cc-95bd-a52fe5d4bb65,b64409f8-6fba-46bc-85b1-26d641dd9b76,AGREEMENT,b64409f8-6fba-46bc-85b1-26d641dd9b76,CREDIT,3000.00,TRY,2026-02,OFF_INVOICE,NKA,b39ade6a-ea33-413f-95a0-281c859f32fd,d56891e6-9e49-4fcf-bfd4-00d15e23e4ef,c09030ca-e748-45ab-9ef3-634996a369bd,c5bdbe97-2e69-4630-b59b-c6fdf2b58741,f,4b8ed14b-359f-41d8-b7cf-00feec4d8fbc,REVERSAL|LEDGER|4b8ed14b-359f-41d8-b7cf-00feec4d8fbc,Reversal of ledger entry 4b8ed14b-359f-41d8-b7cf-00feec4d8fbc,3b703dae-2955-40a1-affa-f94478da505f,2026-07-27 20:13:54.114124
d2fff674-3346-4310-89ad-9a051a5a00ec,598a895e-5a20-48cc-95bd-a52fe5d4bb65,22e5f675-2370-4928-ad48-e593f2430441,AGREEMENT,22e5f675-2370-4928-ad48-e593f2430441,DEBIT,5000.00,TRY,2026-02,OFF_INVOICE,NKA,b39ade6a-ea33-413f-95a0-281c859f32fd,d56891e6-9e49-4fcf-bfd4-00d15e23e4ef,c09030ca-e748-45ab-9ef3-634996a369bd,c5bdbe97-2e69-4630-b59b-c6fdf2b58741,t,,LEDGER|AGREEMENT|22e5f675-2370-4928-ad48-e593f2430441|0d466cbe-dea2-4a69-93d7-17fc54060d38,,3b703dae-2955-40a1-affa-f94478da505f,2026-07-27 20:13:55.326588
665a34f5-4991-4da4-a3d7-9c3cad5bb00a,598a895e-5a20-48cc-95bd-a52fe5d4bb65,22e5f675-2370-4928-ad48-e593f2430441,AGREEMENT,22e5f675-2370-4928-ad48-e593f2430441,CREDIT,5000.00,TRY,2026-02,OFF_INVOICE,NKA,b39ade6a-ea33-413f-95a0-281c859f32fd,d56891e6-9e49-4fcf-bfd4-00d15e23e4ef,c09030ca-e748-45ab-9ef3-634996a369bd,c5bdbe97-2e69-4630-b59b-c6fdf2b58741,f,d2fff674-3346-4310-89ad-9a051a5a00ec,REVERSAL|LEDGER|d2fff674-3346-4310-89ad-9a051a5a00ec,Reversal of ledger entry d2fff674-3346-4310-89ad-9a051a5a00ec,3b703dae-2955-40a1-affa-f94478da505f,2026-07-27 20:13:55.332183
c71a164d-8f75-47af-91b4-7c52984b7d54,598a895e-5a20-48cc-95bd-a52fe5d4bb65,22e5f675-2370-4928-ad48-e593f2430441,AGREEMENT,22e5f675-2370-4928-ad48-e593f2430441,DEBIT,5000.00,TRY,2026-02,OFF_INVOICE,NKA,b39ade6a-ea33-413f-95a0-281c859f32fd,d56891e6-9e49-4fcf-bfd4-00d15e23e4ef,c09030ca-e748-45ab-9ef3-634996a369bd,c5bdbe97-2e69-4630-b59b-c6fdf2b58741,t,,LEDGER|AGREEMENT|22e5f675-2370-4928-ad48-e593f2430441|f5312332-ed0a-454a-812c-749ecfc4288d,,3b703dae-2955-40a1-affa-f94478da505f,2026-07-27 20:13:55.481978
60393453-6537-461b-95a7-abec12a3566c,598a895e-5a20-48cc-95bd-a52fe5d4bb65,22e5f675-2370-4928-ad48-e593f2430441,AGREEMENT,22e5f675-2370-4928-ad48-e593f2430441,CREDIT,5000.00,TRY,2026-02,OFF_INVOICE,NKA,b39ade6a-ea33-413f-95a0-281c859f32fd,d56891e6-9e49-4fcf-bfd4-00d15e23e4ef,c09030ca-e748-45ab-9ef3-634996a369bd,c5bdbe97-2e69-4630-b59b-c6fdf2b58741,f,c71a164d-8f75-47af-91b4-7c52984b7d54,REVERSAL|LEDGER|c71a164d-8f75-47af-91b4-7c52984b7d54,Reversal of ledger entry c71a164d-8f75-47af-91b4-7c52984b7d54,0e23990b-31a0-4ac2-be89-a46ebc8200d4,2026-07-27 20:13:55.486975
6f7369ac-74fb-459f-9696-bb7b778ae347,598a895e-5a20-48cc-95bd-a52fe5d4bb65,22e5f675-2370-4928-ad48-e593f2430441,AGREEMENT,22e5f675-2370-4928-ad48-e593f2430441,DEBIT,5000.00,TRY,2026-02,OFF_INVOICE,NKA,b39ade6a-ea33-413f-95a0-281c859f32fd,d56891e6-9e49-4fcf-bfd4-00d15e23e4ef,c09030ca-e748-45ab-9ef3-634996a369bd,c5bdbe97-2e69-4630-b59b-c6fdf2b58741,t,,LEDGER|AGREEMENT|22e5f675-2370-4928-ad48-e593f2430441|ebd1e948-69d1-4a09-b25e-6d62f5747bfb,,3b703dae-2955-40a1-affa-f94478da505f,2026-07-27 20:13:55.518372
959a52eb-f56e-43f3-8943-ea1dbce506c5,598a895e-5a20-48cc-95bd-a52fe5d4bb65,22e5f675-2370-4928-ad48-e593f2430441,AGREEMENT,22e5f675-2370-4928-ad48-e593f2430441,CREDIT,5000.00,TRY,2026-02,OFF_INVOICE,NKA,b39ade6a-ea33-413f-95a0-281c859f32fd,d56891e6-9e49-4fcf-bfd4-00d15e23e4ef,c09030ca-e748-45ab-9ef3-634996a369bd,c5bdbe97-2e69-4630-b59b-c6fdf2b58741,f,6f7369ac-74fb-459f-9696-bb7b778ae347,REVERSAL|LEDGER|6f7369ac-74fb-459f-9696-bb7b778ae347,Reversal of ledger entry 6f7369ac-74fb-459f-9696-bb7b778ae347,3b703dae-2955-40a1-affa-f94478da505f,2026-07-27 20:13:55.524122
fe211ce3-fca3-4d87-9244-3c2a484a39bb,598a895e-5a20-48cc-95bd-a52fe5d4bb65,22e5f675-2370-4928-ad48-e593f2430441,AGREEMENT,22e5f675-2370-4928-ad48-e593f2430441,DEBIT,5000.00,TRY,2026-02,OFF_INVOICE,NKA,b39ade6a-ea33-413f-95a0-281c859f32fd,d56891e6-9e49-4fcf-bfd4-00d15e23e4ef,c09030ca-e748-45ab-9ef3-634996a369bd,c5bdbe97-2e69-4630-b59b-c6fdf2b58741,t,,LEDGER|AGREEMENT|22e5f675-2370-4928-ad48-e593f2430441|9893c5c1-668f-41aa-927d-a1e85c8f7c65,,3b703dae-2955-40a1-affa-f94478da505f,2026-07-27 20:13:55.557869
7cfb722f-3d90-4248-b637-b7650babbcd2,598a895e-5a20-48cc-95bd-a52fe5d4bb65,22e5f675-2370-4928-ad48-e593f2430441,AGREEMENT,22e5f675-2370-4928-ad48-e593f2430441,CREDIT,5000.00,TRY,2026-02,OFF_INVOICE,NKA,b39ade6a-ea33-413f-95a0-281c859f32fd,d56891e6-9e49-4fcf-bfd4-00d15e23e4ef,c09030ca-e748-45ab-9ef3-634996a369bd,c5bdbe97-2e69-4630-b59b-c6fdf2b58741,f,fe211ce3-fca3-4d87-9244-3c2a484a39bb,REVERSAL|LEDGER|fe211ce3-fca3-4d87-9244-3c2a484a39bb,Reversal of ledger entry fe211ce3-fca3-4d87-9244-3c2a484a39bb,3b703dae-2955-40a1-affa-f94478da505f,2026-07-27 20:13:55.565076
23a6b522-6115-46a2-8895-f7c388522bb4,598a895e-5a20-48cc-95bd-a52fe5d4bb65,9e6a4eda-e148-48b8-9279-c5c60cf9aed7,AGREEMENT,9e6a4eda-e148-48b8-9279-c5c60cf9aed7,DEBIT,5000.00,TRY,2026-02,OFF_INVOICE,NKA,b39ade6a-ea33-413f-95a0-281c859f32fd,d56891e6-9e49-4fcf-bfd4-00d15e23e4ef,c09030ca-e748-45ab-9ef3-634996a369bd,c5bdbe97-2e69-4630-b59b-c6fdf2b58741,f,,LEDGER|AGREEMENT|9e6a4eda-e148-48b8-9279-c5c60cf9aed7|6ee5d475-6993-41f1-b7ca-b1889f61a1b8,,3b703dae-2955-40a1-affa-f94478da505f,2026-07-27 20:17:04.973415
27f116a4-629a-4721-9db2-34ba55431145,598a895e-5a20-48cc-95bd-a52fe5d4bb65,d15a9c13-fa18-46d8-987f-34214af5d9a6,AGREEMENT,d15a9c13-fa18-46d8-987f-34214af5d9a6,DEBIT,3000.00,TRY,2026-02,OFF_INVOICE,NKA,b39ade6a-ea33-413f-95a0-281c859f32fd,d56891e6-9e49-4fcf-bfd4-00d15e23e4ef,c09030ca-e748-45ab-9ef3-634996a369bd,c5bdbe97-2e69-4630-b59b-c6fdf2b58741,t,,LEDGER|AGREEMENT|d15a9c13-fa18-46d8-987f-34214af5d9a6|e76ce2c0-df5c-4094-87b8-641a2b24e339,,3b703dae-2955-40a1-affa-f94478da505f,2026-07-27 20:17:05.079914
becb2f54-0947-44f8-b6d8-fb7931c51695,598a895e-5a20-48cc-95bd-a52fe5d4bb65,d15a9c13-fa18-46d8-987f-34214af5d9a6,AGREEMENT,d15a9c13-fa18-46d8-987f-34214af5d9a6,CREDIT,3000.00,TRY,2026-02,OFF_INVOICE,NKA,b39ade6a-ea33-413f-95a0-281c859f32fd,d56891e6-9e49-4fcf-bfd4-00d15e23e4ef,c09030ca-e748-45ab-9ef3-634996a369bd,c5bdbe97-2e69-4630-b59b-c6fdf2b58741,f,27f116a4-629a-4721-9db2-34ba55431145,REVERSAL|LEDGER|27f116a4-629a-4721-9db2-34ba55431145,Reversal of ledger entry 27f116a4-629a-4721-9db2-34ba55431145,3b703dae-2955-40a1-affa-f94478da505f,2026-07-27 20:17:05.087278
f57993cb-ea79-4d87-9ef4-32892ac6be0d,598a895e-5a20-48cc-95bd-a52fe5d4bb65,b64409f8-6fba-46bc-85b1-26d641dd9b76,AGREEMENT,b64409f8-6fba-46bc-85b1-26d641dd9b76,DEBIT,5000.00,TRY,2026-02,OFF_INVOICE,NKA,b39ade6a-ea33-413f-95a0-281c859f32fd,d56891e6-9e49-4fcf-bfd4-00d15e23e4ef,c09030ca-e748-45ab-9ef3-634996a369bd,c5bdbe97-2e69-4630-b59b-c6fdf2b58741,t,,LEDGER|AGREEMENT|b64409f8-6fba-46bc-85b1-26d641dd9b76|72dd52b0-e883-4ffb-aff2-8d7fd81dafd2,,3b703dae-2955-40a1-affa-f94478da505f,2026-07-27 20:17:06.322433
5fdd9714-b397-4946-ace4-0734bf21187a,598a895e-5a20-48cc-95bd-a52fe5d4bb65,b64409f8-6fba-46bc-85b1-26d641dd9b76,AGREEMENT,b64409f8-6fba-46bc-85b1-26d641dd9b76,CREDIT,5000.00,TRY,2026-02,OFF_INVOICE,NKA,b39ade6a-ea33-413f-95a0-281c859f32fd,d56891e6-9e49-4fcf-bfd4-00d15e23e4ef,c09030ca-e748-45ab-9ef3-634996a369bd,c5bdbe97-2e69-4630-b59b-c6fdf2b58741,f,f57993cb-ea79-4d87-9ef4-32892ac6be0d,REVERSAL|LEDGER|f57993cb-ea79-4d87-9ef4-32892ac6be0d,Reversal of ledger entry f57993cb-ea79-4d87-9ef4-32892ac6be0d,3b703dae-2955-40a1-affa-f94478da505f,2026-07-27 20:17:06.328108
8257e114-e8a1-4423-98c5-212fe173b1b1,598a895e-5a20-48cc-95bd-a52fe5d4bb65,b64409f8-6fba-46bc-85b1-26d641dd9b76,AGREEMENT,b64409f8-6fba-46bc-85b1-26d641dd9b76,DEBIT,5000.00,TRY,2026-02,OFF_INVOICE,NKA,b39ade6a-ea33-413f-95a0-281c859f32fd,d56891e6-9e49-4fcf-bfd4-00d15e23e4ef,c09030ca-e748-45ab-9ef3-634996a369bd,c5bdbe97-2e69-4630-b59b-c6fdf2b58741,t,,LEDGER|AGREEMENT|b64409f8-6fba-46bc-85b1-26d641dd9b76|b63b96d4-1cc6-4198-8ff6-eb4b361d6795,,3b703dae-2955-40a1-affa-f94478da505f,2026-07-27 20:17:06.485789
3ab2f5f5-b584-42b7-981b-9d1f0fac341c,598a895e-5a20-48cc-95bd-a52fe5d4bb65,b64409f8-6fba-46bc-85b1-26d641dd9b76,AGREEMENT,b64409f8-6fba-46bc-85b1-26d641dd9b76,CREDIT,5000.00,TRY,2026-02,OFF_INVOICE,NKA,b39ade6a-ea33-413f-95a0-281c859f32fd,d56891e6-9e49-4fcf-bfd4-00d15e23e4ef,c09030ca-e748-45ab-9ef3-634996a369bd,c5bdbe97-2e69-4630-b59b-c6fdf2b58741,f,8257e114-e8a1-4423-98c5-212fe173b1b1,REVERSAL|LEDGER|8257e114-e8a1-4423-98c5-212fe173b1b1,Reversal of ledger entry 8257e114-e8a1-4423-98c5-212fe173b1b1,0e23990b-31a0-4ac2-be89-a46ebc8200d4,2026-07-27 20:17:06.490756
fa0313fa-3406-4eb0-933e-d47c20395099,598a895e-5a20-48cc-95bd-a52fe5d4bb65,b64409f8-6fba-46bc-85b1-26d641dd9b76,AGREEMENT,b64409f8-6fba-46bc-85b1-26d641dd9b76,DEBIT,5000.00,TRY,2026-02,OFF_INVOICE,NKA,b39ade6a-ea33-413f-95a0-281c859f32fd,d56891e6-9e49-4fcf-bfd4-00d15e23e4ef,c09030ca-e748-45ab-9ef3-634996a369bd,c5bdbe97-2e69-4630-b59b-c6fdf2b58741,t,,LEDGER|AGREEMENT|b64409f8-6fba-46bc-85b1-26d641dd9b76|50fdc977-dd20-426b-8104-6460824974f5,,3b703dae-2955-40a1-affa-f94478da505f,2026-07-27 20:17:06.520171
afa58d8e-d03e-4f74-9e14-eb8fd87f02d9,598a895e-5a20-48cc-95bd-a52fe5d4bb65,b64409f8-6fba-46bc-85b1-26d641dd9b76,AGREEMENT,b64409f8-6fba-46bc-85b1-26d641dd9b76,CREDIT,5000.00,TRY,2026-02,OFF_INVOICE,NKA,b39ade6a-ea33-413f-95a0-281c859f32fd,d56891e6-9e49-4fcf-bfd4-00d15e23e4ef,c09030ca-e748-45ab-9ef3-634996a369bd,c5bdbe97-2e69-4630-b59b-c6fdf2b58741,f,fa0313fa-3406-4eb0-933e-d47c20395099,REVERSAL|LEDGER|fa0313fa-3406-4eb0-933e-d47c20395099,Reversal of ledger entry fa0313fa-3406-4eb0-933e-d47c20395099,3b703dae-2955-40a1-affa-f94478da505f,2026-07-27 20:17:06.524355
27654c31-01fd-47af-ba5f-848b85d91cd2,598a895e-5a20-48cc-95bd-a52fe5d4bb65,b64409f8-6fba-46bc-85b1-26d641dd9b76,AGREEMENT,b64409f8-6fba-46bc-85b1-26d641dd9b76,DEBIT,5000.00,TRY,2026-02,OFF_INVOICE,NKA,b39ade6a-ea33-413f-95a0-281c859f32fd,d56891e6-9e49-4fcf-bfd4-00d15e23e4ef,c09030ca-e748-45ab-9ef3-634996a369bd,c5bdbe97-2e69-4630-b59b-c6fdf2b58741,t,,LEDGER|AGREEMENT|b64409f8-6fba-46bc-85b1-26d641dd9b76|f9abc439-213b-43df-bb49-743829c882b1,,3b703dae-2955-40a1-affa-f94478da505f,2026-07-27 20:17:06.556319
627a102f-2e4e-4d4a-acf4-859dd63a0893,598a895e-5a20-48cc-95bd-a52fe5d4bb65,b64409f8-6fba-46bc-85b1-26d641dd9b76,AGREEMENT,b64409f8-6fba-46bc-85b1-26d641dd9b76,CREDIT,5000.00,TRY,2026-02,OFF_INVOICE,NKA,b39ade6a-ea33-413f-95a0-281c859f32fd,d56891e6-9e49-4fcf-bfd4-00d15e23e4ef,c09030ca-e748-45ab-9ef3-634996a369bd,c5bdbe97-2e69-4630-b59b-c6fdf2b58741,f,27654c31-01fd-47af-ba5f-848b85d91cd2,REVERSAL|LEDGER|27654c31-01fd-47af-ba5f-848b85d91cd2,Reversal of ledger entry 27654c31-01fd-47af-ba5f-848b85d91cd2,3b703dae-2955-40a1-affa-f94478da505f,2026-07-27 20:17:06.564644
657ad790-8071-45a9-8a97-405980a2a391,598a895e-5a20-48cc-95bd-a52fe5d4bb65,899c8297-10f8-4471-9f6e-060f8e8aaba7,AGREEMENT,899c8297-10f8-4471-9f6e-060f8e8aaba7,DEBIT,12000.00,TRY,2026-02,OFF_INVOICE,NKA,b39ade6a-ea33-413f-95a0-281c859f32fd,d56891e6-9e49-4fcf-bfd4-00d15e23e4ef,c09030ca-e748-45ab-9ef3-634996a369bd,c5bdbe97-2e69-4630-b59b-c6fdf2b58741,f,,LEDGER|AGREEMENT|899c8297-10f8-4471-9f6e-060f8e8aaba7|98dcbf0a-3501-4e7a-8325-01cb84cef7cd,,3b703dae-2955-40a1-affa-f94478da505f,2026-07-27 20:36:02.501899
711c96ee-5a8d-4cff-a17f-53a0a2989452,598a895e-5a20-48cc-95bd-a52fe5d4bb65,b4108aac-b881-4ce1-a90a-68bd4a19a6c2,AGREEMENT,b4108aac-b881-4ce1-a90a-68bd4a19a6c2,DEBIT,4000.00,TRY,2026-02,OFF_INVOICE,NKA,b39ade6a-ea33-413f-95a0-281c859f32fd,d56891e6-9e49-4fcf-bfd4-00d15e23e4ef,c09030ca-e748-45ab-9ef3-634996a369bd,c5bdbe97-2e69-4630-b59b-c6fdf2b58741,t,,LEDGER|AGREEMENT|b4108aac-b881-4ce1-a90a-68bd4a19a6c2|54a1f5f9-63e2-4780-a28b-40b05aac9733,,3b703dae-2955-40a1-affa-f94478da505f,2026-07-27 20:36:02.9658
9d444411-e74f-4e0b-96a4-a315e2fac251,598a895e-5a20-48cc-95bd-a52fe5d4bb65,b4108aac-b881-4ce1-a90a-68bd4a19a6c2,AGREEMENT,b4108aac-b881-4ce1-a90a-68bd4a19a6c2,CREDIT,4000.00,TRY,2026-02,OFF_INVOICE,NKA,b39ade6a-ea33-413f-95a0-281c859f32fd,d56891e6-9e49-4fcf-bfd4-00d15e23e4ef,c09030ca-e748-45ab-9ef3-634996a369bd,c5bdbe97-2e69-4630-b59b-c6fdf2b58741,f,711c96ee-5a8d-4cff-a17f-53a0a2989452,REVERSAL|LEDGER|711c96ee-5a8d-4cff-a17f-53a0a2989452,Reversal of ledger entry 711c96ee-5a8d-4cff-a17f-53a0a2989452,3b703dae-2955-40a1-affa-f94478da505f,2026-07-27 20:36:02.974945
734f19ea-3b56-4d3a-9ea6-101fb62c58fa,598a895e-5a20-48cc-95bd-a52fe5d4bb65,b7b08cab-17ee-4287-be07-999c8641bee3,AGREEMENT,b7b08cab-17ee-4287-be07-999c8641bee3,DEBIT,12000.00,TRY,2026-02,OFF_INVOICE,NKA,b39ade6a-ea33-413f-95a0-281c859f32fd,d56891e6-9e49-4fcf-bfd4-00d15e23e4ef,c09030ca-e748-45ab-9ef3-634996a369bd,c5bdbe97-2e69-4630-b59b-c6fdf2b58741,f,,LEDGER|AGREEMENT|b7b08cab-17ee-4287-be07-999c8641bee3|ee12b8a2-031e-497a-9484-6504a9575a77,,3b703dae-2955-40a1-affa-f94478da505f,2026-07-27 20:37:44.555779
82c69ddd-0244-49bb-92f4-f4c4b0aa9b43,598a895e-5a20-48cc-95bd-a52fe5d4bb65,515e39e8-84ca-488c-ad26-577ec2db1e8d,AGREEMENT,515e39e8-84ca-488c-ad26-577ec2db1e8d,DEBIT,4000.00,TRY,2026-02,OFF_INVOICE,NKA,b39ade6a-ea33-413f-95a0-281c859f32fd,d56891e6-9e49-4fcf-bfd4-00d15e23e4ef,c09030ca-e748-45ab-9ef3-634996a369bd,c5bdbe97-2e69-4630-b59b-c6fdf2b58741,t,,LEDGER|AGREEMENT|515e39e8-84ca-488c-ad26-577ec2db1e8d|569fa188-c7b8-4e19-9555-2f84f3bdcb54,,3b703dae-2955-40a1-affa-f94478da505f,2026-07-27 20:37:44.911963
c724fcf5-a9f1-4f20-9a9b-c61618882539,598a895e-5a20-48cc-95bd-a52fe5d4bb65,515e39e8-84ca-488c-ad26-577ec2db1e8d,AGREEMENT,515e39e8-84ca-488c-ad26-577ec2db1e8d,CREDIT,4000.00,TRY,2026-02,OFF_INVOICE,NKA,b39ade6a-ea33-413f-95a0-281c859f32fd,d56891e6-9e49-4fcf-bfd4-00d15e23e4ef,c09030ca-e748-45ab-9ef3-634996a369bd,c5bdbe97-2e69-4630-b59b-c6fdf2b58741,f,82c69ddd-0244-49bb-92f4-f4c4b0aa9b43,REVERSAL|LEDGER|82c69ddd-0244-49bb-92f4-f4c4b0aa9b43,Reversal of ledger entry 82c69ddd-0244-49bb-92f4-f4c4b0aa9b43,3b703dae-2955-40a1-affa-f94478da505f,2026-07-27 20:37:44.917859
fefc1d1e-c2c5-458c-957b-d15ad1628439,598a895e-5a20-48cc-95bd-a52fe5d4bb65,3d1db3a7-97b2-4caa-8daa-b212e8c1ccf8,AGREEMENT,3d1db3a7-97b2-4caa-8daa-b212e8c1ccf8,DEBIT,5000.00,TRY,2026-02,OFF_INVOICE,NKA,b39ade6a-ea33-413f-95a0-281c859f32fd,d56891e6-9e49-4fcf-bfd4-00d15e23e4ef,c09030ca-e748-45ab-9ef3-634996a369bd,c5bdbe97-2e69-4630-b59b-c6fdf2b58741,f,,LEDGER|AGREEMENT|3d1db3a7-97b2-4caa-8daa-b212e8c1ccf8|f5f21af2-86d5-4035-bcc1-76a708e6fc77,,3b703dae-2955-40a1-affa-f94478da505f,2026-07-27 20:39:24.829834
f438898c-79b9-4f77-a001-945407c7a6d7,598a895e-5a20-48cc-95bd-a52fe5d4bb65,53174e3b-e892-4eef-bc5d-ca96287d5729,AGREEMENT,53174e3b-e892-4eef-bc5d-ca96287d5729,DEBIT,3000.00,TRY,2026-02,OFF_INVOICE,NKA,b39ade6a-ea33-413f-95a0-281c859f32fd,d56891e6-9e49-4fcf-bfd4-00d15e23e4ef,c09030ca-e748-45ab-9ef3-634996a369bd,c5bdbe97-2e69-4630-b59b-c6fdf2b58741,t,,LEDGER|AGREEMENT|53174e3b-e892-4eef-bc5d-ca96287d5729|7e79dc57-1e86-4a94-b49f-db4272c403b2,,3b703dae-2955-40a1-affa-f94478da505f,2026-07-27 20:39:24.921994
f09ffe2d-cf04-495e-8084-4f197621bcc9,598a895e-5a20-48cc-95bd-a52fe5d4bb65,53174e3b-e892-4eef-bc5d-ca96287d5729,AGREEMENT,53174e3b-e892-4eef-bc5d-ca96287d5729,CREDIT,3000.00,TRY,2026-02,OFF_INVOICE,NKA,b39ade6a-ea33-413f-95a0-281c859f32fd,d56891e6-9e49-4fcf-bfd4-00d15e23e4ef,c09030ca-e748-45ab-9ef3-634996a369bd,c5bdbe97-2e69-4630-b59b-c6fdf2b58741,f,f438898c-79b9-4f77-a001-945407c7a6d7,REVERSAL|LEDGER|f438898c-79b9-4f77-a001-945407c7a6d7,Reversal of ledger entry f438898c-79b9-4f77-a001-945407c7a6d7,3b703dae-2955-40a1-affa-f94478da505f,2026-07-27 20:39:24.928652
fba6c307-5d65-4e55-8b18-0a54c2d5472c,598a895e-5a20-48cc-95bd-a52fe5d4bb65,fc0ea004-15b8-438d-ad79-a26a403be198,AGREEMENT,fc0ea004-15b8-438d-ad79-a26a403be198,DEBIT,12000.00,TRY,2026-02,OFF_INVOICE,NKA,b39ade6a-ea33-413f-95a0-281c859f32fd,d56891e6-9e49-4fcf-bfd4-00d15e23e4ef,c09030ca-e748-45ab-9ef3-634996a369bd,c5bdbe97-2e69-4630-b59b-c6fdf2b58741,f,,LEDGER|AGREEMENT|fc0ea004-15b8-438d-ad79-a26a403be198|3441203b-1770-4b93-add5-3a26ab530e70,,3b703dae-2955-40a1-affa-f94478da505f,2026-07-27 20:39:26.517236
d5e52a70-af4c-4de0-ab75-45f0d21e7bcb,598a895e-5a20-48cc-95bd-a52fe5d4bb65,3013978b-1255-42ce-b500-7a8f6ccc61e8,AGREEMENT,3013978b-1255-42ce-b500-7a8f6ccc61e8,DEBIT,4000.00,TRY,2026-02,OFF_INVOICE,NKA,b39ade6a-ea33-413f-95a0-281c859f32fd,d56891e6-9e49-4fcf-bfd4-00d15e23e4ef,c09030ca-e748-45ab-9ef3-634996a369bd,c5bdbe97-2e69-4630-b59b-c6fdf2b58741,t,,LEDGER|AGREEMENT|3013978b-1255-42ce-b500-7a8f6ccc61e8|b135bb30-dc8a-42fd-ad24-087aecbde824,,3b703dae-2955-40a1-affa-f94478da505f,2026-07-27 20:39:26.868931
e5f53e40-3df9-4b6f-9e46-ced4d0aba063,598a895e-5a20-48cc-95bd-a52fe5d4bb65,3013978b-1255-42ce-b500-7a8f6ccc61e8,AGREEMENT,3013978b-1255-42ce-b500-7a8f6ccc61e8,CREDIT,4000.00,TRY,2026-02,OFF_INVOICE,NKA,b39ade6a-ea33-413f-95a0-281c859f32fd,d56891e6-9e49-4fcf-bfd4-00d15e23e4ef,c09030ca-e748-45ab-9ef3-634996a369bd,c5bdbe97-2e69-4630-b59b-c6fdf2b58741,f,d5e52a70-af4c-4de0-ab75-45f0d21e7bcb,REVERSAL|LEDGER|d5e52a70-af4c-4de0-ab75-45f0d21e7bcb,Reversal of ledger entry d5e52a70-af4c-4de0-ab75-45f0d21e7bcb,3b703dae-2955-40a1-affa-f94478da505f,2026-07-27 20:39:26.875324
8d003d5d-423c-4305-8a64-31f3d89176c8,598a895e-5a20-48cc-95bd-a52fe5d4bb65,53174e3b-e892-4eef-bc5d-ca96287d5729,AGREEMENT,53174e3b-e892-4eef-bc5d-ca96287d5729,DEBIT,5000.00,TRY,2026-02,OFF_INVOICE,NKA,b39ade6a-ea33-413f-95a0-281c859f32fd,d56891e6-9e49-4fcf-bfd4-00d15e23e4ef,c09030ca-e748-45ab-9ef3-634996a369bd,c5bdbe97-2e69-4630-b59b-c6fdf2b58741,t,,LEDGER|AGREEMENT|53174e3b-e892-4eef-bc5d-ca96287d5729|87de6d06-48b7-4f0b-8268-9a789fff0d15,,3b703dae-2955-40a1-affa-f94478da505f,2026-07-27 20:39:31.27718
631196ef-00c1-4b00-ad58-38edf3e1f90f,598a895e-5a20-48cc-95bd-a52fe5d4bb65,53174e3b-e892-4eef-bc5d-ca96287d5729,AGREEMENT,53174e3b-e892-4eef-bc5d-ca96287d5729,CREDIT,5000.00,TRY,2026-02,OFF_INVOICE,NKA,b39ade6a-ea33-413f-95a0-281c859f32fd,d56891e6-9e49-4fcf-bfd4-00d15e23e4ef,c09030ca-e748-45ab-9ef3-634996a369bd,c5bdbe97-2e69-4630-b59b-c6fdf2b58741,f,8d003d5d-423c-4305-8a64-31f3d89176c8,REVERSAL|LEDGER|8d003d5d-423c-4305-8a64-31f3d89176c8,Reversal of ledger entry 8d003d5d-423c-4305-8a64-31f3d89176c8,3b703dae-2955-40a1-affa-f94478da505f,2026-07-27 20:39:31.283116
364ef272-97c9-4036-b32a-ffcd1cf1073d,598a895e-5a20-48cc-95bd-a52fe5d4bb65,53174e3b-e892-4eef-bc5d-ca96287d5729,AGREEMENT,53174e3b-e892-4eef-bc5d-ca96287d5729,DEBIT,5000.00,TRY,2026-02,OFF_INVOICE,NKA,b39ade6a-ea33-413f-95a0-281c859f32fd,d56891e6-9e49-4fcf-bfd4-00d15e23e4ef,c09030ca-e748-45ab-9ef3-634996a369bd,c5bdbe97-2e69-4630-b59b-c6fdf2b58741,t,,LEDGER|AGREEMENT|53174e3b-e892-4eef-bc5d-ca96287d5729|71c71f0e-0926-446c-83d9-d5804bfaa734,,3b703dae-2955-40a1-affa-f94478da505f,2026-07-27 20:39:31.452611
2c214d6c-d244-4f0c-87ed-a4c0474e9e29,598a895e-5a20-48cc-95bd-a52fe5d4bb65,53174e3b-e892-4eef-bc5d-ca96287d5729,AGREEMENT,53174e3b-e892-4eef-bc5d-ca96287d5729,CREDIT,5000.00,TRY,2026-02,OFF_INVOICE,NKA,b39ade6a-ea33-413f-95a0-281c859f32fd,d56891e6-9e49-4fcf-bfd4-00d15e23e4ef,c09030ca-e748-45ab-9ef3-634996a369bd,c5bdbe97-2e69-4630-b59b-c6fdf2b58741,f,364ef272-97c9-4036-b32a-ffcd1cf1073d,REVERSAL|LEDGER|364ef272-97c9-4036-b32a-ffcd1cf1073d,Reversal of ledger entry 364ef272-97c9-4036-b32a-ffcd1cf1073d,0e23990b-31a0-4ac2-be89-a46ebc8200d4,2026-07-27 20:39:31.457724
c1739615-13b3-4d36-82e6-96f75d5bbf41,598a895e-5a20-48cc-95bd-a52fe5d4bb65,53174e3b-e892-4eef-bc5d-ca96287d5729,AGREEMENT,53174e3b-e892-4eef-bc5d-ca96287d5729,DEBIT,5000.00,TRY,2026-02,OFF_INVOICE,NKA,b39ade6a-ea33-413f-95a0-281c859f32fd,d56891e6-9e49-4fcf-bfd4-00d15e23e4ef,c09030ca-e748-45ab-9ef3-634996a369bd,c5bdbe97-2e69-4630-b59b-c6fdf2b58741,t,,LEDGER|AGREEMENT|53174e3b-e892-4eef-bc5d-ca96287d5729|d3231b38-1511-4fb2-8d64-3f0f7af749f6,,3b703dae-2955-40a1-affa-f94478da505f,2026-07-27 20:39:31.498647
e79fe840-c4e0-4791-8b2f-6f518c90af7a,598a895e-5a20-48cc-95bd-a52fe5d4bb65,53174e3b-e892-4eef-bc5d-ca96287d5729,AGREEMENT,53174e3b-e892-4eef-bc5d-ca96287d5729,CREDIT,5000.00,TRY,2026-02,OFF_INVOICE,NKA,b39ade6a-ea33-413f-95a0-281c859f32fd,d56891e6-9e49-4fcf-bfd4-00d15e23e4ef,c09030ca-e748-45ab-9ef3-634996a369bd,c5bdbe97-2e69-4630-b59b-c6fdf2b58741,f,c1739615-13b3-4d36-82e6-96f75d5bbf41,REVERSAL|LEDGER|c1739615-13b3-4d36-82e6-96f75d5bbf41,Reversal of ledger entry c1739615-13b3-4d36-82e6-96f75d5bbf41,3b703dae-2955-40a1-affa-f94478da505f,2026-07-27 20:39:31.503048
9ca6a2ba-4916-486f-a9bb-01d06b05a9b5,598a895e-5a20-48cc-95bd-a52fe5d4bb65,53174e3b-e892-4eef-bc5d-ca96287d5729,AGREEMENT,53174e3b-e892-4eef-bc5d-ca96287d5729,DEBIT,5000.00,TRY,2026-02,OFF_INVOICE,NKA,b39ade6a-ea33-413f-95a0-281c859f32fd,d56891e6-9e49-4fcf-bfd4-00d15e23e4ef,c09030ca-e748-45ab-9ef3-634996a369bd,c5bdbe97-2e69-4630-b59b-c6fdf2b58741,t,,LEDGER|AGREEMENT|53174e3b-e892-4eef-bc5d-ca96287d5729|0763cca6-c2a0-46c2-97c4-32a3702b447d,,3b703dae-2955-40a1-affa-f94478da505f,2026-07-27 20:39:31.537673
c8307fcb-6c3a-41ca-b0a1-2ba48c8470cf,598a895e-5a20-48cc-95bd-a52fe5d4bb65,53174e3b-e892-4eef-bc5d-ca96287d5729,AGREEMENT,53174e3b-e892-4eef-bc5d-ca96287d5729,CREDIT,5000.00,TRY,2026-02,OFF_INVOICE,NKA,b39ade6a-ea33-413f-95a0-281c859f32fd,d56891e6-9e49-4fcf-bfd4-00d15e23e4ef,c09030ca-e748-45ab-9ef3-634996a369bd,c5bdbe97-2e69-4630-b59b-c6fdf2b58741,f,9ca6a2ba-4916-486f-a9bb-01d06b05a9b5,REVERSAL|LEDGER|9ca6a2ba-4916-486f-a9bb-01d06b05a9b5,Reversal of ledger entry 9ca6a2ba-4916-486f-a9bb-01d06b05a9b5,3b703dae-2955-40a1-affa-f94478da505f,2026-07-27 20:39:31.545363
85e285fa-7e56-4af2-8bb1-aaad0baf802f,598a895e-5a20-48cc-95bd-a52fe5d4bb65,69202cbf-8d2b-4c52-a579-8a8bc5f7f135,AGREEMENT,69202cbf-8d2b-4c52-a579-8a8bc5f7f135,DEBIT,5000.00,TRY,2026-02,OFF_INVOICE,NKA,b39ade6a-ea33-413f-95a0-281c859f32fd,d56891e6-9e49-4fcf-bfd4-00d15e23e4ef,c09030ca-e748-45ab-9ef3-634996a369bd,c5bdbe97-2e69-4630-b59b-c6fdf2b58741,f,,LEDGER|AGREEMENT|69202cbf-8d2b-4c52-a579-8a8bc5f7f135|d12f1481-ca5d-4511-af19-5cf59bda6ca0,,3b703dae-2955-40a1-affa-f94478da505f,2026-07-27 20:42:27.074948
77ad74c8-e40c-4c03-862a-85ead9341bef,598a895e-5a20-48cc-95bd-a52fe5d4bb65,c8e7e8a6-2be8-4d29-aaa5-f677839bc65e,AGREEMENT,c8e7e8a6-2be8-4d29-aaa5-f677839bc65e,DEBIT,3000.00,TRY,2026-02,OFF_INVOICE,NKA,b39ade6a-ea33-413f-95a0-281c859f32fd,d56891e6-9e49-4fcf-bfd4-00d15e23e4ef,c09030ca-e748-45ab-9ef3-634996a369bd,c5bdbe97-2e69-4630-b59b-c6fdf2b58741,t,,LEDGER|AGREEMENT|c8e7e8a6-2be8-4d29-aaa5-f677839bc65e|f7651c92-8a4d-4922-b975-ba6ed3a0b3e9,,3b703dae-2955-40a1-affa-f94478da505f,2026-07-27 20:42:27.172872
3c476036-ce1d-480f-a543-31da475f8783,598a895e-5a20-48cc-95bd-a52fe5d4bb65,c8e7e8a6-2be8-4d29-aaa5-f677839bc65e,AGREEMENT,c8e7e8a6-2be8-4d29-aaa5-f677839bc65e,CREDIT,3000.00,TRY,2026-02,OFF_INVOICE,NKA,b39ade6a-ea33-413f-95a0-281c859f32fd,d56891e6-9e49-4fcf-bfd4-00d15e23e4ef,c09030ca-e748-45ab-9ef3-634996a369bd,c5bdbe97-2e69-4630-b59b-c6fdf2b58741,f,77ad74c8-e40c-4c03-862a-85ead9341bef,REVERSAL|LEDGER|77ad74c8-e40c-4c03-862a-85ead9341bef,Reversal of ledger entry 77ad74c8-e40c-4c03-862a-85ead9341bef,3b703dae-2955-40a1-affa-f94478da505f,2026-07-27 20:42:27.180348
17d7bd76-d007-41d0-b974-d127d8056e8e,598a895e-5a20-48cc-95bd-a52fe5d4bb65,4c977e74-ec19-480f-95de-61f37546bec2,AGREEMENT,4c977e74-ec19-480f-95de-61f37546bec2,DEBIT,12000.00,TRY,2026-02,OFF_INVOICE,NKA,b39ade6a-ea33-413f-95a0-281c859f32fd,d56891e6-9e49-4fcf-bfd4-00d15e23e4ef,c09030ca-e748-45ab-9ef3-634996a369bd,c5bdbe97-2e69-4630-b59b-c6fdf2b58741,f,,LEDGER|AGREEMENT|4c977e74-ec19-480f-95de-61f37546bec2|fd9a870f-8054-46a5-b4d7-2867c98b937b,,3b703dae-2955-40a1-affa-f94478da505f,2026-07-27 20:42:28.356446
286b0670-5db9-48f0-afe4-d5ece88bfc47,598a895e-5a20-48cc-95bd-a52fe5d4bb65,09fdce5a-2828-45e0-a493-ca069be0d4f4,AGREEMENT,09fdce5a-2828-45e0-a493-ca069be0d4f4,DEBIT,4000.00,TRY,2026-02,OFF_INVOICE,NKA,b39ade6a-ea33-413f-95a0-281c859f32fd,d56891e6-9e49-4fcf-bfd4-00d15e23e4ef,c09030ca-e748-45ab-9ef3-634996a369bd,c5bdbe97-2e69-4630-b59b-c6fdf2b58741,t,,LEDGER|AGREEMENT|09fdce5a-2828-45e0-a493-ca069be0d4f4|15cae1f1-8504-4920-bd1e-81c8b31d8e83,,3b703dae-2955-40a1-affa-f94478da505f,2026-07-27 20:42:28.658625
21d45aee-dd9a-42e0-ab37-f419c72bdd20,598a895e-5a20-48cc-95bd-a52fe5d4bb65,09fdce5a-2828-45e0-a493-ca069be0d4f4,AGREEMENT,09fdce5a-2828-45e0-a493-ca069be0d4f4,CREDIT,4000.00,TRY,2026-02,OFF_INVOICE,NKA,b39ade6a-ea33-413f-95a0-281c859f32fd,d56891e6-9e49-4fcf-bfd4-00d15e23e4ef,c09030ca-e748-45ab-9ef3-634996a369bd,c5bdbe97-2e69-4630-b59b-c6fdf2b58741,f,286b0670-5db9-48f0-afe4-d5ece88bfc47,REVERSAL|LEDGER|286b0670-5db9-48f0-afe4-d5ece88bfc47,Reversal of ledger entry 286b0670-5db9-48f0-afe4-d5ece88bfc47,3b703dae-2955-40a1-affa-f94478da505f,2026-07-27 20:42:28.663057
65f73829-aa97-477f-85b2-222c1735de6b,598a895e-5a20-48cc-95bd-a52fe5d4bb65,53174e3b-e892-4eef-bc5d-ca96287d5729,AGREEMENT,53174e3b-e892-4eef-bc5d-ca96287d5729,DEBIT,5000.00,TRY,2026-02,OFF_INVOICE,NKA,b39ade6a-ea33-413f-95a0-281c859f32fd,d56891e6-9e49-4fcf-bfd4-00d15e23e4ef,c09030ca-e748-45ab-9ef3-634996a369bd,c5bdbe97-2e69-4630-b59b-c6fdf2b58741,t,,LEDGER|AGREEMENT|53174e3b-e892-4eef-bc5d-ca96287d5729|66e352c6-09a5-4480-87f7-2ab82199ba09,,3b703dae-2955-40a1-affa-f94478da505f,2026-07-27 20:42:29.507588
1c24432e-476d-4c1d-aed8-5755455caba9,598a895e-5a20-48cc-95bd-a52fe5d4bb65,53174e3b-e892-4eef-bc5d-ca96287d5729,AGREEMENT,53174e3b-e892-4eef-bc5d-ca96287d5729,CREDIT,5000.00,TRY,2026-02,OFF_INVOICE,NKA,b39ade6a-ea33-413f-95a0-281c859f32fd,d56891e6-9e49-4fcf-bfd4-00d15e23e4ef,c09030ca-e748-45ab-9ef3-634996a369bd,c5bdbe97-2e69-4630-b59b-c6fdf2b58741,f,65f73829-aa97-477f-85b2-222c1735de6b,REVERSAL|LEDGER|65f73829-aa97-477f-85b2-222c1735de6b,Reversal of ledger entry 65f73829-aa97-477f-85b2-222c1735de6b,3b703dae-2955-40a1-affa-f94478da505f,2026-07-27 20:42:29.512363
cd3beb39-936d-4da5-a911-486b4abad017,598a895e-5a20-48cc-95bd-a52fe5d4bb65,53174e3b-e892-4eef-bc5d-ca96287d5729,AGREEMENT,53174e3b-e892-4eef-bc5d-ca96287d5729,DEBIT,5000.00,TRY,2026-02,OFF_INVOICE,NKA,b39ade6a-ea33-413f-95a0-281c859f32fd,d56891e6-9e49-4fcf-bfd4-00d15e23e4ef,c09030ca-e748-45ab-9ef3-634996a369bd,c5bdbe97-2e69-4630-b59b-c6fdf2b58741,t,,LEDGER|AGREEMENT|53174e3b-e892-4eef-bc5d-ca96287d5729|5239e3ad-7d77-4268-9018-9be2a806d346,,3b703dae-2955-40a1-affa-f94478da505f,2026-07-27 20:42:29.659797
44334272-1e6b-4fa9-a424-8343cd95df9c,598a895e-5a20-48cc-95bd-a52fe5d4bb65,53174e3b-e892-4eef-bc5d-ca96287d5729,AGREEMENT,53174e3b-e892-4eef-bc5d-ca96287d5729,CREDIT,5000.00,TRY,2026-02,OFF_INVOICE,NKA,b39ade6a-ea33-413f-95a0-281c859f32fd,d56891e6-9e49-4fcf-bfd4-00d15e23e4ef,c09030ca-e748-45ab-9ef3-634996a369bd,c5bdbe97-2e69-4630-b59b-c6fdf2b58741,f,cd3beb39-936d-4da5-a911-486b4abad017,REVERSAL|LEDGER|cd3beb39-936d-4da5-a911-486b4abad017,Reversal of ledger entry cd3beb39-936d-4da5-a911-486b4abad017,0e23990b-31a0-4ac2-be89-a46ebc8200d4,2026-07-27 20:42:29.664385
3f18d17a-0736-48c2-998d-51863229158b,598a895e-5a20-48cc-95bd-a52fe5d4bb65,53174e3b-e892-4eef-bc5d-ca96287d5729,AGREEMENT,53174e3b-e892-4eef-bc5d-ca96287d5729,DEBIT,5000.00,TRY,2026-02,OFF_INVOICE,NKA,b39ade6a-ea33-413f-95a0-281c859f32fd,d56891e6-9e49-4fcf-bfd4-00d15e23e4ef,c09030ca-e748-45ab-9ef3-634996a369bd,c5bdbe97-2e69-4630-b59b-c6fdf2b58741,t,,LEDGER|AGREEMENT|53174e3b-e892-4eef-bc5d-ca96287d5729|5d7ef90c-9c99-45eb-9d40-76fb2fd81a26,,3b703dae-2955-40a1-affa-f94478da505f,2026-07-27 20:42:29.695963
279b6220-5076-45e5-8b63-d2e07441c6d1,598a895e-5a20-48cc-95bd-a52fe5d4bb65,53174e3b-e892-4eef-bc5d-ca96287d5729,AGREEMENT,53174e3b-e892-4eef-bc5d-ca96287d5729,CREDIT,5000.00,TRY,2026-02,OFF_INVOICE,NKA,b39ade6a-ea33-413f-95a0-281c859f32fd,d56891e6-9e49-4fcf-bfd4-00d15e23e4ef,c09030ca-e748-45ab-9ef3-634996a369bd,c5bdbe97-2e69-4630-b59b-c6fdf2b58741,f,3f18d17a-0736-48c2-998d-51863229158b,REVERSAL|LEDGER|3f18d17a-0736-48c2-998d-51863229158b,Reversal of ledger entry 3f18d17a-0736-48c2-998d-51863229158b,3b703dae-2955-40a1-affa-f94478da505f,2026-07-27 20:42:29.700462
81a789e3-1096-4fd4-9bdc-41b58f80f9a4,598a895e-5a20-48cc-95bd-a52fe5d4bb65,53174e3b-e892-4eef-bc5d-ca96287d5729,AGREEMENT,53174e3b-e892-4eef-bc5d-ca96287d5729,DEBIT,5000.00,TRY,2026-02,OFF_INVOICE,NKA,b39ade6a-ea33-413f-95a0-281c859f32fd,d56891e6-9e49-4fcf-bfd4-00d15e23e4ef,c09030ca-e748-45ab-9ef3-634996a369bd,c5bdbe97-2e69-4630-b59b-c6fdf2b58741,t,,LEDGER|AGREEMENT|53174e3b-e892-4eef-bc5d-ca96287d5729|b2948e13-f83b-433f-83c5-234ccf14c11e,,3b703dae-2955-40a1-affa-f94478da505f,2026-07-27 20:42:29.73148
a4327209-cf81-49e0-a402-2741d2ef4638,598a895e-5a20-48cc-95bd-a52fe5d4bb65,53174e3b-e892-4eef-bc5d-ca96287d5729,AGREEMENT,53174e3b-e892-4eef-bc5d-ca96287d5729,CREDIT,5000.00,TRY,2026-02,OFF_INVOICE,NKA,b39ade6a-ea33-413f-95a0-281c859f32fd,d56891e6-9e49-4fcf-bfd4-00d15e23e4ef,c09030ca-e748-45ab-9ef3-634996a369bd,c5bdbe97-2e69-4630-b59b-c6fdf2b58741,f,81a789e3-1096-4fd4-9bdc-41b58f80f9a4,REVERSAL|LEDGER|81a789e3-1096-4fd4-9bdc-41b58f80f9a4,Reversal of ledger entry 81a789e3-1096-4fd4-9bdc-41b58f80f9a4,3b703dae-2955-40a1-affa-f94478da505f,2026-07-27 20:42:29.742479
a124c5da-f1c5-4a10-840f-d6ad3585b4e2,598a895e-5a20-48cc-95bd-a52fe5d4bb65,546be3c3-bf70-42dc-8ad6-2e76936f51ea,AGREEMENT,546be3c3-bf70-42dc-8ad6-2e76936f51ea,DEBIT,5000.00,TRY,2026-02,OFF_INVOICE,NKA,b39ade6a-ea33-413f-95a0-281c859f32fd,d56891e6-9e49-4fcf-bfd4-00d15e23e4ef,c09030ca-e748-45ab-9ef3-634996a369bd,c5bdbe97-2e69-4630-b59b-c6fdf2b58741,f,,LEDGER|AGREEMENT|546be3c3-bf70-42dc-8ad6-2e76936f51ea|ea43fcfc-30a9-4449-b9eb-0b82ed7e2c76,,3b703dae-2955-40a1-affa-f94478da505f,2026-07-27 20:58:23.017164
607d8852-eda2-4d93-b653-f1a6d00d058b,598a895e-5a20-48cc-95bd-a52fe5d4bb65,bc21fbaa-d5a0-4b30-ba56-e3f744b8e703,AGREEMENT,bc21fbaa-d5a0-4b30-ba56-e3f744b8e703,DEBIT,3000.00,TRY,2026-02,OFF_INVOICE,NKA,b39ade6a-ea33-413f-95a0-281c859f32fd,d56891e6-9e49-4fcf-bfd4-00d15e23e4ef,c09030ca-e748-45ab-9ef3-634996a369bd,c5bdbe97-2e69-4630-b59b-c6fdf2b58741,t,,LEDGER|AGREEMENT|bc21fbaa-d5a0-4b30-ba56-e3f744b8e703|0aa6a798-de33-4e7a-896c-57857b300e4b,,3b703dae-2955-40a1-affa-f94478da505f,2026-07-27 20:58:23.161865
54caf7b1-5dad-4105-b413-d9497730595c,598a895e-5a20-48cc-95bd-a52fe5d4bb65,bc21fbaa-d5a0-4b30-ba56-e3f744b8e703,AGREEMENT,bc21fbaa-d5a0-4b30-ba56-e3f744b8e703,CREDIT,3000.00,TRY,2026-02,OFF_INVOICE,NKA,b39ade6a-ea33-413f-95a0-281c859f32fd,d56891e6-9e49-4fcf-bfd4-00d15e23e4ef,c09030ca-e748-45ab-9ef3-634996a369bd,c5bdbe97-2e69-4630-b59b-c6fdf2b58741,f,607d8852-eda2-4d93-b653-f1a6d00d058b,REVERSAL|LEDGER|607d8852-eda2-4d93-b653-f1a6d00d058b,Reversal of ledger entry 607d8852-eda2-4d93-b653-f1a6d00d058b,3b703dae-2955-40a1-affa-f94478da505f,2026-07-27 20:58:23.172464
cefd4871-d805-4dd6-801a-3ce9c7f9aae0,598a895e-5a20-48cc-95bd-a52fe5d4bb65,61c9a1f7-84a1-456d-9538-c2ef508e57e0,AGREEMENT,61c9a1f7-84a1-456d-9538-c2ef508e57e0,DEBIT,12000.00,TRY,2026-02,OFF_INVOICE,NKA,b39ade6a-ea33-413f-95a0-281c859f32fd,d56891e6-9e49-4fcf-bfd4-00d15e23e4ef,c09030ca-e748-45ab-9ef3-634996a369bd,c5bdbe97-2e69-4630-b59b-c6fdf2b58741,f,,LEDGER|AGREEMENT|61c9a1f7-84a1-456d-9538-c2ef508e57e0|ad23caf5-64bb-4ea8-9781-fc1ed4cde02a,,3b703dae-2955-40a1-affa-f94478da505f,2026-07-27 20:58:25.142516
79a6622f-0a37-4d40-9521-40db1c4b559e,598a895e-5a20-48cc-95bd-a52fe5d4bb65,600eeeaf-e6b1-470e-989e-36361e44eed5,AGREEMENT,600eeeaf-e6b1-470e-989e-36361e44eed5,DEBIT,4000.00,TRY,2026-02,OFF_INVOICE,NKA,b39ade6a-ea33-413f-95a0-281c859f32fd,d56891e6-9e49-4fcf-bfd4-00d15e23e4ef,c09030ca-e748-45ab-9ef3-634996a369bd,c5bdbe97-2e69-4630-b59b-c6fdf2b58741,t,,LEDGER|AGREEMENT|600eeeaf-e6b1-470e-989e-36361e44eed5|4bb7a2b8-b1cc-43bb-a201-01b259791432,,3b703dae-2955-40a1-affa-f94478da505f,2026-07-27 20:58:25.470279
d3a5307b-3e26-4d05-bd97-2f7379ad75b6,598a895e-5a20-48cc-95bd-a52fe5d4bb65,600eeeaf-e6b1-470e-989e-36361e44eed5,AGREEMENT,600eeeaf-e6b1-470e-989e-36361e44eed5,CREDIT,4000.00,TRY,2026-02,OFF_INVOICE,NKA,b39ade6a-ea33-413f-95a0-281c859f32fd,d56891e6-9e49-4fcf-bfd4-00d15e23e4ef,c09030ca-e748-45ab-9ef3-634996a369bd,c5bdbe97-2e69-4630-b59b-c6fdf2b58741,f,79a6622f-0a37-4d40-9521-40db1c4b559e,REVERSAL|LEDGER|79a6622f-0a37-4d40-9521-40db1c4b559e,Reversal of ledger entry 79a6622f-0a37-4d40-9521-40db1c4b559e,3b703dae-2955-40a1-affa-f94478da505f,2026-07-27 20:58:25.475335
dd30dab1-e7c2-4d35-b40a-5efb3eff2292,598a895e-5a20-48cc-95bd-a52fe5d4bb65,45a0bfd4-cafa-4994-a638-9837ea6ad7d3,AGREEMENT,45a0bfd4-cafa-4994-a638-9837ea6ad7d3,DEBIT,5000.00,TRY,2026-02,OFF_INVOICE,NKA,b39ade6a-ea33-413f-95a0-281c859f32fd,d56891e6-9e49-4fcf-bfd4-00d15e23e4ef,c09030ca-e748-45ab-9ef3-634996a369bd,c5bdbe97-2e69-4630-b59b-c6fdf2b58741,t,,LEDGER|AGREEMENT|45a0bfd4-cafa-4994-a638-9837ea6ad7d3|d2ae9ad6-7175-4ad0-a947-f14ffe4e26a1,,3b703dae-2955-40a1-affa-f94478da505f,2026-07-27 20:58:29.30958
0f6a386a-7cf1-4d2b-a42c-2ee5849fdad6,598a895e-5a20-48cc-95bd-a52fe5d4bb65,45a0bfd4-cafa-4994-a638-9837ea6ad7d3,AGREEMENT,45a0bfd4-cafa-4994-a638-9837ea6ad7d3,CREDIT,5000.00,TRY,2026-02,OFF_INVOICE,NKA,b39ade6a-ea33-413f-95a0-281c859f32fd,d56891e6-9e49-4fcf-bfd4-00d15e23e4ef,c09030ca-e748-45ab-9ef3-634996a369bd,c5bdbe97-2e69-4630-b59b-c6fdf2b58741,f,dd30dab1-e7c2-4d35-b40a-5efb3eff2292,REVERSAL|LEDGER|dd30dab1-e7c2-4d35-b40a-5efb3eff2292,Reversal of ledger entry dd30dab1-e7c2-4d35-b40a-5efb3eff2292,3b703dae-2955-40a1-affa-f94478da505f,2026-07-27 20:58:29.317219
4a78dfff-af2b-4256-81d5-7085e8867976,598a895e-5a20-48cc-95bd-a52fe5d4bb65,45a0bfd4-cafa-4994-a638-9837ea6ad7d3,AGREEMENT,45a0bfd4-cafa-4994-a638-9837ea6ad7d3,DEBIT,5000.00,TRY,2026-02,OFF_INVOICE,NKA,b39ade6a-ea33-413f-95a0-281c859f32fd,d56891e6-9e49-4fcf-bfd4-00d15e23e4ef,c09030ca-e748-45ab-9ef3-634996a369bd,c5bdbe97-2e69-4630-b59b-c6fdf2b58741,t,,LEDGER|AGREEMENT|45a0bfd4-cafa-4994-a638-9837ea6ad7d3|87be4150-0d92-4796-a17f-2e54d0952a80,,3b703dae-2955-40a1-affa-f94478da505f,2026-07-27 20:58:29.467055
75416c17-1d8c-43c3-974c-9dea46018bbf,598a895e-5a20-48cc-95bd-a52fe5d4bb65,45a0bfd4-cafa-4994-a638-9837ea6ad7d3,AGREEMENT,45a0bfd4-cafa-4994-a638-9837ea6ad7d3,CREDIT,5000.00,TRY,2026-02,OFF_INVOICE,NKA,b39ade6a-ea33-413f-95a0-281c859f32fd,d56891e6-9e49-4fcf-bfd4-00d15e23e4ef,c09030ca-e748-45ab-9ef3-634996a369bd,c5bdbe97-2e69-4630-b59b-c6fdf2b58741,f,4a78dfff-af2b-4256-81d5-7085e8867976,REVERSAL|LEDGER|4a78dfff-af2b-4256-81d5-7085e8867976,Reversal of ledger entry 4a78dfff-af2b-4256-81d5-7085e8867976,0e23990b-31a0-4ac2-be89-a46ebc8200d4,2026-07-27 20:58:29.471558
0ceba315-8de8-45b1-85ca-e0ef10b95e17,598a895e-5a20-48cc-95bd-a52fe5d4bb65,45a0bfd4-cafa-4994-a638-9837ea6ad7d3,AGREEMENT,45a0bfd4-cafa-4994-a638-9837ea6ad7d3,DEBIT,5000.00,TRY,2026-02,OFF_INVOICE,NKA,b39ade6a-ea33-413f-95a0-281c859f32fd,d56891e6-9e49-4fcf-bfd4-00d15e23e4ef,c09030ca-e748-45ab-9ef3-634996a369bd,c5bdbe97-2e69-4630-b59b-c6fdf2b58741,t,,LEDGER|AGREEMENT|45a0bfd4-cafa-4994-a638-9837ea6ad7d3|11bc903f-923a-45fa-b966-acffd92461f7,,3b703dae-2955-40a1-affa-f94478da505f,2026-07-27 20:58:29.50766
f761e16c-9f5a-4b84-8739-edd6424616c4,598a895e-5a20-48cc-95bd-a52fe5d4bb65,45a0bfd4-cafa-4994-a638-9837ea6ad7d3,AGREEMENT,45a0bfd4-cafa-4994-a638-9837ea6ad7d3,CREDIT,5000.00,TRY,2026-02,OFF_INVOICE,NKA,b39ade6a-ea33-413f-95a0-281c859f32fd,d56891e6-9e49-4fcf-bfd4-00d15e23e4ef,c09030ca-e748-45ab-9ef3-634996a369bd,c5bdbe97-2e69-4630-b59b-c6fdf2b58741,f,0ceba315-8de8-45b1-85ca-e0ef10b95e17,REVERSAL|LEDGER|0ceba315-8de8-45b1-85ca-e0ef10b95e17,Reversal of ledger entry 0ceba315-8de8-45b1-85ca-e0ef10b95e17,3b703dae-2955-40a1-affa-f94478da505f,2026-07-27 20:58:29.513335
65ae6723-507c-4509-907d-2ac3982992a2,598a895e-5a20-48cc-95bd-a52fe5d4bb65,45a0bfd4-cafa-4994-a638-9837ea6ad7d3,AGREEMENT,45a0bfd4-cafa-4994-a638-9837ea6ad7d3,DEBIT,5000.00,TRY,2026-02,OFF_INVOICE,NKA,b39ade6a-ea33-413f-95a0-281c859f32fd,d56891e6-9e49-4fcf-bfd4-00d15e23e4ef,c09030ca-e748-45ab-9ef3-634996a369bd,c5bdbe97-2e69-4630-b59b-c6fdf2b58741,t,,LEDGER|AGREEMENT|45a0bfd4-cafa-4994-a638-9837ea6ad7d3|4724ac17-f7f9-4dcc-8e91-e5048c6cf23a,,3b703dae-2955-40a1-affa-f94478da505f,2026-07-27 20:58:29.546051
f26b07cd-532d-457b-b7be-c79c192427a3,598a895e-5a20-48cc-95bd-a52fe5d4bb65,45a0bfd4-cafa-4994-a638-9837ea6ad7d3,AGREEMENT,45a0bfd4-cafa-4994-a638-9837ea6ad7d3,CREDIT,5000.00,TRY,2026-02,OFF_INVOICE,NKA,b39ade6a-ea33-413f-95a0-281c859f32fd,d56891e6-9e49-4fcf-bfd4-00d15e23e4ef,c09030ca-e748-45ab-9ef3-634996a369bd,c5bdbe97-2e69-4630-b59b-c6fdf2b58741,f,65ae6723-507c-4509-907d-2ac3982992a2,REVERSAL|LEDGER|65ae6723-507c-4509-907d-2ac3982992a2,Reversal of ledger entry 65ae6723-507c-4509-907d-2ac3982992a2,3b703dae-2955-40a1-affa-f94478da505f,2026-07-27 20:58:29.552773
5fe3217c-73e0-4994-be80-a4d63fe02cca,598a895e-5a20-48cc-95bd-a52fe5d4bb65,f2b23e45-9789-4d2a-8071-a2de2b5efdcf,AGREEMENT,f2b23e45-9789-4d2a-8071-a2de2b5efdcf,DEBIT,5000.00,TRY,2026-02,OFF_INVOICE,NKA,b39ade6a-ea33-413f-95a0-281c859f32fd,d56891e6-9e49-4fcf-bfd4-00d15e23e4ef,c09030ca-e748-45ab-9ef3-634996a369bd,c5bdbe97-2e69-4630-b59b-c6fdf2b58741,f,,LEDGER|AGREEMENT|f2b23e45-9789-4d2a-8071-a2de2b5efdcf|975e0645-42ec-4c74-ac1a-8c2a1570ba86,,3b703dae-2955-40a1-affa-f94478da505f,2026-07-27 21:03:02.35721
bb51fb19-ada0-45e2-9fc1-2bdcad33527e,598a895e-5a20-48cc-95bd-a52fe5d4bb65,766770f4-ce4e-49d2-ab18-88b3164d3650,AGREEMENT,766770f4-ce4e-49d2-ab18-88b3164d3650,DEBIT,3000.00,TRY,2026-02,OFF_INVOICE,NKA,b39ade6a-ea33-413f-95a0-281c859f32fd,d56891e6-9e49-4fcf-bfd4-00d15e23e4ef,c09030ca-e748-45ab-9ef3-634996a369bd,c5bdbe97-2e69-4630-b59b-c6fdf2b58741,t,,LEDGER|AGREEMENT|766770f4-ce4e-49d2-ab18-88b3164d3650|5525bade-cc43-4601-af64-bbc9f20cfe97,,3b703dae-2955-40a1-affa-f94478da505f,2026-07-27 21:03:02.486603
2ad4cf40-46e8-433d-abf3-1d35f44509f7,598a895e-5a20-48cc-95bd-a52fe5d4bb65,766770f4-ce4e-49d2-ab18-88b3164d3650,AGREEMENT,766770f4-ce4e-49d2-ab18-88b3164d3650,CREDIT,3000.00,TRY,2026-02,OFF_INVOICE,NKA,b39ade6a-ea33-413f-95a0-281c859f32fd,d56891e6-9e49-4fcf-bfd4-00d15e23e4ef,c09030ca-e748-45ab-9ef3-634996a369bd,c5bdbe97-2e69-4630-b59b-c6fdf2b58741,f,bb51fb19-ada0-45e2-9fc1-2bdcad33527e,REVERSAL|LEDGER|bb51fb19-ada0-45e2-9fc1-2bdcad33527e,Reversal of ledger entry bb51fb19-ada0-45e2-9fc1-2bdcad33527e,3b703dae-2955-40a1-affa-f94478da505f,2026-07-27 21:03:02.494861
575a20c1-4428-4e42-a317-56f504d3c616,598a895e-5a20-48cc-95bd-a52fe5d4bb65,6cde5793-d8cf-4393-96bc-f08cddc7dc56,AGREEMENT,6cde5793-d8cf-4393-96bc-f08cddc7dc56,DEBIT,12000.00,TRY,2026-02,OFF_INVOICE,NKA,b39ade6a-ea33-413f-95a0-281c859f32fd,d56891e6-9e49-4fcf-bfd4-00d15e23e4ef,c09030ca-e748-45ab-9ef3-634996a369bd,c5bdbe97-2e69-4630-b59b-c6fdf2b58741,f,,LEDGER|AGREEMENT|6cde5793-d8cf-4393-96bc-f08cddc7dc56|4e9da862-6276-4d6b-83fc-ae1e277835dc,,3b703dae-2955-40a1-affa-f94478da505f,2026-07-27 21:03:03.844789
18169202-6bcd-4ede-8887-ba7efd9f3163,598a895e-5a20-48cc-95bd-a52fe5d4bb65,b9f7fc36-9ea5-4064-9422-130073c2c7a0,AGREEMENT,b9f7fc36-9ea5-4064-9422-130073c2c7a0,DEBIT,4000.00,TRY,2026-02,OFF_INVOICE,NKA,b39ade6a-ea33-413f-95a0-281c859f32fd,d56891e6-9e49-4fcf-bfd4-00d15e23e4ef,c09030ca-e748-45ab-9ef3-634996a369bd,c5bdbe97-2e69-4630-b59b-c6fdf2b58741,t,,LEDGER|AGREEMENT|b9f7fc36-9ea5-4064-9422-130073c2c7a0|55f3ced3-e843-467f-9c19-db471cc56cda,,3b703dae-2955-40a1-affa-f94478da505f,2026-07-27 21:03:04.164316
f066d057-de49-4b43-8230-02448d7e7c7f,598a895e-5a20-48cc-95bd-a52fe5d4bb65,b9f7fc36-9ea5-4064-9422-130073c2c7a0,AGREEMENT,b9f7fc36-9ea5-4064-9422-130073c2c7a0,CREDIT,4000.00,TRY,2026-02,OFF_INVOICE,NKA,b39ade6a-ea33-413f-95a0-281c859f32fd,d56891e6-9e49-4fcf-bfd4-00d15e23e4ef,c09030ca-e748-45ab-9ef3-634996a369bd,c5bdbe97-2e69-4630-b59b-c6fdf2b58741,f,18169202-6bcd-4ede-8887-ba7efd9f3163,REVERSAL|LEDGER|18169202-6bcd-4ede-8887-ba7efd9f3163,Reversal of ledger entry 18169202-6bcd-4ede-8887-ba7efd9f3163,3b703dae-2955-40a1-affa-f94478da505f,2026-07-27 21:03:04.170639
d64f1ed4-454e-43f9-b7e2-8cb96f714a87,598a895e-5a20-48cc-95bd-a52fe5d4bb65,45a0bfd4-cafa-4994-a638-9837ea6ad7d3,AGREEMENT,45a0bfd4-cafa-4994-a638-9837ea6ad7d3,DEBIT,5000.00,TRY,2026-02,OFF_INVOICE,NKA,b39ade6a-ea33-413f-95a0-281c859f32fd,d56891e6-9e49-4fcf-bfd4-00d15e23e4ef,c09030ca-e748-45ab-9ef3-634996a369bd,c5bdbe97-2e69-4630-b59b-c6fdf2b58741,t,,LEDGER|AGREEMENT|45a0bfd4-cafa-4994-a638-9837ea6ad7d3|ec5e4204-5b0e-43f1-baeb-87cfb0ffc2c4,,3b703dae-2955-40a1-affa-f94478da505f,2026-07-27 21:03:07.510444
f8a39331-4ad4-41e2-9910-3a520d9cdb46,598a895e-5a20-48cc-95bd-a52fe5d4bb65,45a0bfd4-cafa-4994-a638-9837ea6ad7d3,AGREEMENT,45a0bfd4-cafa-4994-a638-9837ea6ad7d3,CREDIT,5000.00,TRY,2026-02,OFF_INVOICE,NKA,b39ade6a-ea33-413f-95a0-281c859f32fd,d56891e6-9e49-4fcf-bfd4-00d15e23e4ef,c09030ca-e748-45ab-9ef3-634996a369bd,c5bdbe97-2e69-4630-b59b-c6fdf2b58741,f,d64f1ed4-454e-43f9-b7e2-8cb96f714a87,REVERSAL|LEDGER|d64f1ed4-454e-43f9-b7e2-8cb96f714a87,Reversal of ledger entry d64f1ed4-454e-43f9-b7e2-8cb96f714a87,3b703dae-2955-40a1-affa-f94478da505f,2026-07-27 21:03:07.516168
89146d07-2f47-4e2e-8abb-8b8fca399466,598a895e-5a20-48cc-95bd-a52fe5d4bb65,45a0bfd4-cafa-4994-a638-9837ea6ad7d3,AGREEMENT,45a0bfd4-cafa-4994-a638-9837ea6ad7d3,DEBIT,5000.00,TRY,2026-02,OFF_INVOICE,NKA,b39ade6a-ea33-413f-95a0-281c859f32fd,d56891e6-9e49-4fcf-bfd4-00d15e23e4ef,c09030ca-e748-45ab-9ef3-634996a369bd,c5bdbe97-2e69-4630-b59b-c6fdf2b58741,t,,LEDGER|AGREEMENT|45a0bfd4-cafa-4994-a638-9837ea6ad7d3|e04644d2-1c93-4f5b-985e-c56d6a5bec24,,3b703dae-2955-40a1-affa-f94478da505f,2026-07-27 21:03:07.675603
6fcb8d2c-ae3a-48a6-b7b4-dc6eb055b427,598a895e-5a20-48cc-95bd-a52fe5d4bb65,45a0bfd4-cafa-4994-a638-9837ea6ad7d3,AGREEMENT,45a0bfd4-cafa-4994-a638-9837ea6ad7d3,CREDIT,5000.00,TRY,2026-02,OFF_INVOICE,NKA,b39ade6a-ea33-413f-95a0-281c859f32fd,d56891e6-9e49-4fcf-bfd4-00d15e23e4ef,c09030ca-e748-45ab-9ef3-634996a369bd,c5bdbe97-2e69-4630-b59b-c6fdf2b58741,f,89146d07-2f47-4e2e-8abb-8b8fca399466,REVERSAL|LEDGER|89146d07-2f47-4e2e-8abb-8b8fca399466,Reversal of ledger entry 89146d07-2f47-4e2e-8abb-8b8fca399466,0e23990b-31a0-4ac2-be89-a46ebc8200d4,2026-07-27 21:03:07.681057
4ffb35ed-0eac-4c38-babf-a7db1a644ffc,598a895e-5a20-48cc-95bd-a52fe5d4bb65,45a0bfd4-cafa-4994-a638-9837ea6ad7d3,AGREEMENT,45a0bfd4-cafa-4994-a638-9837ea6ad7d3,DEBIT,5000.00,TRY,2026-02,OFF_INVOICE,NKA,b39ade6a-ea33-413f-95a0-281c859f32fd,d56891e6-9e49-4fcf-bfd4-00d15e23e4ef,c09030ca-e748-45ab-9ef3-634996a369bd,c5bdbe97-2e69-4630-b59b-c6fdf2b58741,t,,LEDGER|AGREEMENT|45a0bfd4-cafa-4994-a638-9837ea6ad7d3|78042353-6d28-429e-bf39-b4650b03f4cd,,3b703dae-2955-40a1-affa-f94478da505f,2026-07-27 21:03:07.720106
09df0053-ee9d-4c70-b0d1-ead96d45de67,598a895e-5a20-48cc-95bd-a52fe5d4bb65,45a0bfd4-cafa-4994-a638-9837ea6ad7d3,AGREEMENT,45a0bfd4-cafa-4994-a638-9837ea6ad7d3,CREDIT,5000.00,TRY,2026-02,OFF_INVOICE,NKA,b39ade6a-ea33-413f-95a0-281c859f32fd,d56891e6-9e49-4fcf-bfd4-00d15e23e4ef,c09030ca-e748-45ab-9ef3-634996a369bd,c5bdbe97-2e69-4630-b59b-c6fdf2b58741,f,4ffb35ed-0eac-4c38-babf-a7db1a644ffc,REVERSAL|LEDGER|4ffb35ed-0eac-4c38-babf-a7db1a644ffc,Reversal of ledger entry 4ffb35ed-0eac-4c38-babf-a7db1a644ffc,3b703dae-2955-40a1-affa-f94478da505f,2026-07-27 21:03:07.724155
d9aa1555-49a1-4ab8-bd9b-939975d229dd,598a895e-5a20-48cc-95bd-a52fe5d4bb65,45a0bfd4-cafa-4994-a638-9837ea6ad7d3,AGREEMENT,45a0bfd4-cafa-4994-a638-9837ea6ad7d3,DEBIT,5000.00,TRY,2026-02,OFF_INVOICE,NKA,b39ade6a-ea33-413f-95a0-281c859f32fd,d56891e6-9e49-4fcf-bfd4-00d15e23e4ef,c09030ca-e748-45ab-9ef3-634996a369bd,c5bdbe97-2e69-4630-b59b-c6fdf2b58741,t,,LEDGER|AGREEMENT|45a0bfd4-cafa-4994-a638-9837ea6ad7d3|e81b82bd-c0fe-48b1-87e7-84a289a0ceb2,,3b703dae-2955-40a1-affa-f94478da505f,2026-07-27 21:03:07.754173
537aa30a-7fe7-4338-8c0f-c3f02eeaea53,598a895e-5a20-48cc-95bd-a52fe5d4bb65,45a0bfd4-cafa-4994-a638-9837ea6ad7d3,AGREEMENT,45a0bfd4-cafa-4994-a638-9837ea6ad7d3,CREDIT,5000.00,TRY,2026-02,OFF_INVOICE,NKA,b39ade6a-ea33-413f-95a0-281c859f32fd,d56891e6-9e49-4fcf-bfd4-00d15e23e4ef,c09030ca-e748-45ab-9ef3-634996a369bd,c5bdbe97-2e69-4630-b59b-c6fdf2b58741,f,d9aa1555-49a1-4ab8-bd9b-939975d229dd,REVERSAL|LEDGER|d9aa1555-49a1-4ab8-bd9b-939975d229dd,Reversal of ledger entry d9aa1555-49a1-4ab8-bd9b-939975d229dd,3b703dae-2955-40a1-affa-f94478da505f,2026-07-27 21:03:07.761024
17c1f320-f07c-4fd3-bdf7-c10ec56a2c59,598a895e-5a20-48cc-95bd-a52fe5d4bb65,06a03c6e-7c6a-4a53-bb41-ab80d1a22e12,AGREEMENT,06a03c6e-7c6a-4a53-bb41-ab80d1a22e12,DEBIT,5000.00,TRY,2026-02,OFF_INVOICE,NKA,b39ade6a-ea33-413f-95a0-281c859f32fd,d56891e6-9e49-4fcf-bfd4-00d15e23e4ef,c09030ca-e748-45ab-9ef3-634996a369bd,c5bdbe97-2e69-4630-b59b-c6fdf2b58741,f,,LEDGER|AGREEMENT|06a03c6e-7c6a-4a53-bb41-ab80d1a22e12|fef67505-ed65-4e32-92ab-0e880e877af7,,3b703dae-2955-40a1-affa-f94478da505f,2026-07-27 21:36:19.778316
d2fdb362-d19b-4180-b42d-e76e01bfa1ce,598a895e-5a20-48cc-95bd-a52fe5d4bb65,a4ed9654-179e-4294-9562-064dc48593f7,AGREEMENT,a4ed9654-179e-4294-9562-064dc48593f7,DEBIT,3000.00,TRY,2026-02,OFF_INVOICE,NKA,b39ade6a-ea33-413f-95a0-281c859f32fd,d56891e6-9e49-4fcf-bfd4-00d15e23e4ef,c09030ca-e748-45ab-9ef3-634996a369bd,c5bdbe97-2e69-4630-b59b-c6fdf2b58741,t,,LEDGER|AGREEMENT|a4ed9654-179e-4294-9562-064dc48593f7|f8ef6b71-0c42-4b99-9836-c96ecfe5fa18,,3b703dae-2955-40a1-affa-f94478da505f,2026-07-27 21:36:19.975717
def47c44-f41c-40f2-8aff-0dddf02c6a98,598a895e-5a20-48cc-95bd-a52fe5d4bb65,a4ed9654-179e-4294-9562-064dc48593f7,AGREEMENT,a4ed9654-179e-4294-9562-064dc48593f7,CREDIT,3000.00,TRY,2026-02,OFF_INVOICE,NKA,b39ade6a-ea33-413f-95a0-281c859f32fd,d56891e6-9e49-4fcf-bfd4-00d15e23e4ef,c09030ca-e748-45ab-9ef3-634996a369bd,c5bdbe97-2e69-4630-b59b-c6fdf2b58741,f,d2fdb362-d19b-4180-b42d-e76e01bfa1ce,REVERSAL|LEDGER|d2fdb362-d19b-4180-b42d-e76e01bfa1ce,Reversal of ledger entry d2fdb362-d19b-4180-b42d-e76e01bfa1ce,3b703dae-2955-40a1-affa-f94478da505f,2026-07-27 21:36:19.984804
4574e1e0-c54b-49f1-a42a-e45dc9d2c234,598a895e-5a20-48cc-95bd-a52fe5d4bb65,bf4b9957-2793-42b7-a9bf-b0690cc4b9b3,AGREEMENT,bf4b9957-2793-42b7-a9bf-b0690cc4b9b3,DEBIT,12000.00,TRY,2026-02,OFF_INVOICE,NKA,b39ade6a-ea33-413f-95a0-281c859f32fd,d56891e6-9e49-4fcf-bfd4-00d15e23e4ef,c09030ca-e748-45ab-9ef3-634996a369bd,c5bdbe97-2e69-4630-b59b-c6fdf2b58741,f,,LEDGER|AGREEMENT|bf4b9957-2793-42b7-a9bf-b0690cc4b9b3|f7a22fe1-cf32-4e48-b762-d8144dfa6e64,,3b703dae-2955-40a1-affa-f94478da505f,2026-07-27 21:36:22.176563
127688ed-6efc-48c1-b09d-96034287dfb0,598a895e-5a20-48cc-95bd-a52fe5d4bb65,c54160eb-4502-416a-b8ff-0f71c9b5fd1e,AGREEMENT,c54160eb-4502-416a-b8ff-0f71c9b5fd1e,DEBIT,4000.00,TRY,2026-02,OFF_INVOICE,NKA,b39ade6a-ea33-413f-95a0-281c859f32fd,d56891e6-9e49-4fcf-bfd4-00d15e23e4ef,c09030ca-e748-45ab-9ef3-634996a369bd,c5bdbe97-2e69-4630-b59b-c6fdf2b58741,t,,LEDGER|AGREEMENT|c54160eb-4502-416a-b8ff-0f71c9b5fd1e|1ac89389-c462-4402-b196-878674190474,,3b703dae-2955-40a1-affa-f94478da505f,2026-07-27 21:36:22.56293
09b69ce6-cd3c-4d4a-ba94-6c7d1f17b6d3,598a895e-5a20-48cc-95bd-a52fe5d4bb65,c54160eb-4502-416a-b8ff-0f71c9b5fd1e,AGREEMENT,c54160eb-4502-416a-b8ff-0f71c9b5fd1e,CREDIT,4000.00,TRY,2026-02,OFF_INVOICE,NKA,b39ade6a-ea33-413f-95a0-281c859f32fd,d56891e6-9e49-4fcf-bfd4-00d15e23e4ef,c09030ca-e748-45ab-9ef3-634996a369bd,c5bdbe97-2e69-4630-b59b-c6fdf2b58741,f,127688ed-6efc-48c1-b09d-96034287dfb0,REVERSAL|LEDGER|127688ed-6efc-48c1-b09d-96034287dfb0,Reversal of ledger entry 127688ed-6efc-48c1-b09d-96034287dfb0,3b703dae-2955-40a1-affa-f94478da505f,2026-07-27 21:36:22.574153
753daaba-c80c-441d-8b19-8005e141b9af,598a895e-5a20-48cc-95bd-a52fe5d4bb65,45a0bfd4-cafa-4994-a638-9837ea6ad7d3,AGREEMENT,45a0bfd4-cafa-4994-a638-9837ea6ad7d3,DEBIT,5000.00,TRY,2026-02,OFF_INVOICE,NKA,b39ade6a-ea33-413f-95a0-281c859f32fd,d56891e6-9e49-4fcf-bfd4-00d15e23e4ef,c09030ca-e748-45ab-9ef3-634996a369bd,c5bdbe97-2e69-4630-b59b-c6fdf2b58741,t,,LEDGER|AGREEMENT|45a0bfd4-cafa-4994-a638-9837ea6ad7d3|c4929125-765e-4c2e-afd9-06fb3932626e,,3b703dae-2955-40a1-affa-f94478da505f,2026-07-27 21:36:28.336209
3af29453-871a-44cc-aee6-32aba3af1fb6,598a895e-5a20-48cc-95bd-a52fe5d4bb65,45a0bfd4-cafa-4994-a638-9837ea6ad7d3,AGREEMENT,45a0bfd4-cafa-4994-a638-9837ea6ad7d3,CREDIT,5000.00,TRY,2026-02,OFF_INVOICE,NKA,b39ade6a-ea33-413f-95a0-281c859f32fd,d56891e6-9e49-4fcf-bfd4-00d15e23e4ef,c09030ca-e748-45ab-9ef3-634996a369bd,c5bdbe97-2e69-4630-b59b-c6fdf2b58741,f,753daaba-c80c-441d-8b19-8005e141b9af,REVERSAL|LEDGER|753daaba-c80c-441d-8b19-8005e141b9af,Reversal of ledger entry 753daaba-c80c-441d-8b19-8005e141b9af,3b703dae-2955-40a1-affa-f94478da505f,2026-07-27 21:36:28.342157
07e07ccc-8e82-43ab-bdb9-e410e98735ec,598a895e-5a20-48cc-95bd-a52fe5d4bb65,45a0bfd4-cafa-4994-a638-9837ea6ad7d3,AGREEMENT,45a0bfd4-cafa-4994-a638-9837ea6ad7d3,DEBIT,5000.00,TRY,2026-02,OFF_INVOICE,NKA,b39ade6a-ea33-413f-95a0-281c859f32fd,d56891e6-9e49-4fcf-bfd4-00d15e23e4ef,c09030ca-e748-45ab-9ef3-634996a369bd,c5bdbe97-2e69-4630-b59b-c6fdf2b58741,t,,LEDGER|AGREEMENT|45a0bfd4-cafa-4994-a638-9837ea6ad7d3|41ae5e81-6a16-4493-9e57-726a7d4b19aa,,3b703dae-2955-40a1-affa-f94478da505f,2026-07-27 21:36:28.494809
ee0eefeb-c54e-4caf-ac48-453ee2bffe02,598a895e-5a20-48cc-95bd-a52fe5d4bb65,45a0bfd4-cafa-4994-a638-9837ea6ad7d3,AGREEMENT,45a0bfd4-cafa-4994-a638-9837ea6ad7d3,CREDIT,5000.00,TRY,2026-02,OFF_INVOICE,NKA,b39ade6a-ea33-413f-95a0-281c859f32fd,d56891e6-9e49-4fcf-bfd4-00d15e23e4ef,c09030ca-e748-45ab-9ef3-634996a369bd,c5bdbe97-2e69-4630-b59b-c6fdf2b58741,f,07e07ccc-8e82-43ab-bdb9-e410e98735ec,REVERSAL|LEDGER|07e07ccc-8e82-43ab-bdb9-e410e98735ec,Reversal of ledger entry 07e07ccc-8e82-43ab-bdb9-e410e98735ec,0e23990b-31a0-4ac2-be89-a46ebc8200d4,2026-07-27 21:36:28.500004
0af3f9ba-7a3d-41f6-8822-2144ddf29bbc,598a895e-5a20-48cc-95bd-a52fe5d4bb65,45a0bfd4-cafa-4994-a638-9837ea6ad7d3,AGREEMENT,45a0bfd4-cafa-4994-a638-9837ea6ad7d3,DEBIT,5000.00,TRY,2026-02,OFF_INVOICE,NKA,b39ade6a-ea33-413f-95a0-281c859f32fd,d56891e6-9e49-4fcf-bfd4-00d15e23e4ef,c09030ca-e748-45ab-9ef3-634996a369bd,c5bdbe97-2e69-4630-b59b-c6fdf2b58741,t,,LEDGER|AGREEMENT|45a0bfd4-cafa-4994-a638-9837ea6ad7d3|f0940838-4c15-4501-a5bd-cc892dda62f1,,3b703dae-2955-40a1-affa-f94478da505f,2026-07-27 21:36:28.533466
400b53cc-6a4c-434d-bdd8-a2cc312d15ea,598a895e-5a20-48cc-95bd-a52fe5d4bb65,45a0bfd4-cafa-4994-a638-9837ea6ad7d3,AGREEMENT,45a0bfd4-cafa-4994-a638-9837ea6ad7d3,CREDIT,5000.00,TRY,2026-02,OFF_INVOICE,NKA,b39ade6a-ea33-413f-95a0-281c859f32fd,d56891e6-9e49-4fcf-bfd4-00d15e23e4ef,c09030ca-e748-45ab-9ef3-634996a369bd,c5bdbe97-2e69-4630-b59b-c6fdf2b58741,f,0af3f9ba-7a3d-41f6-8822-2144ddf29bbc,REVERSAL|LEDGER|0af3f9ba-7a3d-41f6-8822-2144ddf29bbc,Reversal of ledger entry 0af3f9ba-7a3d-41f6-8822-2144ddf29bbc,3b703dae-2955-40a1-affa-f94478da505f,2026-07-27 21:36:28.538576
b50da14b-491b-4ae8-a455-75114dce7804,598a895e-5a20-48cc-95bd-a52fe5d4bb65,45a0bfd4-cafa-4994-a638-9837ea6ad7d3,AGREEMENT,45a0bfd4-cafa-4994-a638-9837ea6ad7d3,DEBIT,5000.00,TRY,2026-02,OFF_INVOICE,NKA,b39ade6a-ea33-413f-95a0-281c859f32fd,d56891e6-9e49-4fcf-bfd4-00d15e23e4ef,c09030ca-e748-45ab-9ef3-634996a369bd,c5bdbe97-2e69-4630-b59b-c6fdf2b58741,t,,LEDGER|AGREEMENT|45a0bfd4-cafa-4994-a638-9837ea6ad7d3|24f70b17-56af-463b-a069-eb2a603640ee,,3b703dae-2955-40a1-affa-f94478da505f,2026-07-27 21:36:28.58186
e9585e3c-359e-43a0-b4b4-f6cb6ebb89c4,598a895e-5a20-48cc-95bd-a52fe5d4bb65,45a0bfd4-cafa-4994-a638-9837ea6ad7d3,AGREEMENT,45a0bfd4-cafa-4994-a638-9837ea6ad7d3,CREDIT,5000.00,TRY,2026-02,OFF_INVOICE,NKA,b39ade6a-ea33-413f-95a0-281c859f32fd,d56891e6-9e49-4fcf-bfd4-00d15e23e4ef,c09030ca-e748-45ab-9ef3-634996a369bd,c5bdbe97-2e69-4630-b59b-c6fdf2b58741,f,b50da14b-491b-4ae8-a455-75114dce7804,REVERSAL|LEDGER|b50da14b-491b-4ae8-a455-75114dce7804,Reversal of ledger entry b50da14b-491b-4ae8-a455-75114dce7804,3b703dae-2955-40a1-affa-f94478da505f,2026-07-27 21:36:28.589994
931debcd-9bac-438c-a0ba-5958d23ff610,598a895e-5a20-48cc-95bd-a52fe5d4bb65,251bd980-c062-45b8-9c38-4d30b86c0c61,AGREEMENT,251bd980-c062-45b8-9c38-4d30b86c0c61,DEBIT,5000.00,TRY,2026-02,OFF_INVOICE,NKA,b39ade6a-ea33-413f-95a0-281c859f32fd,d56891e6-9e49-4fcf-bfd4-00d15e23e4ef,c09030ca-e748-45ab-9ef3-634996a369bd,c5bdbe97-2e69-4630-b59b-c6fdf2b58741,f,,LEDGER|AGREEMENT|251bd980-c062-45b8-9c38-4d30b86c0c61|8962a608-3f3b-4bf0-a5bd-e171f3339ba5,,3b703dae-2955-40a1-affa-f94478da505f,2026-07-27 21:37:39.385551
b8659377-cf27-4138-b58d-6250011cc34d,598a895e-5a20-48cc-95bd-a52fe5d4bb65,393a8719-a934-4f9f-8015-5fc1d23c6a3a,AGREEMENT,393a8719-a934-4f9f-8015-5fc1d23c6a3a,DEBIT,3000.00,TRY,2026-02,OFF_INVOICE,NKA,b39ade6a-ea33-413f-95a0-281c859f32fd,d56891e6-9e49-4fcf-bfd4-00d15e23e4ef,c09030ca-e748-45ab-9ef3-634996a369bd,c5bdbe97-2e69-4630-b59b-c6fdf2b58741,t,,LEDGER|AGREEMENT|393a8719-a934-4f9f-8015-5fc1d23c6a3a|161a92fb-f3b9-4bce-97a8-ffa8df49d247,,3b703dae-2955-40a1-affa-f94478da505f,2026-07-27 21:37:39.49697
e8b37d21-a3f6-4b4f-9814-40d87cffbdc1,598a895e-5a20-48cc-95bd-a52fe5d4bb65,393a8719-a934-4f9f-8015-5fc1d23c6a3a,AGREEMENT,393a8719-a934-4f9f-8015-5fc1d23c6a3a,CREDIT,3000.00,TRY,2026-02,OFF_INVOICE,NKA,b39ade6a-ea33-413f-95a0-281c859f32fd,d56891e6-9e49-4fcf-bfd4-00d15e23e4ef,c09030ca-e748-45ab-9ef3-634996a369bd,c5bdbe97-2e69-4630-b59b-c6fdf2b58741,f,b8659377-cf27-4138-b58d-6250011cc34d,REVERSAL|LEDGER|b8659377-cf27-4138-b58d-6250011cc34d,Reversal of ledger entry b8659377-cf27-4138-b58d-6250011cc34d,3b703dae-2955-40a1-affa-f94478da505f,2026-07-27 21:37:39.504254
44485146-6289-479e-8c28-e675addc8805,598a895e-5a20-48cc-95bd-a52fe5d4bb65,08319cef-711f-46f0-9390-8b6d8c237123,AGREEMENT,08319cef-711f-46f0-9390-8b6d8c237123,DEBIT,12000.00,TRY,2026-02,OFF_INVOICE,NKA,b39ade6a-ea33-413f-95a0-281c859f32fd,d56891e6-9e49-4fcf-bfd4-00d15e23e4ef,c09030ca-e748-45ab-9ef3-634996a369bd,c5bdbe97-2e69-4630-b59b-c6fdf2b58741,f,,LEDGER|AGREEMENT|08319cef-711f-46f0-9390-8b6d8c237123|7060d3e0-e5ab-48b2-92ec-e4085035f0e8,,3b703dae-2955-40a1-affa-f94478da505f,2026-07-27 21:37:41.131107
1ef19ca3-822a-4997-976f-9d8dc81378b6,598a895e-5a20-48cc-95bd-a52fe5d4bb65,b0840616-7664-4ce3-8eb6-86618987d944,AGREEMENT,b0840616-7664-4ce3-8eb6-86618987d944,DEBIT,4000.00,TRY,2026-02,OFF_INVOICE,NKA,b39ade6a-ea33-413f-95a0-281c859f32fd,d56891e6-9e49-4fcf-bfd4-00d15e23e4ef,c09030ca-e748-45ab-9ef3-634996a369bd,c5bdbe97-2e69-4630-b59b-c6fdf2b58741,t,,LEDGER|AGREEMENT|b0840616-7664-4ce3-8eb6-86618987d944|5071adf2-a957-465e-80ca-1bd1983a2c0a,,3b703dae-2955-40a1-affa-f94478da505f,2026-07-27 21:37:41.51677
56743985-c111-4c30-adbe-9b85f88eaba8,598a895e-5a20-48cc-95bd-a52fe5d4bb65,b0840616-7664-4ce3-8eb6-86618987d944,AGREEMENT,b0840616-7664-4ce3-8eb6-86618987d944,CREDIT,4000.00,TRY,2026-02,OFF_INVOICE,NKA,b39ade6a-ea33-413f-95a0-281c859f32fd,d56891e6-9e49-4fcf-bfd4-00d15e23e4ef,c09030ca-e748-45ab-9ef3-634996a369bd,c5bdbe97-2e69-4630-b59b-c6fdf2b58741,f,1ef19ca3-822a-4997-976f-9d8dc81378b6,REVERSAL|LEDGER|1ef19ca3-822a-4997-976f-9d8dc81378b6,Reversal of ledger entry 1ef19ca3-822a-4997-976f-9d8dc81378b6,3b703dae-2955-40a1-affa-f94478da505f,2026-07-27 21:37:41.522226
e1a850f8-6d16-4245-8f54-02d904970066,598a895e-5a20-48cc-95bd-a52fe5d4bb65,45a0bfd4-cafa-4994-a638-9837ea6ad7d3,AGREEMENT,45a0bfd4-cafa-4994-a638-9837ea6ad7d3,DEBIT,5000.00,TRY,2026-02,OFF_INVOICE,NKA,b39ade6a-ea33-413f-95a0-281c859f32fd,d56891e6-9e49-4fcf-bfd4-00d15e23e4ef,c09030ca-e748-45ab-9ef3-634996a369bd,c5bdbe97-2e69-4630-b59b-c6fdf2b58741,t,,LEDGER|AGREEMENT|45a0bfd4-cafa-4994-a638-9837ea6ad7d3|4e433e65-9ed2-4ab3-ba0e-fdcb7a572a74,,3b703dae-2955-40a1-affa-f94478da505f,2026-07-27 21:37:45.161327
8eb96fb7-5767-4488-bdac-b0956eb13603,598a895e-5a20-48cc-95bd-a52fe5d4bb65,45a0bfd4-cafa-4994-a638-9837ea6ad7d3,AGREEMENT,45a0bfd4-cafa-4994-a638-9837ea6ad7d3,CREDIT,5000.00,TRY,2026-02,OFF_INVOICE,NKA,b39ade6a-ea33-413f-95a0-281c859f32fd,d56891e6-9e49-4fcf-bfd4-00d15e23e4ef,c09030ca-e748-45ab-9ef3-634996a369bd,c5bdbe97-2e69-4630-b59b-c6fdf2b58741,f,e1a850f8-6d16-4245-8f54-02d904970066,REVERSAL|LEDGER|e1a850f8-6d16-4245-8f54-02d904970066,Reversal of ledger entry e1a850f8-6d16-4245-8f54-02d904970066,3b703dae-2955-40a1-affa-f94478da505f,2026-07-27 21:37:45.16694
841f85d1-f03c-4576-b5c0-b64897cd0107,598a895e-5a20-48cc-95bd-a52fe5d4bb65,45a0bfd4-cafa-4994-a638-9837ea6ad7d3,AGREEMENT,45a0bfd4-cafa-4994-a638-9837ea6ad7d3,DEBIT,5000.00,TRY,2026-02,OFF_INVOICE,NKA,b39ade6a-ea33-413f-95a0-281c859f32fd,d56891e6-9e49-4fcf-bfd4-00d15e23e4ef,c09030ca-e748-45ab-9ef3-634996a369bd,c5bdbe97-2e69-4630-b59b-c6fdf2b58741,t,,LEDGER|AGREEMENT|45a0bfd4-cafa-4994-a638-9837ea6ad7d3|3306088b-501a-48ad-859e-b55b1ac7037b,,3b703dae-2955-40a1-affa-f94478da505f,2026-07-27 21:37:45.324213
77d5bbde-06fb-4be9-b0c2-88f0ac13ff0f,598a895e-5a20-48cc-95bd-a52fe5d4bb65,45a0bfd4-cafa-4994-a638-9837ea6ad7d3,AGREEMENT,45a0bfd4-cafa-4994-a638-9837ea6ad7d3,CREDIT,5000.00,TRY,2026-02,OFF_INVOICE,NKA,b39ade6a-ea33-413f-95a0-281c859f32fd,d56891e6-9e49-4fcf-bfd4-00d15e23e4ef,c09030ca-e748-45ab-9ef3-634996a369bd,c5bdbe97-2e69-4630-b59b-c6fdf2b58741,f,841f85d1-f03c-4576-b5c0-b64897cd0107,REVERSAL|LEDGER|841f85d1-f03c-4576-b5c0-b64897cd0107,Reversal of ledger entry 841f85d1-f03c-4576-b5c0-b64897cd0107,0e23990b-31a0-4ac2-be89-a46ebc8200d4,2026-07-27 21:37:45.329101
f3ceae7f-3c28-4909-b2b0-c820fa1cbfe3,598a895e-5a20-48cc-95bd-a52fe5d4bb65,45a0bfd4-cafa-4994-a638-9837ea6ad7d3,AGREEMENT,45a0bfd4-cafa-4994-a638-9837ea6ad7d3,DEBIT,5000.00,TRY,2026-02,OFF_INVOICE,NKA,b39ade6a-ea33-413f-95a0-281c859f32fd,d56891e6-9e49-4fcf-bfd4-00d15e23e4ef,c09030ca-e748-45ab-9ef3-634996a369bd,c5bdbe97-2e69-4630-b59b-c6fdf2b58741,t,,LEDGER|AGREEMENT|45a0bfd4-cafa-4994-a638-9837ea6ad7d3|2f9ab041-8ae2-4eba-a418-0ec145675c8f,,3b703dae-2955-40a1-affa-f94478da505f,2026-07-27 21:37:45.363869
8c7f6450-e02d-4351-a45c-9b8cdc66de7b,598a895e-5a20-48cc-95bd-a52fe5d4bb65,45a0bfd4-cafa-4994-a638-9837ea6ad7d3,AGREEMENT,45a0bfd4-cafa-4994-a638-9837ea6ad7d3,CREDIT,5000.00,TRY,2026-02,OFF_INVOICE,NKA,b39ade6a-ea33-413f-95a0-281c859f32fd,d56891e6-9e49-4fcf-bfd4-00d15e23e4ef,c09030ca-e748-45ab-9ef3-634996a369bd,c5bdbe97-2e69-4630-b59b-c6fdf2b58741,f,f3ceae7f-3c28-4909-b2b0-c820fa1cbfe3,REVERSAL|LEDGER|f3ceae7f-3c28-4909-b2b0-c820fa1cbfe3,Reversal of ledger entry f3ceae7f-3c28-4909-b2b0-c820fa1cbfe3,3b703dae-2955-40a1-affa-f94478da505f,2026-07-27 21:37:45.369638
6530ead4-4b27-46a1-9819-93f57d8bdddc,598a895e-5a20-48cc-95bd-a52fe5d4bb65,45a0bfd4-cafa-4994-a638-9837ea6ad7d3,AGREEMENT,45a0bfd4-cafa-4994-a638-9837ea6ad7d3,DEBIT,5000.00,TRY,2026-02,OFF_INVOICE,NKA,b39ade6a-ea33-413f-95a0-281c859f32fd,d56891e6-9e49-4fcf-bfd4-00d15e23e4ef,c09030ca-e748-45ab-9ef3-634996a369bd,c5bdbe97-2e69-4630-b59b-c6fdf2b58741,t,,LEDGER|AGREEMENT|45a0bfd4-cafa-4994-a638-9837ea6ad7d3|deeb03b7-2391-47c0-b0d8-48efb47566a0,,3b703dae-2955-40a1-affa-f94478da505f,2026-07-27 21:37:45.407781
578c099f-d6db-4a56-9cb9-d9d4bfb7dc0b,598a895e-5a20-48cc-95bd-a52fe5d4bb65,45a0bfd4-cafa-4994-a638-9837ea6ad7d3,AGREEMENT,45a0bfd4-cafa-4994-a638-9837ea6ad7d3,CREDIT,5000.00,TRY,2026-02,OFF_INVOICE,NKA,b39ade6a-ea33-413f-95a0-281c859f32fd,d56891e6-9e49-4fcf-bfd4-00d15e23e4ef,c09030ca-e748-45ab-9ef3-634996a369bd,c5bdbe97-2e69-4630-b59b-c6fdf2b58741,f,6530ead4-4b27-46a1-9819-93f57d8bdddc,REVERSAL|LEDGER|6530ead4-4b27-46a1-9819-93f57d8bdddc,Reversal of ledger entry 6530ead4-4b27-46a1-9819-93f57d8bdddc,3b703dae-2955-40a1-affa-f94478da505f,2026-07-27 21:37:45.417059
ba416b1c-c411-4324-915b-eb41e6cbacf0,598a895e-5a20-48cc-95bd-a52fe5d4bb65,eebb2684-4e3f-4407-8911-4d846f6c6704,AGREEMENT,eebb2684-4e3f-4407-8911-4d846f6c6704,DEBIT,5000.00,TRY,2026-02,OFF_INVOICE,NKA,b39ade6a-ea33-413f-95a0-281c859f32fd,d56891e6-9e49-4fcf-bfd4-00d15e23e4ef,c09030ca-e748-45ab-9ef3-634996a369bd,c5bdbe97-2e69-4630-b59b-c6fdf2b58741,f,,LEDGER|AGREEMENT|eebb2684-4e3f-4407-8911-4d846f6c6704|e63368b9-50ac-4eea-9523-255bdb8e5036,,3b703dae-2955-40a1-affa-f94478da505f,2026-07-27 21:40:14.651828
6e9ecb88-5d43-4f99-a86f-3cd61f4fa240,598a895e-5a20-48cc-95bd-a52fe5d4bb65,24aa2b0a-b573-4226-a642-f8c4d871acf5,AGREEMENT,24aa2b0a-b573-4226-a642-f8c4d871acf5,DEBIT,3000.00,TRY,2026-02,OFF_INVOICE,NKA,b39ade6a-ea33-413f-95a0-281c859f32fd,d56891e6-9e49-4fcf-bfd4-00d15e23e4ef,c09030ca-e748-45ab-9ef3-634996a369bd,c5bdbe97-2e69-4630-b59b-c6fdf2b58741,t,,LEDGER|AGREEMENT|24aa2b0a-b573-4226-a642-f8c4d871acf5|409c171e-3e5c-49bf-b2d4-0f95b3f54e49,,3b703dae-2955-40a1-affa-f94478da505f,2026-07-27 21:40:14.909459
304ca822-db0a-4040-b37c-b0bf1999cfb1,598a895e-5a20-48cc-95bd-a52fe5d4bb65,24aa2b0a-b573-4226-a642-f8c4d871acf5,AGREEMENT,24aa2b0a-b573-4226-a642-f8c4d871acf5,CREDIT,3000.00,TRY,2026-02,OFF_INVOICE,NKA,b39ade6a-ea33-413f-95a0-281c859f32fd,d56891e6-9e49-4fcf-bfd4-00d15e23e4ef,c09030ca-e748-45ab-9ef3-634996a369bd,c5bdbe97-2e69-4630-b59b-c6fdf2b58741,f,6e9ecb88-5d43-4f99-a86f-3cd61f4fa240,REVERSAL|LEDGER|6e9ecb88-5d43-4f99-a86f-3cd61f4fa240,Reversal of ledger entry 6e9ecb88-5d43-4f99-a86f-3cd61f4fa240,3b703dae-2955-40a1-affa-f94478da505f,2026-07-27 21:40:14.922818
4b0f05ed-b50c-4648-a5f4-25f96588817e,598a895e-5a20-48cc-95bd-a52fe5d4bb65,ad700c50-2b22-4ad2-a41b-af96ebe840bb,AGREEMENT,ad700c50-2b22-4ad2-a41b-af96ebe840bb,DEBIT,12000.00,TRY,2026-02,OFF_INVOICE,NKA,b39ade6a-ea33-413f-95a0-281c859f32fd,d56891e6-9e49-4fcf-bfd4-00d15e23e4ef,c09030ca-e748-45ab-9ef3-634996a369bd,c5bdbe97-2e69-4630-b59b-c6fdf2b58741,f,,LEDGER|AGREEMENT|ad700c50-2b22-4ad2-a41b-af96ebe840bb|8932b321-d539-4a76-98a5-359920f64b90,,3b703dae-2955-40a1-affa-f94478da505f,2026-07-27 21:40:18.047251
4ff04663-3196-4918-9c44-58e556e9cef3,598a895e-5a20-48cc-95bd-a52fe5d4bb65,ab6d278a-8923-4bf5-8adc-3448621ea0e1,AGREEMENT,ab6d278a-8923-4bf5-8adc-3448621ea0e1,DEBIT,4000.00,TRY,2026-02,OFF_INVOICE,NKA,b39ade6a-ea33-413f-95a0-281c859f32fd,d56891e6-9e49-4fcf-bfd4-00d15e23e4ef,c09030ca-e748-45ab-9ef3-634996a369bd,c5bdbe97-2e69-4630-b59b-c6fdf2b58741,t,,LEDGER|AGREEMENT|ab6d278a-8923-4bf5-8adc-3448621ea0e1|68e33ea9-6cd1-45d2-8400-847b481d339f,,3b703dae-2955-40a1-affa-f94478da505f,2026-07-27 21:40:18.343275
f024037b-fa7e-4a50-9883-15e2f6ef5fdd,598a895e-5a20-48cc-95bd-a52fe5d4bb65,ab6d278a-8923-4bf5-8adc-3448621ea0e1,AGREEMENT,ab6d278a-8923-4bf5-8adc-3448621ea0e1,CREDIT,4000.00,TRY,2026-02,OFF_INVOICE,NKA,b39ade6a-ea33-413f-95a0-281c859f32fd,d56891e6-9e49-4fcf-bfd4-00d15e23e4ef,c09030ca-e748-45ab-9ef3-634996a369bd,c5bdbe97-2e69-4630-b59b-c6fdf2b58741,f,4ff04663-3196-4918-9c44-58e556e9cef3,REVERSAL|LEDGER|4ff04663-3196-4918-9c44-58e556e9cef3,Reversal of ledger entry 4ff04663-3196-4918-9c44-58e556e9cef3,3b703dae-2955-40a1-affa-f94478da505f,2026-07-27 21:40:18.348373
ab977a3e-6b12-4385-af8b-7097b0de71c9,598a895e-5a20-48cc-95bd-a52fe5d4bb65,45a0bfd4-cafa-4994-a638-9837ea6ad7d3,AGREEMENT,45a0bfd4-cafa-4994-a638-9837ea6ad7d3,DEBIT,5000.00,TRY,2026-02,OFF_INVOICE,NKA,b39ade6a-ea33-413f-95a0-281c859f32fd,d56891e6-9e49-4fcf-bfd4-00d15e23e4ef,c09030ca-e748-45ab-9ef3-634996a369bd,c5bdbe97-2e69-4630-b59b-c6fdf2b58741,t,,LEDGER|AGREEMENT|45a0bfd4-cafa-4994-a638-9837ea6ad7d3|d21188dd-a728-451f-9203-dc00821d271f,,3b703dae-2955-40a1-affa-f94478da505f,2026-07-27 21:40:20.659135
a3af1faf-fb14-4ddb-abd9-a5e083db01e0,598a895e-5a20-48cc-95bd-a52fe5d4bb65,45a0bfd4-cafa-4994-a638-9837ea6ad7d3,AGREEMENT,45a0bfd4-cafa-4994-a638-9837ea6ad7d3,CREDIT,5000.00,TRY,2026-02,OFF_INVOICE,NKA,b39ade6a-ea33-413f-95a0-281c859f32fd,d56891e6-9e49-4fcf-bfd4-00d15e23e4ef,c09030ca-e748-45ab-9ef3-634996a369bd,c5bdbe97-2e69-4630-b59b-c6fdf2b58741,f,ab977a3e-6b12-4385-af8b-7097b0de71c9,REVERSAL|LEDGER|ab977a3e-6b12-4385-af8b-7097b0de71c9,Reversal of ledger entry ab977a3e-6b12-4385-af8b-7097b0de71c9,3b703dae-2955-40a1-affa-f94478da505f,2026-07-27 21:40:20.665826
7f60e91a-fa91-4bce-8d6d-fb4c34bb01c6,598a895e-5a20-48cc-95bd-a52fe5d4bb65,45a0bfd4-cafa-4994-a638-9837ea6ad7d3,AGREEMENT,45a0bfd4-cafa-4994-a638-9837ea6ad7d3,DEBIT,5000.00,TRY,2026-02,OFF_INVOICE,NKA,b39ade6a-ea33-413f-95a0-281c859f32fd,d56891e6-9e49-4fcf-bfd4-00d15e23e4ef,c09030ca-e748-45ab-9ef3-634996a369bd,c5bdbe97-2e69-4630-b59b-c6fdf2b58741,t,,LEDGER|AGREEMENT|45a0bfd4-cafa-4994-a638-9837ea6ad7d3|09cb556e-fc85-423b-a93b-c73f738d0d5c,,3b703dae-2955-40a1-affa-f94478da505f,2026-07-27 21:40:20.825646
4f4083d1-7a07-4a44-b034-2bef5ceadc12,598a895e-5a20-48cc-95bd-a52fe5d4bb65,45a0bfd4-cafa-4994-a638-9837ea6ad7d3,AGREEMENT,45a0bfd4-cafa-4994-a638-9837ea6ad7d3,CREDIT,5000.00,TRY,2026-02,OFF_INVOICE,NKA,b39ade6a-ea33-413f-95a0-281c859f32fd,d56891e6-9e49-4fcf-bfd4-00d15e23e4ef,c09030ca-e748-45ab-9ef3-634996a369bd,c5bdbe97-2e69-4630-b59b-c6fdf2b58741,f,7f60e91a-fa91-4bce-8d6d-fb4c34bb01c6,REVERSAL|LEDGER|7f60e91a-fa91-4bce-8d6d-fb4c34bb01c6,Reversal of ledger entry 7f60e91a-fa91-4bce-8d6d-fb4c34bb01c6,0e23990b-31a0-4ac2-be89-a46ebc8200d4,2026-07-27 21:40:20.831053
9f076a2f-dfb3-45f9-837b-1b870af0db88,598a895e-5a20-48cc-95bd-a52fe5d4bb65,45a0bfd4-cafa-4994-a638-9837ea6ad7d3,AGREEMENT,45a0bfd4-cafa-4994-a638-9837ea6ad7d3,DEBIT,5000.00,TRY,2026-02,OFF_INVOICE,NKA,b39ade6a-ea33-413f-95a0-281c859f32fd,d56891e6-9e49-4fcf-bfd4-00d15e23e4ef,c09030ca-e748-45ab-9ef3-634996a369bd,c5bdbe97-2e69-4630-b59b-c6fdf2b58741,t,,LEDGER|AGREEMENT|45a0bfd4-cafa-4994-a638-9837ea6ad7d3|e6f2b7c9-4b79-43db-a876-be14c2b16938,,3b703dae-2955-40a1-affa-f94478da505f,2026-07-27 21:40:20.866201
a1fef0db-01d5-463c-ae4c-41ec50ea2e32,598a895e-5a20-48cc-95bd-a52fe5d4bb65,45a0bfd4-cafa-4994-a638-9837ea6ad7d3,AGREEMENT,45a0bfd4-cafa-4994-a638-9837ea6ad7d3,CREDIT,5000.00,TRY,2026-02,OFF_INVOICE,NKA,b39ade6a-ea33-413f-95a0-281c859f32fd,d56891e6-9e49-4fcf-bfd4-00d15e23e4ef,c09030ca-e748-45ab-9ef3-634996a369bd,c5bdbe97-2e69-4630-b59b-c6fdf2b58741,f,9f076a2f-dfb3-45f9-837b-1b870af0db88,REVERSAL|LEDGER|9f076a2f-dfb3-45f9-837b-1b870af0db88,Reversal of ledger entry 9f076a2f-dfb3-45f9-837b-1b870af0db88,3b703dae-2955-40a1-affa-f94478da505f,2026-07-27 21:40:20.87068
1d4f6d28-4b57-4d4c-8d06-890db61c27e9,598a895e-5a20-48cc-95bd-a52fe5d4bb65,45a0bfd4-cafa-4994-a638-9837ea6ad7d3,AGREEMENT,45a0bfd4-cafa-4994-a638-9837ea6ad7d3,DEBIT,5000.00,TRY,2026-02,OFF_INVOICE,NKA,b39ade6a-ea33-413f-95a0-281c859f32fd,d56891e6-9e49-4fcf-bfd4-00d15e23e4ef,c09030ca-e748-45ab-9ef3-634996a369bd,c5bdbe97-2e69-4630-b59b-c6fdf2b58741,t,,LEDGER|AGREEMENT|45a0bfd4-cafa-4994-a638-9837ea6ad7d3|b8cbc089-d0ca-4b47-894c-b2a9347a4ca7,,3b703dae-2955-40a1-affa-f94478da505f,2026-07-27 21:40:20.901548
e2698a1c-af33-40f3-aadf-0fadae216745,598a895e-5a20-48cc-95bd-a52fe5d4bb65,45a0bfd4-cafa-4994-a638-9837ea6ad7d3,AGREEMENT,45a0bfd4-cafa-4994-a638-9837ea6ad7d3,CREDIT,5000.00,TRY,2026-02,OFF_INVOICE,NKA,b39ade6a-ea33-413f-95a0-281c859f32fd,d56891e6-9e49-4fcf-bfd4-00d15e23e4ef,c09030ca-e748-45ab-9ef3-634996a369bd,c5bdbe97-2e69-4630-b59b-c6fdf2b58741,f,1d4f6d28-4b57-4d4c-8d06-890db61c27e9,REVERSAL|LEDGER|1d4f6d28-4b57-4d4c-8d06-890db61c27e9,Reversal of ledger entry 1d4f6d28-4b57-4d4c-8d06-890db61c27e9,3b703dae-2955-40a1-affa-f94478da505f,2026-07-27 21:40:20.9086
d42f0965-27af-4911-a7c2-cc5b3e27c7cd,598a895e-5a20-48cc-95bd-a52fe5d4bb65,a6fcfe87-390d-47f7-8765-542050887f31,AGREEMENT,a6fcfe87-390d-47f7-8765-542050887f31,DEBIT,5000.00,TRY,2026-02,OFF_INVOICE,NKA,b39ade6a-ea33-413f-95a0-281c859f32fd,d56891e6-9e49-4fcf-bfd4-00d15e23e4ef,c09030ca-e748-45ab-9ef3-634996a369bd,c5bdbe97-2e69-4630-b59b-c6fdf2b58741,f,,LEDGER|AGREEMENT|a6fcfe87-390d-47f7-8765-542050887f31|7b488c80-76f8-46a2-94c6-914731638220,,3b703dae-2955-40a1-affa-f94478da505f,2026-07-27 21:44:38.371004
d4c60f76-5856-4d18-bd2b-ebb8ba94d3a6,598a895e-5a20-48cc-95bd-a52fe5d4bb65,17907dc7-d238-40dd-be3d-75d6539301e8,AGREEMENT,17907dc7-d238-40dd-be3d-75d6539301e8,DEBIT,3000.00,TRY,2026-02,OFF_INVOICE,NKA,b39ade6a-ea33-413f-95a0-281c859f32fd,d56891e6-9e49-4fcf-bfd4-00d15e23e4ef,c09030ca-e748-45ab-9ef3-634996a369bd,c5bdbe97-2e69-4630-b59b-c6fdf2b58741,t,,LEDGER|AGREEMENT|17907dc7-d238-40dd-be3d-75d6539301e8|f67cf373-b4e0-454a-b2c2-f4396993b9b0,,3b703dae-2955-40a1-affa-f94478da505f,2026-07-27 21:44:38.501185
2ed30448-e556-4de8-aeb8-af81949c25ba,598a895e-5a20-48cc-95bd-a52fe5d4bb65,17907dc7-d238-40dd-be3d-75d6539301e8,AGREEMENT,17907dc7-d238-40dd-be3d-75d6539301e8,CREDIT,3000.00,TRY,2026-02,OFF_INVOICE,NKA,b39ade6a-ea33-413f-95a0-281c859f32fd,d56891e6-9e49-4fcf-bfd4-00d15e23e4ef,c09030ca-e748-45ab-9ef3-634996a369bd,c5bdbe97-2e69-4630-b59b-c6fdf2b58741,f,d4c60f76-5856-4d18-bd2b-ebb8ba94d3a6,REVERSAL|LEDGER|d4c60f76-5856-4d18-bd2b-ebb8ba94d3a6,Reversal of ledger entry d4c60f76-5856-4d18-bd2b-ebb8ba94d3a6,3b703dae-2955-40a1-affa-f94478da505f,2026-07-27 21:44:38.509068
f59fddea-af14-4c0b-9c17-a706d54aeb27,598a895e-5a20-48cc-95bd-a52fe5d4bb65,2d2c466d-9863-403d-81e7-c255511fd3d1,AGREEMENT,2d2c466d-9863-403d-81e7-c255511fd3d1,DEBIT,12000.00,TRY,2026-02,OFF_INVOICE,NKA,b39ade6a-ea33-413f-95a0-281c859f32fd,d56891e6-9e49-4fcf-bfd4-00d15e23e4ef,c09030ca-e748-45ab-9ef3-634996a369bd,c5bdbe97-2e69-4630-b59b-c6fdf2b58741,f,,LEDGER|AGREEMENT|2d2c466d-9863-403d-81e7-c255511fd3d1|06fb4e79-407c-4831-b065-26bd8f4fa2c7,,3b703dae-2955-40a1-affa-f94478da505f,2026-07-27 21:44:42.556296
4114a05c-51c8-4f15-91c9-9c5a7a4255b1,598a895e-5a20-48cc-95bd-a52fe5d4bb65,ae065b96-5b48-4783-9b77-e0ce2ab3b341,AGREEMENT,ae065b96-5b48-4783-9b77-e0ce2ab3b341,DEBIT,4000.00,TRY,2026-02,OFF_INVOICE,NKA,b39ade6a-ea33-413f-95a0-281c859f32fd,d56891e6-9e49-4fcf-bfd4-00d15e23e4ef,c09030ca-e748-45ab-9ef3-634996a369bd,c5bdbe97-2e69-4630-b59b-c6fdf2b58741,t,,LEDGER|AGREEMENT|ae065b96-5b48-4783-9b77-e0ce2ab3b341|199e0dc9-4c68-4a44-beda-83e9880358d4,,3b703dae-2955-40a1-affa-f94478da505f,2026-07-27 21:44:42.865691
c2461fa8-a62b-4de8-9315-6ad758519b54,598a895e-5a20-48cc-95bd-a52fe5d4bb65,ae065b96-5b48-4783-9b77-e0ce2ab3b341,AGREEMENT,ae065b96-5b48-4783-9b77-e0ce2ab3b341,CREDIT,4000.00,TRY,2026-02,OFF_INVOICE,NKA,b39ade6a-ea33-413f-95a0-281c859f32fd,d56891e6-9e49-4fcf-bfd4-00d15e23e4ef,c09030ca-e748-45ab-9ef3-634996a369bd,c5bdbe97-2e69-4630-b59b-c6fdf2b58741,f,4114a05c-51c8-4f15-91c9-9c5a7a4255b1,REVERSAL|LEDGER|4114a05c-51c8-4f15-91c9-9c5a7a4255b1,Reversal of ledger entry 4114a05c-51c8-4f15-91c9-9c5a7a4255b1,3b703dae-2955-40a1-affa-f94478da505f,2026-07-27 21:44:42.870603
9c151181-d40b-4596-9938-29339a5b76fe,598a895e-5a20-48cc-95bd-a52fe5d4bb65,45a0bfd4-cafa-4994-a638-9837ea6ad7d3,AGREEMENT,45a0bfd4-cafa-4994-a638-9837ea6ad7d3,DEBIT,5000.00,TRY,2026-02,OFF_INVOICE,NKA,b39ade6a-ea33-413f-95a0-281c859f32fd,d56891e6-9e49-4fcf-bfd4-00d15e23e4ef,c09030ca-e748-45ab-9ef3-634996a369bd,c5bdbe97-2e69-4630-b59b-c6fdf2b58741,t,,LEDGER|AGREEMENT|45a0bfd4-cafa-4994-a638-9837ea6ad7d3|d208c561-f404-47ec-b846-89d82113c3cf,,3b703dae-2955-40a1-affa-f94478da505f,2026-07-27 21:44:44.864045
8e8b6899-db71-4275-bbf8-ceab7b3b8fe7,598a895e-5a20-48cc-95bd-a52fe5d4bb65,45a0bfd4-cafa-4994-a638-9837ea6ad7d3,AGREEMENT,45a0bfd4-cafa-4994-a638-9837ea6ad7d3,CREDIT,5000.00,TRY,2026-02,OFF_INVOICE,NKA,b39ade6a-ea33-413f-95a0-281c859f32fd,d56891e6-9e49-4fcf-bfd4-00d15e23e4ef,c09030ca-e748-45ab-9ef3-634996a369bd,c5bdbe97-2e69-4630-b59b-c6fdf2b58741,f,9c151181-d40b-4596-9938-29339a5b76fe,REVERSAL|LEDGER|9c151181-d40b-4596-9938-29339a5b76fe,Reversal of ledger entry 9c151181-d40b-4596-9938-29339a5b76fe,3b703dae-2955-40a1-affa-f94478da505f,2026-07-27 21:44:44.870157
4240a54f-3220-49e1-bf8d-119079088e3f,598a895e-5a20-48cc-95bd-a52fe5d4bb65,45a0bfd4-cafa-4994-a638-9837ea6ad7d3,AGREEMENT,45a0bfd4-cafa-4994-a638-9837ea6ad7d3,DEBIT,5000.00,TRY,2026-02,OFF_INVOICE,NKA,b39ade6a-ea33-413f-95a0-281c859f32fd,d56891e6-9e49-4fcf-bfd4-00d15e23e4ef,c09030ca-e748-45ab-9ef3-634996a369bd,c5bdbe97-2e69-4630-b59b-c6fdf2b58741,t,,LEDGER|AGREEMENT|45a0bfd4-cafa-4994-a638-9837ea6ad7d3|c1629b13-ff56-4c5d-b66f-cb48730a5333,,3b703dae-2955-40a1-affa-f94478da505f,2026-07-27 21:44:45.018593
2c699acf-8257-432a-b7e0-ea2770dfcc6c,598a895e-5a20-48cc-95bd-a52fe5d4bb65,45a0bfd4-cafa-4994-a638-9837ea6ad7d3,AGREEMENT,45a0bfd4-cafa-4994-a638-9837ea6ad7d3,CREDIT,5000.00,TRY,2026-02,OFF_INVOICE,NKA,b39ade6a-ea33-413f-95a0-281c859f32fd,d56891e6-9e49-4fcf-bfd4-00d15e23e4ef,c09030ca-e748-45ab-9ef3-634996a369bd,c5bdbe97-2e69-4630-b59b-c6fdf2b58741,f,4240a54f-3220-49e1-bf8d-119079088e3f,REVERSAL|LEDGER|4240a54f-3220-49e1-bf8d-119079088e3f,Reversal of ledger entry 4240a54f-3220-49e1-bf8d-119079088e3f,0e23990b-31a0-4ac2-be89-a46ebc8200d4,2026-07-27 21:44:45.025038
b484e5cf-e554-4fdc-a55d-196cf515baca,598a895e-5a20-48cc-95bd-a52fe5d4bb65,45a0bfd4-cafa-4994-a638-9837ea6ad7d3,AGREEMENT,45a0bfd4-cafa-4994-a638-9837ea6ad7d3,DEBIT,5000.00,TRY,2026-02,OFF_INVOICE,NKA,b39ade6a-ea33-413f-95a0-281c859f32fd,d56891e6-9e49-4fcf-bfd4-00d15e23e4ef,c09030ca-e748-45ab-9ef3-634996a369bd,c5bdbe97-2e69-4630-b59b-c6fdf2b58741,t,,LEDGER|AGREEMENT|45a0bfd4-cafa-4994-a638-9837ea6ad7d3|79d791f4-a1e7-4ebd-bb8e-b2b97a57c973,,3b703dae-2955-40a1-affa-f94478da505f,2026-07-27 21:44:45.057104
30901f11-1d8d-46cb-ae19-4d1d44656d75,598a895e-5a20-48cc-95bd-a52fe5d4bb65,45a0bfd4-cafa-4994-a638-9837ea6ad7d3,AGREEMENT,45a0bfd4-cafa-4994-a638-9837ea6ad7d3,CREDIT,5000.00,TRY,2026-02,OFF_INVOICE,NKA,b39ade6a-ea33-413f-95a0-281c859f32fd,d56891e6-9e49-4fcf-bfd4-00d15e23e4ef,c09030ca-e748-45ab-9ef3-634996a369bd,c5bdbe97-2e69-4630-b59b-c6fdf2b58741,f,b484e5cf-e554-4fdc-a55d-196cf515baca,REVERSAL|LEDGER|b484e5cf-e554-4fdc-a55d-196cf515baca,Reversal of ledger entry b484e5cf-e554-4fdc-a55d-196cf515baca,3b703dae-2955-40a1-affa-f94478da505f,2026-07-27 21:44:45.071201
50cdc63d-17c4-4f28-9d68-df5b80b1f2f4,598a895e-5a20-48cc-95bd-a52fe5d4bb65,45a0bfd4-cafa-4994-a638-9837ea6ad7d3,AGREEMENT,45a0bfd4-cafa-4994-a638-9837ea6ad7d3,DEBIT,5000.00,TRY,2026-02,OFF_INVOICE,NKA,b39ade6a-ea33-413f-95a0-281c859f32fd,d56891e6-9e49-4fcf-bfd4-00d15e23e4ef,c09030ca-e748-45ab-9ef3-634996a369bd,c5bdbe97-2e69-4630-b59b-c6fdf2b58741,t,,LEDGER|AGREEMENT|45a0bfd4-cafa-4994-a638-9837ea6ad7d3|9d9ee4e8-24d8-4339-a687-3e0cbe55dd80,,3b703dae-2955-40a1-affa-f94478da505f,2026-07-27 21:44:45.1081
49af19df-ce3e-4eec-ac69-5d74b35b8fec,598a895e-5a20-48cc-95bd-a52fe5d4bb65,45a0bfd4-cafa-4994-a638-9837ea6ad7d3,AGREEMENT,45a0bfd4-cafa-4994-a638-9837ea6ad7d3,CREDIT,5000.00,TRY,2026-02,OFF_INVOICE,NKA,b39ade6a-ea33-413f-95a0-281c859f32fd,d56891e6-9e49-4fcf-bfd4-00d15e23e4ef,c09030ca-e748-45ab-9ef3-634996a369bd,c5bdbe97-2e69-4630-b59b-c6fdf2b58741,f,50cdc63d-17c4-4f28-9d68-df5b80b1f2f4,REVERSAL|LEDGER|50cdc63d-17c4-4f28-9d68-df5b80b1f2f4,Reversal of ledger entry 50cdc63d-17c4-4f28-9d68-df5b80b1f2f4,3b703dae-2955-40a1-affa-f94478da505f,2026-07-27 21:44:45.116385
09d12e0b-a4a2-40ca-a2bd-e95c3302d11d,598a895e-5a20-48cc-95bd-a52fe5d4bb65,44c869cc-b7c5-40a8-9725-191c854375ef,AGREEMENT,44c869cc-b7c5-40a8-9725-191c854375ef,DEBIT,5000.00,TRY,2026-02,OFF_INVOICE,NKA,b39ade6a-ea33-413f-95a0-281c859f32fd,d56891e6-9e49-4fcf-bfd4-00d15e23e4ef,c09030ca-e748-45ab-9ef3-634996a369bd,c5bdbe97-2e69-4630-b59b-c6fdf2b58741,f,,LEDGER|AGREEMENT|44c869cc-b7c5-40a8-9725-191c854375ef|7a104af9-0df7-4d48-be69-f505b0ee616e,,3b703dae-2955-40a1-affa-f94478da505f,2026-07-27 21:47:24.257214
9f44deb0-8c8c-48e1-9c6f-df44b79fbd50,598a895e-5a20-48cc-95bd-a52fe5d4bb65,1a7dec5f-cb7a-4928-96be-ab34c766392b,AGREEMENT,1a7dec5f-cb7a-4928-96be-ab34c766392b,DEBIT,3000.00,TRY,2026-02,OFF_INVOICE,NKA,b39ade6a-ea33-413f-95a0-281c859f32fd,d56891e6-9e49-4fcf-bfd4-00d15e23e4ef,c09030ca-e748-45ab-9ef3-634996a369bd,c5bdbe97-2e69-4630-b59b-c6fdf2b58741,t,,LEDGER|AGREEMENT|1a7dec5f-cb7a-4928-96be-ab34c766392b|8ea2aa77-ef44-4660-a86c-2258e7b98a53,,3b703dae-2955-40a1-affa-f94478da505f,2026-07-27 21:47:24.368735
70a34019-25a3-4199-9c0c-f0440e3e2332,598a895e-5a20-48cc-95bd-a52fe5d4bb65,1a7dec5f-cb7a-4928-96be-ab34c766392b,AGREEMENT,1a7dec5f-cb7a-4928-96be-ab34c766392b,CREDIT,3000.00,TRY,2026-02,OFF_INVOICE,NKA,b39ade6a-ea33-413f-95a0-281c859f32fd,d56891e6-9e49-4fcf-bfd4-00d15e23e4ef,c09030ca-e748-45ab-9ef3-634996a369bd,c5bdbe97-2e69-4630-b59b-c6fdf2b58741,f,9f44deb0-8c8c-48e1-9c6f-df44b79fbd50,REVERSAL|LEDGER|9f44deb0-8c8c-48e1-9c6f-df44b79fbd50,Reversal of ledger entry 9f44deb0-8c8c-48e1-9c6f-df44b79fbd50,3b703dae-2955-40a1-affa-f94478da505f,2026-07-27 21:47:24.375362
3b74909f-bb0c-4aa9-b8d6-4c1b06e51955,598a895e-5a20-48cc-95bd-a52fe5d4bb65,0afafc75-94ff-4caa-a32a-802e3aafeef6,AGREEMENT,0afafc75-94ff-4caa-a32a-802e3aafeef6,DEBIT,12000.00,TRY,2026-02,OFF_INVOICE,NKA,b39ade6a-ea33-413f-95a0-281c859f32fd,d56891e6-9e49-4fcf-bfd4-00d15e23e4ef,c09030ca-e748-45ab-9ef3-634996a369bd,c5bdbe97-2e69-4630-b59b-c6fdf2b58741,f,,LEDGER|AGREEMENT|0afafc75-94ff-4caa-a32a-802e3aafeef6|e862c7db-ac4f-4304-941f-d111ab432f45,,3b703dae-2955-40a1-affa-f94478da505f,2026-07-27 21:47:26.986117
e2cef8b2-ed85-4d0e-864f-2f0039dd5c33,598a895e-5a20-48cc-95bd-a52fe5d4bb65,d29b31ad-d6fa-4ef5-ad24-2e41a8622d55,AGREEMENT,d29b31ad-d6fa-4ef5-ad24-2e41a8622d55,DEBIT,4000.00,TRY,2026-02,OFF_INVOICE,NKA,b39ade6a-ea33-413f-95a0-281c859f32fd,d56891e6-9e49-4fcf-bfd4-00d15e23e4ef,c09030ca-e748-45ab-9ef3-634996a369bd,c5bdbe97-2e69-4630-b59b-c6fdf2b58741,t,,LEDGER|AGREEMENT|d29b31ad-d6fa-4ef5-ad24-2e41a8622d55|f4c2da11-24aa-4a01-ab39-90824cb21b77,,3b703dae-2955-40a1-affa-f94478da505f,2026-07-27 21:47:27.31327
9cfc0bab-6afe-45be-aaa8-1620ef26c464,598a895e-5a20-48cc-95bd-a52fe5d4bb65,d29b31ad-d6fa-4ef5-ad24-2e41a8622d55,AGREEMENT,d29b31ad-d6fa-4ef5-ad24-2e41a8622d55,CREDIT,4000.00,TRY,2026-02,OFF_INVOICE,NKA,b39ade6a-ea33-413f-95a0-281c859f32fd,d56891e6-9e49-4fcf-bfd4-00d15e23e4ef,c09030ca-e748-45ab-9ef3-634996a369bd,c5bdbe97-2e69-4630-b59b-c6fdf2b58741,f,e2cef8b2-ed85-4d0e-864f-2f0039dd5c33,REVERSAL|LEDGER|e2cef8b2-ed85-4d0e-864f-2f0039dd5c33,Reversal of ledger entry e2cef8b2-ed85-4d0e-864f-2f0039dd5c33,3b703dae-2955-40a1-affa-f94478da505f,2026-07-27 21:47:27.318283
8d43713f-e164-49c0-b403-a94017ab8b52,598a895e-5a20-48cc-95bd-a52fe5d4bb65,45a0bfd4-cafa-4994-a638-9837ea6ad7d3,AGREEMENT,45a0bfd4-cafa-4994-a638-9837ea6ad7d3,DEBIT,5000.00,TRY,2026-02,OFF_INVOICE,NKA,b39ade6a-ea33-413f-95a0-281c859f32fd,d56891e6-9e49-4fcf-bfd4-00d15e23e4ef,c09030ca-e748-45ab-9ef3-634996a369bd,c5bdbe97-2e69-4630-b59b-c6fdf2b58741,t,,LEDGER|AGREEMENT|45a0bfd4-cafa-4994-a638-9837ea6ad7d3|6da25b2c-66bc-4c33-b9d2-6b92a5449d00,,3b703dae-2955-40a1-affa-f94478da505f,2026-07-27 21:47:29.490296
a76015cb-e029-49fe-8078-fd25c207acb1,598a895e-5a20-48cc-95bd-a52fe5d4bb65,45a0bfd4-cafa-4994-a638-9837ea6ad7d3,AGREEMENT,45a0bfd4-cafa-4994-a638-9837ea6ad7d3,CREDIT,5000.00,TRY,2026-02,OFF_INVOICE,NKA,b39ade6a-ea33-413f-95a0-281c859f32fd,d56891e6-9e49-4fcf-bfd4-00d15e23e4ef,c09030ca-e748-45ab-9ef3-634996a369bd,c5bdbe97-2e69-4630-b59b-c6fdf2b58741,f,8d43713f-e164-49c0-b403-a94017ab8b52,REVERSAL|LEDGER|8d43713f-e164-49c0-b403-a94017ab8b52,Reversal of ledger entry 8d43713f-e164-49c0-b403-a94017ab8b52,3b703dae-2955-40a1-affa-f94478da505f,2026-07-27 21:47:29.496018
c002cceb-69eb-4135-b018-6c59e3e73379,598a895e-5a20-48cc-95bd-a52fe5d4bb65,45a0bfd4-cafa-4994-a638-9837ea6ad7d3,AGREEMENT,45a0bfd4-cafa-4994-a638-9837ea6ad7d3,DEBIT,5000.00,TRY,2026-02,OFF_INVOICE,NKA,b39ade6a-ea33-413f-95a0-281c859f32fd,d56891e6-9e49-4fcf-bfd4-00d15e23e4ef,c09030ca-e748-45ab-9ef3-634996a369bd,c5bdbe97-2e69-4630-b59b-c6fdf2b58741,t,,LEDGER|AGREEMENT|45a0bfd4-cafa-4994-a638-9837ea6ad7d3|eb998df1-0096-4ff5-a564-31dd1cce4fa1,,3b703dae-2955-40a1-affa-f94478da505f,2026-07-27 21:47:29.64481
ddacade2-850d-47a1-b136-6e5253b4d1c4,598a895e-5a20-48cc-95bd-a52fe5d4bb65,45a0bfd4-cafa-4994-a638-9837ea6ad7d3,AGREEMENT,45a0bfd4-cafa-4994-a638-9837ea6ad7d3,CREDIT,5000.00,TRY,2026-02,OFF_INVOICE,NKA,b39ade6a-ea33-413f-95a0-281c859f32fd,d56891e6-9e49-4fcf-bfd4-00d15e23e4ef,c09030ca-e748-45ab-9ef3-634996a369bd,c5bdbe97-2e69-4630-b59b-c6fdf2b58741,f,c002cceb-69eb-4135-b018-6c59e3e73379,REVERSAL|LEDGER|c002cceb-69eb-4135-b018-6c59e3e73379,Reversal of ledger entry c002cceb-69eb-4135-b018-6c59e3e73379,0e23990b-31a0-4ac2-be89-a46ebc8200d4,2026-07-27 21:47:29.649421
3563a624-0c7c-457c-8c9b-61c247012c37,598a895e-5a20-48cc-95bd-a52fe5d4bb65,45a0bfd4-cafa-4994-a638-9837ea6ad7d3,AGREEMENT,45a0bfd4-cafa-4994-a638-9837ea6ad7d3,DEBIT,5000.00,TRY,2026-02,OFF_INVOICE,NKA,b39ade6a-ea33-413f-95a0-281c859f32fd,d56891e6-9e49-4fcf-bfd4-00d15e23e4ef,c09030ca-e748-45ab-9ef3-634996a369bd,c5bdbe97-2e69-4630-b59b-c6fdf2b58741,t,,LEDGER|AGREEMENT|45a0bfd4-cafa-4994-a638-9837ea6ad7d3|09f475c2-d03b-47b4-aaf5-64f4d4ab7e54,,3b703dae-2955-40a1-affa-f94478da505f,2026-07-27 21:47:29.68026
b0b083df-f7ab-481c-bbe4-edec1fdaf254,598a895e-5a20-48cc-95bd-a52fe5d4bb65,45a0bfd4-cafa-4994-a638-9837ea6ad7d3,AGREEMENT,45a0bfd4-cafa-4994-a638-9837ea6ad7d3,CREDIT,5000.00,TRY,2026-02,OFF_INVOICE,NKA,b39ade6a-ea33-413f-95a0-281c859f32fd,d56891e6-9e49-4fcf-bfd4-00d15e23e4ef,c09030ca-e748-45ab-9ef3-634996a369bd,c5bdbe97-2e69-4630-b59b-c6fdf2b58741,f,3563a624-0c7c-457c-8c9b-61c247012c37,REVERSAL|LEDGER|3563a624-0c7c-457c-8c9b-61c247012c37,Reversal of ledger entry 3563a624-0c7c-457c-8c9b-61c247012c37,3b703dae-2955-40a1-affa-f94478da505f,2026-07-27 21:47:29.685476
c9d0ad6a-3232-4fee-ba5e-e6308c9bbcdf,598a895e-5a20-48cc-95bd-a52fe5d4bb65,45a0bfd4-cafa-4994-a638-9837ea6ad7d3,AGREEMENT,45a0bfd4-cafa-4994-a638-9837ea6ad7d3,DEBIT,5000.00,TRY,2026-02,OFF_INVOICE,NKA,b39ade6a-ea33-413f-95a0-281c859f32fd,d56891e6-9e49-4fcf-bfd4-00d15e23e4ef,c09030ca-e748-45ab-9ef3-634996a369bd,c5bdbe97-2e69-4630-b59b-c6fdf2b58741,t,,LEDGER|AGREEMENT|45a0bfd4-cafa-4994-a638-9837ea6ad7d3|2e67ae41-d19f-41e6-99aa-a51ebc172872,,3b703dae-2955-40a1-affa-f94478da505f,2026-07-27 21:47:29.720793
eb833d2f-a107-445a-8ce0-b11d56816d61,598a895e-5a20-48cc-95bd-a52fe5d4bb65,45a0bfd4-cafa-4994-a638-9837ea6ad7d3,AGREEMENT,45a0bfd4-cafa-4994-a638-9837ea6ad7d3,CREDIT,5000.00,TRY,2026-02,OFF_INVOICE,NKA,b39ade6a-ea33-413f-95a0-281c859f32fd,d56891e6-9e49-4fcf-bfd4-00d15e23e4ef,c09030ca-e748-45ab-9ef3-634996a369bd,c5bdbe97-2e69-4630-b59b-c6fdf2b58741,f,c9d0ad6a-3232-4fee-ba5e-e6308c9bbcdf,REVERSAL|LEDGER|c9d0ad6a-3232-4fee-ba5e-e6308c9bbcdf,Reversal of ledger entry c9d0ad6a-3232-4fee-ba5e-e6308c9bbcdf,3b703dae-2955-40a1-affa-f94478da505f,2026-07-27 21:47:29.727826
e2a70c6c-eb05-41e6-badb-d37292c84cab,598a895e-5a20-48cc-95bd-a52fe5d4bb65,16b3ce51-f6d6-47b1-9e02-c6ac8382affc,AGREEMENT,16b3ce51-f6d6-47b1-9e02-c6ac8382affc,DEBIT,5000.00,TRY,2026-02,OFF_INVOICE,NKA,b39ade6a-ea33-413f-95a0-281c859f32fd,d56891e6-9e49-4fcf-bfd4-00d15e23e4ef,c09030ca-e748-45ab-9ef3-634996a369bd,c5bdbe97-2e69-4630-b59b-c6fdf2b58741,f,,LEDGER|AGREEMENT|16b3ce51-f6d6-47b1-9e02-c6ac8382affc|5169c0f5-f14d-441e-9046-8b70caa05c9c,,3b703dae-2955-40a1-affa-f94478da505f,2026-07-27 22:12:16.614345
039d0144-6840-49cc-a189-b6f651ac1f60,598a895e-5a20-48cc-95bd-a52fe5d4bb65,1fbbfdf2-bb79-4942-9e12-2cff3ee7254a,AGREEMENT,1fbbfdf2-bb79-4942-9e12-2cff3ee7254a,DEBIT,3000.00,TRY,2026-02,OFF_INVOICE,NKA,b39ade6a-ea33-413f-95a0-281c859f32fd,d56891e6-9e49-4fcf-bfd4-00d15e23e4ef,c09030ca-e748-45ab-9ef3-634996a369bd,c5bdbe97-2e69-4630-b59b-c6fdf2b58741,t,,LEDGER|AGREEMENT|1fbbfdf2-bb79-4942-9e12-2cff3ee7254a|b5395239-4c96-4327-b7a6-93efa2dab7fe,,3b703dae-2955-40a1-affa-f94478da505f,2026-07-27 22:12:16.776941
d9506d24-c0cc-4c6f-914e-f3b8103eba75,598a895e-5a20-48cc-95bd-a52fe5d4bb65,1fbbfdf2-bb79-4942-9e12-2cff3ee7254a,AGREEMENT,1fbbfdf2-bb79-4942-9e12-2cff3ee7254a,CREDIT,3000.00,TRY,2026-02,OFF_INVOICE,NKA,b39ade6a-ea33-413f-95a0-281c859f32fd,d56891e6-9e49-4fcf-bfd4-00d15e23e4ef,c09030ca-e748-45ab-9ef3-634996a369bd,c5bdbe97-2e69-4630-b59b-c6fdf2b58741,f,039d0144-6840-49cc-a189-b6f651ac1f60,REVERSAL|LEDGER|039d0144-6840-49cc-a189-b6f651ac1f60,Reversal of ledger entry 039d0144-6840-49cc-a189-b6f651ac1f60,3b703dae-2955-40a1-affa-f94478da505f,2026-07-27 22:12:16.786403
27de07a5-df3a-4eea-826c-90d7ba4549a2,598a895e-5a20-48cc-95bd-a52fe5d4bb65,58227f58-c5fe-4816-a06c-1fb727bf1130,AGREEMENT,58227f58-c5fe-4816-a06c-1fb727bf1130,DEBIT,5000.00,TRY,2026-02,OFF_INVOICE,NKA,b39ade6a-ea33-413f-95a0-281c859f32fd,d56891e6-9e49-4fcf-bfd4-00d15e23e4ef,c09030ca-e748-45ab-9ef3-634996a369bd,c5bdbe97-2e69-4630-b59b-c6fdf2b58741,f,,LEDGER|AGREEMENT|58227f58-c5fe-4816-a06c-1fb727bf1130|f9c0adc3-1c80-4ddb-8373-89525f9eae70,,3b703dae-2955-40a1-affa-f94478da505f,2026-07-27 22:14:54.650225
66e92ced-9674-4b3e-b44f-3d1fd3d555c3,598a895e-5a20-48cc-95bd-a52fe5d4bb65,07f9eca6-ad3a-4174-8af3-612babefde21,AGREEMENT,07f9eca6-ad3a-4174-8af3-612babefde21,DEBIT,3000.00,TRY,2026-02,OFF_INVOICE,NKA,b39ade6a-ea33-413f-95a0-281c859f32fd,d56891e6-9e49-4fcf-bfd4-00d15e23e4ef,c09030ca-e748-45ab-9ef3-634996a369bd,c5bdbe97-2e69-4630-b59b-c6fdf2b58741,t,,LEDGER|AGREEMENT|07f9eca6-ad3a-4174-8af3-612babefde21|7cf87485-408a-4dd1-a3ef-836d31f7056d,,3b703dae-2955-40a1-affa-f94478da505f,2026-07-27 22:14:54.761393
fcc55a47-99da-4a11-9150-4026ef680227,598a895e-5a20-48cc-95bd-a52fe5d4bb65,07f9eca6-ad3a-4174-8af3-612babefde21,AGREEMENT,07f9eca6-ad3a-4174-8af3-612babefde21,CREDIT,3000.00,TRY,2026-02,OFF_INVOICE,NKA,b39ade6a-ea33-413f-95a0-281c859f32fd,d56891e6-9e49-4fcf-bfd4-00d15e23e4ef,c09030ca-e748-45ab-9ef3-634996a369bd,c5bdbe97-2e69-4630-b59b-c6fdf2b58741,f,66e92ced-9674-4b3e-b44f-3d1fd3d555c3,REVERSAL|LEDGER|66e92ced-9674-4b3e-b44f-3d1fd3d555c3,Reversal of ledger entry 66e92ced-9674-4b3e-b44f-3d1fd3d555c3,3b703dae-2955-40a1-affa-f94478da505f,2026-07-27 22:14:54.769441
00e22471-ef95-47a3-8019-a6778cc1a190,598a895e-5a20-48cc-95bd-a52fe5d4bb65,15bd3c22-ea74-4c16-a91c-c1f1275997d6,AGREEMENT,15bd3c22-ea74-4c16-a91c-c1f1275997d6,DEBIT,5000.00,TRY,2026-02,OFF_INVOICE,NKA,b39ade6a-ea33-413f-95a0-281c859f32fd,d56891e6-9e49-4fcf-bfd4-00d15e23e4ef,c09030ca-e748-45ab-9ef3-634996a369bd,c5bdbe97-2e69-4630-b59b-c6fdf2b58741,f,,LEDGER|AGREEMENT|15bd3c22-ea74-4c16-a91c-c1f1275997d6|7027360d-d179-4a67-942a-ed2b4b44acad,,3b703dae-2955-40a1-affa-f94478da505f,2026-07-27 22:16:15.100614
49ec8746-2dd5-4c29-913e-5a50adf238f0,598a895e-5a20-48cc-95bd-a52fe5d4bb65,e02fed14-6c7b-4106-a371-0a548de7a15d,AGREEMENT,e02fed14-6c7b-4106-a371-0a548de7a15d,DEBIT,3000.00,TRY,2026-02,OFF_INVOICE,NKA,b39ade6a-ea33-413f-95a0-281c859f32fd,d56891e6-9e49-4fcf-bfd4-00d15e23e4ef,c09030ca-e748-45ab-9ef3-634996a369bd,c5bdbe97-2e69-4630-b59b-c6fdf2b58741,t,,LEDGER|AGREEMENT|e02fed14-6c7b-4106-a371-0a548de7a15d|211aea6e-0551-42cc-b6cb-c602054dbabd,,3b703dae-2955-40a1-affa-f94478da505f,2026-07-27 22:16:15.200405
d884c8e3-75d3-4f65-9b13-f5ec066d9253,598a895e-5a20-48cc-95bd-a52fe5d4bb65,e02fed14-6c7b-4106-a371-0a548de7a15d,AGREEMENT,e02fed14-6c7b-4106-a371-0a548de7a15d,CREDIT,3000.00,TRY,2026-02,OFF_INVOICE,NKA,b39ade6a-ea33-413f-95a0-281c859f32fd,d56891e6-9e49-4fcf-bfd4-00d15e23e4ef,c09030ca-e748-45ab-9ef3-634996a369bd,c5bdbe97-2e69-4630-b59b-c6fdf2b58741,f,49ec8746-2dd5-4c29-913e-5a50adf238f0,REVERSAL|LEDGER|49ec8746-2dd5-4c29-913e-5a50adf238f0,Reversal of ledger entry 49ec8746-2dd5-4c29-913e-5a50adf238f0,3b703dae-2955-40a1-affa-f94478da505f,2026-07-27 22:16:15.207915
4c6e6ce3-ccd5-48f4-8283-0c87c8117d32,598a895e-5a20-48cc-95bd-a52fe5d4bb65,307c6984-0a10-4a03-a617-b7fc634e8b2c,AGREEMENT,307c6984-0a10-4a03-a617-b7fc634e8b2c,DEBIT,12000.00,TRY,2026-02,OFF_INVOICE,NKA,b39ade6a-ea33-413f-95a0-281c859f32fd,d56891e6-9e49-4fcf-bfd4-00d15e23e4ef,c09030ca-e748-45ab-9ef3-634996a369bd,c5bdbe97-2e69-4630-b59b-c6fdf2b58741,f,,LEDGER|AGREEMENT|307c6984-0a10-4a03-a617-b7fc634e8b2c|c2a8672d-03a6-4ce6-9aeb-5e10ea9c9728,,3b703dae-2955-40a1-affa-f94478da505f,2026-07-27 22:16:17.107915
c03982f6-a46f-4f79-a450-7e39479b9fd4,598a895e-5a20-48cc-95bd-a52fe5d4bb65,3ab42d0f-76cf-4f4b-923e-bffff84820f6,AGREEMENT,3ab42d0f-76cf-4f4b-923e-bffff84820f6,DEBIT,4000.00,TRY,2026-02,OFF_INVOICE,NKA,b39ade6a-ea33-413f-95a0-281c859f32fd,d56891e6-9e49-4fcf-bfd4-00d15e23e4ef,c09030ca-e748-45ab-9ef3-634996a369bd,c5bdbe97-2e69-4630-b59b-c6fdf2b58741,t,,LEDGER|AGREEMENT|3ab42d0f-76cf-4f4b-923e-bffff84820f6|20ae720f-1b43-47bc-ba8c-46aa60d9c587,,3b703dae-2955-40a1-affa-f94478da505f,2026-07-27 22:16:17.400333
d97425ef-6c5f-46a2-9c14-de520e419678,598a895e-5a20-48cc-95bd-a52fe5d4bb65,3ab42d0f-76cf-4f4b-923e-bffff84820f6,AGREEMENT,3ab42d0f-76cf-4f4b-923e-bffff84820f6,CREDIT,4000.00,TRY,2026-02,OFF_INVOICE,NKA,b39ade6a-ea33-413f-95a0-281c859f32fd,d56891e6-9e49-4fcf-bfd4-00d15e23e4ef,c09030ca-e748-45ab-9ef3-634996a369bd,c5bdbe97-2e69-4630-b59b-c6fdf2b58741,f,c03982f6-a46f-4f79-a450-7e39479b9fd4,REVERSAL|LEDGER|c03982f6-a46f-4f79-a450-7e39479b9fd4,Reversal of ledger entry c03982f6-a46f-4f79-a450-7e39479b9fd4,3b703dae-2955-40a1-affa-f94478da505f,2026-07-27 22:16:17.405779
29554bf4-9836-45cc-aaac-647d8485e941,598a895e-5a20-48cc-95bd-a52fe5d4bb65,45a0bfd4-cafa-4994-a638-9837ea6ad7d3,AGREEMENT,45a0bfd4-cafa-4994-a638-9837ea6ad7d3,DEBIT,5000.00,TRY,2026-02,OFF_INVOICE,NKA,b39ade6a-ea33-413f-95a0-281c859f32fd,d56891e6-9e49-4fcf-bfd4-00d15e23e4ef,c09030ca-e748-45ab-9ef3-634996a369bd,c5bdbe97-2e69-4630-b59b-c6fdf2b58741,t,,LEDGER|AGREEMENT|45a0bfd4-cafa-4994-a638-9837ea6ad7d3|0440124e-e80a-4997-9a29-81793213a47b,,3b703dae-2955-40a1-affa-f94478da505f,2026-07-27 22:16:22.270556
3a1c9fdf-5174-4dcc-b0d5-e4ff34b66a78,598a895e-5a20-48cc-95bd-a52fe5d4bb65,45a0bfd4-cafa-4994-a638-9837ea6ad7d3,AGREEMENT,45a0bfd4-cafa-4994-a638-9837ea6ad7d3,CREDIT,5000.00,TRY,2026-02,OFF_INVOICE,NKA,b39ade6a-ea33-413f-95a0-281c859f32fd,d56891e6-9e49-4fcf-bfd4-00d15e23e4ef,c09030ca-e748-45ab-9ef3-634996a369bd,c5bdbe97-2e69-4630-b59b-c6fdf2b58741,f,29554bf4-9836-45cc-aaac-647d8485e941,REVERSAL|LEDGER|29554bf4-9836-45cc-aaac-647d8485e941,Reversal of ledger entry 29554bf4-9836-45cc-aaac-647d8485e941,3b703dae-2955-40a1-affa-f94478da505f,2026-07-27 22:16:22.276268
e61d91a9-7221-4a94-b134-d64a072c581d,598a895e-5a20-48cc-95bd-a52fe5d4bb65,45a0bfd4-cafa-4994-a638-9837ea6ad7d3,AGREEMENT,45a0bfd4-cafa-4994-a638-9837ea6ad7d3,DEBIT,5000.00,TRY,2026-02,OFF_INVOICE,NKA,b39ade6a-ea33-413f-95a0-281c859f32fd,d56891e6-9e49-4fcf-bfd4-00d15e23e4ef,c09030ca-e748-45ab-9ef3-634996a369bd,c5bdbe97-2e69-4630-b59b-c6fdf2b58741,t,,LEDGER|AGREEMENT|45a0bfd4-cafa-4994-a638-9837ea6ad7d3|8e319380-7ab1-443e-9112-757b8c87773d,,3b703dae-2955-40a1-affa-f94478da505f,2026-07-27 22:16:22.43722
e7a30767-50ed-4c42-86ed-7c639d4615c9,598a895e-5a20-48cc-95bd-a52fe5d4bb65,45a0bfd4-cafa-4994-a638-9837ea6ad7d3,AGREEMENT,45a0bfd4-cafa-4994-a638-9837ea6ad7d3,CREDIT,5000.00,TRY,2026-02,OFF_INVOICE,NKA,b39ade6a-ea33-413f-95a0-281c859f32fd,d56891e6-9e49-4fcf-bfd4-00d15e23e4ef,c09030ca-e748-45ab-9ef3-634996a369bd,c5bdbe97-2e69-4630-b59b-c6fdf2b58741,f,e61d91a9-7221-4a94-b134-d64a072c581d,REVERSAL|LEDGER|e61d91a9-7221-4a94-b134-d64a072c581d,Reversal of ledger entry e61d91a9-7221-4a94-b134-d64a072c581d,0e23990b-31a0-4ac2-be89-a46ebc8200d4,2026-07-27 22:16:22.443454
39d41426-1e4a-4133-8ae0-ebb0151d20a1,598a895e-5a20-48cc-95bd-a52fe5d4bb65,45a0bfd4-cafa-4994-a638-9837ea6ad7d3,AGREEMENT,45a0bfd4-cafa-4994-a638-9837ea6ad7d3,DEBIT,5000.00,TRY,2026-02,OFF_INVOICE,NKA,b39ade6a-ea33-413f-95a0-281c859f32fd,d56891e6-9e49-4fcf-bfd4-00d15e23e4ef,c09030ca-e748-45ab-9ef3-634996a369bd,c5bdbe97-2e69-4630-b59b-c6fdf2b58741,t,,LEDGER|AGREEMENT|45a0bfd4-cafa-4994-a638-9837ea6ad7d3|e5e2e429-0b30-481f-a679-3e755135128f,,3b703dae-2955-40a1-affa-f94478da505f,2026-07-27 22:16:22.479551
377c7673-5e5a-48c9-a256-79fa0206d119,598a895e-5a20-48cc-95bd-a52fe5d4bb65,45a0bfd4-cafa-4994-a638-9837ea6ad7d3,AGREEMENT,45a0bfd4-cafa-4994-a638-9837ea6ad7d3,CREDIT,5000.00,TRY,2026-02,OFF_INVOICE,NKA,b39ade6a-ea33-413f-95a0-281c859f32fd,d56891e6-9e49-4fcf-bfd4-00d15e23e4ef,c09030ca-e748-45ab-9ef3-634996a369bd,c5bdbe97-2e69-4630-b59b-c6fdf2b58741,f,39d41426-1e4a-4133-8ae0-ebb0151d20a1,REVERSAL|LEDGER|39d41426-1e4a-4133-8ae0-ebb0151d20a1,Reversal of ledger entry 39d41426-1e4a-4133-8ae0-ebb0151d20a1,3b703dae-2955-40a1-affa-f94478da505f,2026-07-27 22:16:22.484151
0c2ee7ce-8b6c-4680-b106-6eb453cc4ed1,598a895e-5a20-48cc-95bd-a52fe5d4bb65,45a0bfd4-cafa-4994-a638-9837ea6ad7d3,AGREEMENT,45a0bfd4-cafa-4994-a638-9837ea6ad7d3,DEBIT,5000.00,TRY,2026-02,OFF_INVOICE,NKA,b39ade6a-ea33-413f-95a0-281c859f32fd,d56891e6-9e49-4fcf-bfd4-00d15e23e4ef,c09030ca-e748-45ab-9ef3-634996a369bd,c5bdbe97-2e69-4630-b59b-c6fdf2b58741,t,,LEDGER|AGREEMENT|45a0bfd4-cafa-4994-a638-9837ea6ad7d3|8f6dca0e-5179-4175-adbf-52f7bc373f4e,,3b703dae-2955-40a1-affa-f94478da505f,2026-07-27 22:16:22.520288
213f23ec-3b34-41a2-ba0b-65b6e9652305,598a895e-5a20-48cc-95bd-a52fe5d4bb65,45a0bfd4-cafa-4994-a638-9837ea6ad7d3,AGREEMENT,45a0bfd4-cafa-4994-a638-9837ea6ad7d3,CREDIT,5000.00,TRY,2026-02,OFF_INVOICE,NKA,b39ade6a-ea33-413f-95a0-281c859f32fd,d56891e6-9e49-4fcf-bfd4-00d15e23e4ef,c09030ca-e748-45ab-9ef3-634996a369bd,c5bdbe97-2e69-4630-b59b-c6fdf2b58741,f,0c2ee7ce-8b6c-4680-b106-6eb453cc4ed1,REVERSAL|LEDGER|0c2ee7ce-8b6c-4680-b106-6eb453cc4ed1,Reversal of ledger entry 0c2ee7ce-8b6c-4680-b106-6eb453cc4ed1,3b703dae-2955-40a1-affa-f94478da505f,2026-07-27 22:16:22.528097
aeb43760-f17a-495f-8c8e-87077623ddc0,598a895e-5a20-48cc-95bd-a52fe5d4bb65,95df47c0-a6eb-4235-984f-e17ae9046871,AGREEMENT,95df47c0-a6eb-4235-984f-e17ae9046871,DEBIT,5000.00,TRY,2026-02,OFF_INVOICE,NKA,b39ade6a-ea33-413f-95a0-281c859f32fd,d56891e6-9e49-4fcf-bfd4-00d15e23e4ef,c09030ca-e748-45ab-9ef3-634996a369bd,c5bdbe97-2e69-4630-b59b-c6fdf2b58741,f,,LEDGER|AGREEMENT|95df47c0-a6eb-4235-984f-e17ae9046871|6db7704e-e907-4181-aab1-11da341ad9d3,,3b703dae-2955-40a1-affa-f94478da505f,2026-07-27 22:19:58.290205
c36b968b-e256-4d51-9114-6073d38af919,598a895e-5a20-48cc-95bd-a52fe5d4bb65,347054af-14f1-455e-bbd9-775480996ceb,AGREEMENT,347054af-14f1-455e-bbd9-775480996ceb,DEBIT,3000.00,TRY,2026-02,OFF_INVOICE,NKA,b39ade6a-ea33-413f-95a0-281c859f32fd,d56891e6-9e49-4fcf-bfd4-00d15e23e4ef,c09030ca-e748-45ab-9ef3-634996a369bd,c5bdbe97-2e69-4630-b59b-c6fdf2b58741,t,,LEDGER|AGREEMENT|347054af-14f1-455e-bbd9-775480996ceb|bcb6d9a2-4195-4692-8ea9-c180f1e7da1a,,3b703dae-2955-40a1-affa-f94478da505f,2026-07-27 22:19:58.522035
0c5a53a9-19e1-485f-8be5-79555ef8e62c,598a895e-5a20-48cc-95bd-a52fe5d4bb65,347054af-14f1-455e-bbd9-775480996ceb,AGREEMENT,347054af-14f1-455e-bbd9-775480996ceb,CREDIT,3000.00,TRY,2026-02,OFF_INVOICE,NKA,b39ade6a-ea33-413f-95a0-281c859f32fd,d56891e6-9e49-4fcf-bfd4-00d15e23e4ef,c09030ca-e748-45ab-9ef3-634996a369bd,c5bdbe97-2e69-4630-b59b-c6fdf2b58741,f,c36b968b-e256-4d51-9114-6073d38af919,REVERSAL|LEDGER|c36b968b-e256-4d51-9114-6073d38af919,Reversal of ledger entry c36b968b-e256-4d51-9114-6073d38af919,3b703dae-2955-40a1-affa-f94478da505f,2026-07-27 22:19:58.529927
0d45c4cd-7e08-4a29-8ac3-d634409aba5f,598a895e-5a20-48cc-95bd-a52fe5d4bb65,985cab42-f5d2-4eec-9eb9-900e201304ed,AGREEMENT,985cab42-f5d2-4eec-9eb9-900e201304ed,DEBIT,12000.00,TRY,2026-02,OFF_INVOICE,NKA,b39ade6a-ea33-413f-95a0-281c859f32fd,d56891e6-9e49-4fcf-bfd4-00d15e23e4ef,c09030ca-e748-45ab-9ef3-634996a369bd,c5bdbe97-2e69-4630-b59b-c6fdf2b58741,f,,LEDGER|AGREEMENT|985cab42-f5d2-4eec-9eb9-900e201304ed|3d6d84e3-c6db-4130-ac5e-75b17af0ef81,,3b703dae-2955-40a1-affa-f94478da505f,2026-07-27 22:19:59.830735
83825493-e668-4e22-876c-c6b1d59e7702,598a895e-5a20-48cc-95bd-a52fe5d4bb65,19f063da-6222-4c2c-824a-2156fe7e61b1,AGREEMENT,19f063da-6222-4c2c-824a-2156fe7e61b1,DEBIT,4000.00,TRY,2026-02,OFF_INVOICE,NKA,b39ade6a-ea33-413f-95a0-281c859f32fd,d56891e6-9e49-4fcf-bfd4-00d15e23e4ef,c09030ca-e748-45ab-9ef3-634996a369bd,c5bdbe97-2e69-4630-b59b-c6fdf2b58741,t,,LEDGER|AGREEMENT|19f063da-6222-4c2c-824a-2156fe7e61b1|1781e920-23c6-4fb0-9eec-4c81219a3f6f,,3b703dae-2955-40a1-affa-f94478da505f,2026-07-27 22:20:00.122285
6cf4cfe3-d707-4b00-8a2c-9d11b1cae179,598a895e-5a20-48cc-95bd-a52fe5d4bb65,19f063da-6222-4c2c-824a-2156fe7e61b1,AGREEMENT,19f063da-6222-4c2c-824a-2156fe7e61b1,CREDIT,4000.00,TRY,2026-02,OFF_INVOICE,NKA,b39ade6a-ea33-413f-95a0-281c859f32fd,d56891e6-9e49-4fcf-bfd4-00d15e23e4ef,c09030ca-e748-45ab-9ef3-634996a369bd,c5bdbe97-2e69-4630-b59b-c6fdf2b58741,f,83825493-e668-4e22-876c-c6b1d59e7702,REVERSAL|LEDGER|83825493-e668-4e22-876c-c6b1d59e7702,Reversal of ledger entry 83825493-e668-4e22-876c-c6b1d59e7702,3b703dae-2955-40a1-affa-f94478da505f,2026-07-27 22:20:00.128237
c169f779-33a6-4367-9c84-3afb22dd9f95,598a895e-5a20-48cc-95bd-a52fe5d4bb65,07f9eca6-ad3a-4174-8af3-612babefde21,AGREEMENT,07f9eca6-ad3a-4174-8af3-612babefde21,DEBIT,5000.00,TRY,2026-02,OFF_INVOICE,NKA,b39ade6a-ea33-413f-95a0-281c859f32fd,d56891e6-9e49-4fcf-bfd4-00d15e23e4ef,c09030ca-e748-45ab-9ef3-634996a369bd,c5bdbe97-2e69-4630-b59b-c6fdf2b58741,t,,LEDGER|AGREEMENT|07f9eca6-ad3a-4174-8af3-612babefde21|22c0b138-69a4-4ad7-ad40-20f1b02d5b24,,3b703dae-2955-40a1-affa-f94478da505f,2026-07-27 22:20:02.280803
760fc5f5-5d55-404d-b0be-cf988ebc8341,598a895e-5a20-48cc-95bd-a52fe5d4bb65,07f9eca6-ad3a-4174-8af3-612babefde21,AGREEMENT,07f9eca6-ad3a-4174-8af3-612babefde21,CREDIT,5000.00,TRY,2026-02,OFF_INVOICE,NKA,b39ade6a-ea33-413f-95a0-281c859f32fd,d56891e6-9e49-4fcf-bfd4-00d15e23e4ef,c09030ca-e748-45ab-9ef3-634996a369bd,c5bdbe97-2e69-4630-b59b-c6fdf2b58741,f,c169f779-33a6-4367-9c84-3afb22dd9f95,REVERSAL|LEDGER|c169f779-33a6-4367-9c84-3afb22dd9f95,Reversal of ledger entry c169f779-33a6-4367-9c84-3afb22dd9f95,3b703dae-2955-40a1-affa-f94478da505f,2026-07-27 22:20:02.285738
728a2c15-33af-4ea0-9444-d3313b3a5084,598a895e-5a20-48cc-95bd-a52fe5d4bb65,07f9eca6-ad3a-4174-8af3-612babefde21,AGREEMENT,07f9eca6-ad3a-4174-8af3-612babefde21,DEBIT,5000.00,TRY,2026-02,OFF_INVOICE,NKA,b39ade6a-ea33-413f-95a0-281c859f32fd,d56891e6-9e49-4fcf-bfd4-00d15e23e4ef,c09030ca-e748-45ab-9ef3-634996a369bd,c5bdbe97-2e69-4630-b59b-c6fdf2b58741,t,,LEDGER|AGREEMENT|07f9eca6-ad3a-4174-8af3-612babefde21|dae6403f-d72a-4305-bd8c-3cc3af50b1ea,,3b703dae-2955-40a1-affa-f94478da505f,2026-07-27 22:20:02.433857
7ffcbf0f-561e-4f29-bf87-222bae8d0340,598a895e-5a20-48cc-95bd-a52fe5d4bb65,07f9eca6-ad3a-4174-8af3-612babefde21,AGREEMENT,07f9eca6-ad3a-4174-8af3-612babefde21,CREDIT,5000.00,TRY,2026-02,OFF_INVOICE,NKA,b39ade6a-ea33-413f-95a0-281c859f32fd,d56891e6-9e49-4fcf-bfd4-00d15e23e4ef,c09030ca-e748-45ab-9ef3-634996a369bd,c5bdbe97-2e69-4630-b59b-c6fdf2b58741,f,728a2c15-33af-4ea0-9444-d3313b3a5084,REVERSAL|LEDGER|728a2c15-33af-4ea0-9444-d3313b3a5084,Reversal of ledger entry 728a2c15-33af-4ea0-9444-d3313b3a5084,0e23990b-31a0-4ac2-be89-a46ebc8200d4,2026-07-27 22:20:02.441626
79c9bbc5-60a1-44df-bf7a-45ccbb6d5ba5,598a895e-5a20-48cc-95bd-a52fe5d4bb65,07f9eca6-ad3a-4174-8af3-612babefde21,AGREEMENT,07f9eca6-ad3a-4174-8af3-612babefde21,DEBIT,5000.00,TRY,2026-02,OFF_INVOICE,NKA,b39ade6a-ea33-413f-95a0-281c859f32fd,d56891e6-9e49-4fcf-bfd4-00d15e23e4ef,c09030ca-e748-45ab-9ef3-634996a369bd,c5bdbe97-2e69-4630-b59b-c6fdf2b58741,t,,LEDGER|AGREEMENT|07f9eca6-ad3a-4174-8af3-612babefde21|d2dc18b9-b631-47da-9933-4ffa4715c37d,,3b703dae-2955-40a1-affa-f94478da505f,2026-07-27 22:20:02.48555
306b0dd0-4336-415f-ad39-8ad9cd5c2aad,598a895e-5a20-48cc-95bd-a52fe5d4bb65,07f9eca6-ad3a-4174-8af3-612babefde21,AGREEMENT,07f9eca6-ad3a-4174-8af3-612babefde21,CREDIT,5000.00,TRY,2026-02,OFF_INVOICE,NKA,b39ade6a-ea33-413f-95a0-281c859f32fd,d56891e6-9e49-4fcf-bfd4-00d15e23e4ef,c09030ca-e748-45ab-9ef3-634996a369bd,c5bdbe97-2e69-4630-b59b-c6fdf2b58741,f,79c9bbc5-60a1-44df-bf7a-45ccbb6d5ba5,REVERSAL|LEDGER|79c9bbc5-60a1-44df-bf7a-45ccbb6d5ba5,Reversal of ledger entry 79c9bbc5-60a1-44df-bf7a-45ccbb6d5ba5,3b703dae-2955-40a1-affa-f94478da505f,2026-07-27 22:20:02.489966
23b64405-5d36-4910-a9d8-e415c98a7e8c,598a895e-5a20-48cc-95bd-a52fe5d4bb65,07f9eca6-ad3a-4174-8af3-612babefde21,AGREEMENT,07f9eca6-ad3a-4174-8af3-612babefde21,DEBIT,5000.00,TRY,2026-02,OFF_INVOICE,NKA,b39ade6a-ea33-413f-95a0-281c859f32fd,d56891e6-9e49-4fcf-bfd4-00d15e23e4ef,c09030ca-e748-45ab-9ef3-634996a369bd,c5bdbe97-2e69-4630-b59b-c6fdf2b58741,t,,LEDGER|AGREEMENT|07f9eca6-ad3a-4174-8af3-612babefde21|ca3774e3-8e45-4dbf-998e-86a5a42cfee3,,3b703dae-2955-40a1-affa-f94478da505f,2026-07-27 22:20:02.520419
b64b8975-db0f-4b3c-be77-325782b02cb9,598a895e-5a20-48cc-95bd-a52fe5d4bb65,07f9eca6-ad3a-4174-8af3-612babefde21,AGREEMENT,07f9eca6-ad3a-4174-8af3-612babefde21,CREDIT,5000.00,TRY,2026-02,OFF_INVOICE,NKA,b39ade6a-ea33-413f-95a0-281c859f32fd,d56891e6-9e49-4fcf-bfd4-00d15e23e4ef,c09030ca-e748-45ab-9ef3-634996a369bd,c5bdbe97-2e69-4630-b59b-c6fdf2b58741,f,23b64405-5d36-4910-a9d8-e415c98a7e8c,REVERSAL|LEDGER|23b64405-5d36-4910-a9d8-e415c98a7e8c,Reversal of ledger entry 23b64405-5d36-4910-a9d8-e415c98a7e8c,3b703dae-2955-40a1-affa-f94478da505f,2026-07-27 22:20:02.526974
8f71d65b-b3e3-47b1-aefe-31dc0bc9f043,598a895e-5a20-48cc-95bd-a52fe5d4bb65,15f52457-c8b5-4b09-9388-312afa81b0f2,AGREEMENT,15f52457-c8b5-4b09-9388-312afa81b0f2,DEBIT,5000.00,TRY,2026-02,OFF_INVOICE,NKA,b39ade6a-ea33-413f-95a0-281c859f32fd,d56891e6-9e49-4fcf-bfd4-00d15e23e4ef,c09030ca-e748-45ab-9ef3-634996a369bd,c5bdbe97-2e69-4630-b59b-c6fdf2b58741,f,,LEDGER|AGREEMENT|15f52457-c8b5-4b09-9388-312afa81b0f2|df336b4a-da81-43d8-b415-183e197d8c92,,3b703dae-2955-40a1-affa-f94478da505f,2026-07-28 06:43:00.550301
40325d74-a5d9-4c8d-b69c-dbefc73c91ef,598a895e-5a20-48cc-95bd-a52fe5d4bb65,f65acb87-5f48-49f1-9b09-ddbcac94588f,AGREEMENT,f65acb87-5f48-49f1-9b09-ddbcac94588f,DEBIT,3000.00,TRY,2026-02,OFF_INVOICE,NKA,b39ade6a-ea33-413f-95a0-281c859f32fd,d56891e6-9e49-4fcf-bfd4-00d15e23e4ef,c09030ca-e748-45ab-9ef3-634996a369bd,c5bdbe97-2e69-4630-b59b-c6fdf2b58741,t,,LEDGER|AGREEMENT|f65acb87-5f48-49f1-9b09-ddbcac94588f|fa4e3b67-6e70-4847-9ca4-d38a1bda517c,,3b703dae-2955-40a1-affa-f94478da505f,2026-07-28 06:43:00.720709
38fdfdbe-c453-4edc-b3d9-533e94eb00a6,598a895e-5a20-48cc-95bd-a52fe5d4bb65,f65acb87-5f48-49f1-9b09-ddbcac94588f,AGREEMENT,f65acb87-5f48-49f1-9b09-ddbcac94588f,CREDIT,3000.00,TRY,2026-02,OFF_INVOICE,NKA,b39ade6a-ea33-413f-95a0-281c859f32fd,d56891e6-9e49-4fcf-bfd4-00d15e23e4ef,c09030ca-e748-45ab-9ef3-634996a369bd,c5bdbe97-2e69-4630-b59b-c6fdf2b58741,f,40325d74-a5d9-4c8d-b69c-dbefc73c91ef,REVERSAL|LEDGER|40325d74-a5d9-4c8d-b69c-dbefc73c91ef,Reversal of ledger entry 40325d74-a5d9-4c8d-b69c-dbefc73c91ef,3b703dae-2955-40a1-affa-f94478da505f,2026-07-28 06:43:00.733059
807450b1-0358-43e3-ac77-e896e3839d26,598a895e-5a20-48cc-95bd-a52fe5d4bb65,47f61427-d07d-4758-ae41-61008bd87d47,AGREEMENT,47f61427-d07d-4758-ae41-61008bd87d47,DEBIT,12000.00,TRY,2026-02,OFF_INVOICE,NKA,b39ade6a-ea33-413f-95a0-281c859f32fd,d56891e6-9e49-4fcf-bfd4-00d15e23e4ef,c09030ca-e748-45ab-9ef3-634996a369bd,c5bdbe97-2e69-4630-b59b-c6fdf2b58741,f,,LEDGER|AGREEMENT|47f61427-d07d-4758-ae41-61008bd87d47|dbb913a5-fe80-4ca1-a381-8ea0ac5acef5,,3b703dae-2955-40a1-affa-f94478da505f,2026-07-28 06:43:02.872565
e610c834-1a61-4059-aaa3-3c72185fc544,598a895e-5a20-48cc-95bd-a52fe5d4bb65,59a52e4e-9708-4212-a0df-a048921cd852,AGREEMENT,59a52e4e-9708-4212-a0df-a048921cd852,DEBIT,4000.00,TRY,2026-02,OFF_INVOICE,NKA,b39ade6a-ea33-413f-95a0-281c859f32fd,d56891e6-9e49-4fcf-bfd4-00d15e23e4ef,c09030ca-e748-45ab-9ef3-634996a369bd,c5bdbe97-2e69-4630-b59b-c6fdf2b58741,t,,LEDGER|AGREEMENT|59a52e4e-9708-4212-a0df-a048921cd852|009781dd-5aba-4c26-b7e4-2b4c91522149,,3b703dae-2955-40a1-affa-f94478da505f,2026-07-28 06:43:03.210173
3341525a-972f-44de-84a2-313cd8c3ec36,598a895e-5a20-48cc-95bd-a52fe5d4bb65,59a52e4e-9708-4212-a0df-a048921cd852,AGREEMENT,59a52e4e-9708-4212-a0df-a048921cd852,CREDIT,4000.00,TRY,2026-02,OFF_INVOICE,NKA,b39ade6a-ea33-413f-95a0-281c859f32fd,d56891e6-9e49-4fcf-bfd4-00d15e23e4ef,c09030ca-e748-45ab-9ef3-634996a369bd,c5bdbe97-2e69-4630-b59b-c6fdf2b58741,f,e610c834-1a61-4059-aaa3-3c72185fc544,REVERSAL|LEDGER|e610c834-1a61-4059-aaa3-3c72185fc544,Reversal of ledger entry e610c834-1a61-4059-aaa3-3c72185fc544,3b703dae-2955-40a1-affa-f94478da505f,2026-07-28 06:43:03.215806
a0f46d97-6286-486a-9f8c-acfed0f1198b,598a895e-5a20-48cc-95bd-a52fe5d4bb65,45a0bfd4-cafa-4994-a638-9837ea6ad7d3,AGREEMENT,45a0bfd4-cafa-4994-a638-9837ea6ad7d3,DEBIT,5000.00,TRY,2026-02,OFF_INVOICE,NKA,b39ade6a-ea33-413f-95a0-281c859f32fd,d56891e6-9e49-4fcf-bfd4-00d15e23e4ef,c09030ca-e748-45ab-9ef3-634996a369bd,c5bdbe97-2e69-4630-b59b-c6fdf2b58741,t,,LEDGER|AGREEMENT|45a0bfd4-cafa-4994-a638-9837ea6ad7d3|a097d1e1-e6c5-4852-81db-454023ddf30b,,3b703dae-2955-40a1-affa-f94478da505f,2026-07-28 06:43:08.16416
fa74187a-052b-439d-83f2-fc9c886efe91,598a895e-5a20-48cc-95bd-a52fe5d4bb65,45a0bfd4-cafa-4994-a638-9837ea6ad7d3,AGREEMENT,45a0bfd4-cafa-4994-a638-9837ea6ad7d3,CREDIT,5000.00,TRY,2026-02,OFF_INVOICE,NKA,b39ade6a-ea33-413f-95a0-281c859f32fd,d56891e6-9e49-4fcf-bfd4-00d15e23e4ef,c09030ca-e748-45ab-9ef3-634996a369bd,c5bdbe97-2e69-4630-b59b-c6fdf2b58741,f,a0f46d97-6286-486a-9f8c-acfed0f1198b,REVERSAL|LEDGER|a0f46d97-6286-486a-9f8c-acfed0f1198b,Reversal of ledger entry a0f46d97-6286-486a-9f8c-acfed0f1198b,3b703dae-2955-40a1-affa-f94478da505f,2026-07-28 06:43:08.171562
a8479cc9-c24b-4263-8af9-31bec7577e58,598a895e-5a20-48cc-95bd-a52fe5d4bb65,45a0bfd4-cafa-4994-a638-9837ea6ad7d3,AGREEMENT,45a0bfd4-cafa-4994-a638-9837ea6ad7d3,DEBIT,5000.00,TRY,2026-02,OFF_INVOICE,NKA,b39ade6a-ea33-413f-95a0-281c859f32fd,d56891e6-9e49-4fcf-bfd4-00d15e23e4ef,c09030ca-e748-45ab-9ef3-634996a369bd,c5bdbe97-2e69-4630-b59b-c6fdf2b58741,t,,LEDGER|AGREEMENT|45a0bfd4-cafa-4994-a638-9837ea6ad7d3|8663ea63-f42b-4309-99b7-331901f74c90,,3b703dae-2955-40a1-affa-f94478da505f,2026-07-28 06:43:08.326679
203c62aa-8d03-4c55-ac4b-5fad08ec5d67,598a895e-5a20-48cc-95bd-a52fe5d4bb65,45a0bfd4-cafa-4994-a638-9837ea6ad7d3,AGREEMENT,45a0bfd4-cafa-4994-a638-9837ea6ad7d3,CREDIT,5000.00,TRY,2026-02,OFF_INVOICE,NKA,b39ade6a-ea33-413f-95a0-281c859f32fd,d56891e6-9e49-4fcf-bfd4-00d15e23e4ef,c09030ca-e748-45ab-9ef3-634996a369bd,c5bdbe97-2e69-4630-b59b-c6fdf2b58741,f,a8479cc9-c24b-4263-8af9-31bec7577e58,REVERSAL|LEDGER|a8479cc9-c24b-4263-8af9-31bec7577e58,Reversal of ledger entry a8479cc9-c24b-4263-8af9-31bec7577e58,0e23990b-31a0-4ac2-be89-a46ebc8200d4,2026-07-28 06:43:08.331855
c600cb13-c1bf-4c78-8869-91e5dd5fd870,598a895e-5a20-48cc-95bd-a52fe5d4bb65,45a0bfd4-cafa-4994-a638-9837ea6ad7d3,AGREEMENT,45a0bfd4-cafa-4994-a638-9837ea6ad7d3,DEBIT,5000.00,TRY,2026-02,OFF_INVOICE,NKA,b39ade6a-ea33-413f-95a0-281c859f32fd,d56891e6-9e49-4fcf-bfd4-00d15e23e4ef,c09030ca-e748-45ab-9ef3-634996a369bd,c5bdbe97-2e69-4630-b59b-c6fdf2b58741,t,,LEDGER|AGREEMENT|45a0bfd4-cafa-4994-a638-9837ea6ad7d3|f491e0bd-e1c6-4986-a32c-d7aacf4de436,,3b703dae-2955-40a1-affa-f94478da505f,2026-07-28 06:43:08.360013
bfcb6e42-0d2a-4ce6-8a1f-70c9ddff3407,598a895e-5a20-48cc-95bd-a52fe5d4bb65,45a0bfd4-cafa-4994-a638-9837ea6ad7d3,AGREEMENT,45a0bfd4-cafa-4994-a638-9837ea6ad7d3,CREDIT,5000.00,TRY,2026-02,OFF_INVOICE,NKA,b39ade6a-ea33-413f-95a0-281c859f32fd,d56891e6-9e49-4fcf-bfd4-00d15e23e4ef,c09030ca-e748-45ab-9ef3-634996a369bd,c5bdbe97-2e69-4630-b59b-c6fdf2b58741,f,c600cb13-c1bf-4c78-8869-91e5dd5fd870,REVERSAL|LEDGER|c600cb13-c1bf-4c78-8869-91e5dd5fd870,Reversal of ledger entry c600cb13-c1bf-4c78-8869-91e5dd5fd870,3b703dae-2955-40a1-affa-f94478da505f,2026-07-28 06:43:08.363969
1157960a-853e-481c-ad9d-f21efe198234,598a895e-5a20-48cc-95bd-a52fe5d4bb65,45a0bfd4-cafa-4994-a638-9837ea6ad7d3,AGREEMENT,45a0bfd4-cafa-4994-a638-9837ea6ad7d3,DEBIT,5000.00,TRY,2026-02,OFF_INVOICE,NKA,b39ade6a-ea33-413f-95a0-281c859f32fd,d56891e6-9e49-4fcf-bfd4-00d15e23e4ef,c09030ca-e748-45ab-9ef3-634996a369bd,c5bdbe97-2e69-4630-b59b-c6fdf2b58741,t,,LEDGER|AGREEMENT|45a0bfd4-cafa-4994-a638-9837ea6ad7d3|c6feb3b0-e08f-4187-ac1f-f66327e05475,,3b703dae-2955-40a1-affa-f94478da505f,2026-07-28 06:43:08.45194
9e015725-482c-4bd9-94f8-cf81cc8f043e,598a895e-5a20-48cc-95bd-a52fe5d4bb65,45a0bfd4-cafa-4994-a638-9837ea6ad7d3,AGREEMENT,45a0bfd4-cafa-4994-a638-9837ea6ad7d3,CREDIT,5000.00,TRY,2026-02,OFF_INVOICE,NKA,b39ade6a-ea33-413f-95a0-281c859f32fd,d56891e6-9e49-4fcf-bfd4-00d15e23e4ef,c09030ca-e748-45ab-9ef3-634996a369bd,c5bdbe97-2e69-4630-b59b-c6fdf2b58741,f,1157960a-853e-481c-ad9d-f21efe198234,REVERSAL|LEDGER|1157960a-853e-481c-ad9d-f21efe198234,Reversal of ledger entry 1157960a-853e-481c-ad9d-f21efe198234,3b703dae-2955-40a1-affa-f94478da505f,2026-07-28 06:43:08.50159
8518f352-d02e-46a4-ba95-7f468cfa4005,598a895e-5a20-48cc-95bd-a52fe5d4bb65,ef3a28fd-4723-4868-83ed-2c0ae984ed62,AGREEMENT,ef3a28fd-4723-4868-83ed-2c0ae984ed62,DEBIT,5000.00,TRY,2026-02,OFF_INVOICE,NKA,b39ade6a-ea33-413f-95a0-281c859f32fd,d56891e6-9e49-4fcf-bfd4-00d15e23e4ef,c09030ca-e748-45ab-9ef3-634996a369bd,c5bdbe97-2e69-4630-b59b-c6fdf2b58741,f,,LEDGER|AGREEMENT|ef3a28fd-4723-4868-83ed-2c0ae984ed62|a6c72d23-97b0-4ab2-85c1-9f2b959b8ea5,,3b703dae-2955-40a1-affa-f94478da505f,2026-07-28 06:45:42.879883
095bf930-e9e3-4f64-9604-30c44056f51b,598a895e-5a20-48cc-95bd-a52fe5d4bb65,d5fb48da-feb8-4ce2-a8b9-ab62e2c69912,AGREEMENT,d5fb48da-feb8-4ce2-a8b9-ab62e2c69912,DEBIT,3000.00,TRY,2026-02,OFF_INVOICE,NKA,b39ade6a-ea33-413f-95a0-281c859f32fd,d56891e6-9e49-4fcf-bfd4-00d15e23e4ef,c09030ca-e748-45ab-9ef3-634996a369bd,c5bdbe97-2e69-4630-b59b-c6fdf2b58741,t,,LEDGER|AGREEMENT|d5fb48da-feb8-4ce2-a8b9-ab62e2c69912|f8cbdd4e-cac9-4959-8253-e08186976ad7,,3b703dae-2955-40a1-affa-f94478da505f,2026-07-28 06:45:43.07218
5ae6b8b9-af04-418b-b13d-aaad337e91fa,598a895e-5a20-48cc-95bd-a52fe5d4bb65,d5fb48da-feb8-4ce2-a8b9-ab62e2c69912,AGREEMENT,d5fb48da-feb8-4ce2-a8b9-ab62e2c69912,CREDIT,3000.00,TRY,2026-02,OFF_INVOICE,NKA,b39ade6a-ea33-413f-95a0-281c859f32fd,d56891e6-9e49-4fcf-bfd4-00d15e23e4ef,c09030ca-e748-45ab-9ef3-634996a369bd,c5bdbe97-2e69-4630-b59b-c6fdf2b58741,f,095bf930-e9e3-4f64-9604-30c44056f51b,REVERSAL|LEDGER|095bf930-e9e3-4f64-9604-30c44056f51b,Reversal of ledger entry 095bf930-e9e3-4f64-9604-30c44056f51b,3b703dae-2955-40a1-affa-f94478da505f,2026-07-28 06:45:43.083134
504af967-06df-40dc-affd-de5f01cc3d79,598a895e-5a20-48cc-95bd-a52fe5d4bb65,df5e04c1-eebc-4338-885b-7a430df42777,AGREEMENT,df5e04c1-eebc-4338-885b-7a430df42777,DEBIT,12000.00,TRY,2026-02,OFF_INVOICE,NKA,b39ade6a-ea33-413f-95a0-281c859f32fd,d56891e6-9e49-4fcf-bfd4-00d15e23e4ef,c09030ca-e748-45ab-9ef3-634996a369bd,c5bdbe97-2e69-4630-b59b-c6fdf2b58741,f,,LEDGER|AGREEMENT|df5e04c1-eebc-4338-885b-7a430df42777|73805342-9c61-4704-abc6-5822729f209c,,3b703dae-2955-40a1-affa-f94478da505f,2026-07-28 06:45:53.359131
e5af5e81-29d4-4f35-a340-f8ceb5e46396,598a895e-5a20-48cc-95bd-a52fe5d4bb65,6deeab74-c922-4497-aac7-2186e916ab14,AGREEMENT,6deeab74-c922-4497-aac7-2186e916ab14,DEBIT,4000.00,TRY,2026-02,OFF_INVOICE,NKA,b39ade6a-ea33-413f-95a0-281c859f32fd,d56891e6-9e49-4fcf-bfd4-00d15e23e4ef,c09030ca-e748-45ab-9ef3-634996a369bd,c5bdbe97-2e69-4630-b59b-c6fdf2b58741,t,,LEDGER|AGREEMENT|6deeab74-c922-4497-aac7-2186e916ab14|779bdccf-8882-4f4c-9f1d-abfbe18bbc72,,3b703dae-2955-40a1-affa-f94478da505f,2026-07-28 06:45:54.978256
afa1d68e-95bc-4bb8-ad55-b01806251544,598a895e-5a20-48cc-95bd-a52fe5d4bb65,6deeab74-c922-4497-aac7-2186e916ab14,AGREEMENT,6deeab74-c922-4497-aac7-2186e916ab14,CREDIT,4000.00,TRY,2026-02,OFF_INVOICE,NKA,b39ade6a-ea33-413f-95a0-281c859f32fd,d56891e6-9e49-4fcf-bfd4-00d15e23e4ef,c09030ca-e748-45ab-9ef3-634996a369bd,c5bdbe97-2e69-4630-b59b-c6fdf2b58741,f,e5af5e81-29d4-4f35-a340-f8ceb5e46396,REVERSAL|LEDGER|e5af5e81-29d4-4f35-a340-f8ceb5e46396,Reversal of ledger entry e5af5e81-29d4-4f35-a340-f8ceb5e46396,3b703dae-2955-40a1-affa-f94478da505f,2026-07-28 06:45:54.996747
38806f4f-8d4f-4efd-a83b-71b11c9a72aa,598a895e-5a20-48cc-95bd-a52fe5d4bb65,45a0bfd4-cafa-4994-a638-9837ea6ad7d3,AGREEMENT,45a0bfd4-cafa-4994-a638-9837ea6ad7d3,DEBIT,5000.00,TRY,2026-02,OFF_INVOICE,NKA,b39ade6a-ea33-413f-95a0-281c859f32fd,d56891e6-9e49-4fcf-bfd4-00d15e23e4ef,c09030ca-e748-45ab-9ef3-634996a369bd,c5bdbe97-2e69-4630-b59b-c6fdf2b58741,t,,LEDGER|AGREEMENT|45a0bfd4-cafa-4994-a638-9837ea6ad7d3|dce00c95-3472-4775-b605-ce9c59a2a573,,3b703dae-2955-40a1-affa-f94478da505f,2026-07-28 06:46:04.719146
b5506c32-f4a5-4ce9-a99c-ad1966dd1894,598a895e-5a20-48cc-95bd-a52fe5d4bb65,45a0bfd4-cafa-4994-a638-9837ea6ad7d3,AGREEMENT,45a0bfd4-cafa-4994-a638-9837ea6ad7d3,CREDIT,5000.00,TRY,2026-02,OFF_INVOICE,NKA,b39ade6a-ea33-413f-95a0-281c859f32fd,d56891e6-9e49-4fcf-bfd4-00d15e23e4ef,c09030ca-e748-45ab-9ef3-634996a369bd,c5bdbe97-2e69-4630-b59b-c6fdf2b58741,f,38806f4f-8d4f-4efd-a83b-71b11c9a72aa,REVERSAL|LEDGER|38806f4f-8d4f-4efd-a83b-71b11c9a72aa,Reversal of ledger entry 38806f4f-8d4f-4efd-a83b-71b11c9a72aa,3b703dae-2955-40a1-affa-f94478da505f,2026-07-28 06:46:04.750811
71b76f3d-f8e4-4f55-91ef-1fb3fbfbcb3e,598a895e-5a20-48cc-95bd-a52fe5d4bb65,45a0bfd4-cafa-4994-a638-9837ea6ad7d3,AGREEMENT,45a0bfd4-cafa-4994-a638-9837ea6ad7d3,DEBIT,5000.00,TRY,2026-02,OFF_INVOICE,NKA,b39ade6a-ea33-413f-95a0-281c859f32fd,d56891e6-9e49-4fcf-bfd4-00d15e23e4ef,c09030ca-e748-45ab-9ef3-634996a369bd,c5bdbe97-2e69-4630-b59b-c6fdf2b58741,t,,LEDGER|AGREEMENT|45a0bfd4-cafa-4994-a638-9837ea6ad7d3|d38be452-24d1-48d4-ab9e-bf664a560c31,,3b703dae-2955-40a1-affa-f94478da505f,2026-07-28 06:46:05.455788
6e944d90-3659-4192-b4fd-3b3c2fc73c50,598a895e-5a20-48cc-95bd-a52fe5d4bb65,45a0bfd4-cafa-4994-a638-9837ea6ad7d3,AGREEMENT,45a0bfd4-cafa-4994-a638-9837ea6ad7d3,CREDIT,5000.00,TRY,2026-02,OFF_INVOICE,NKA,b39ade6a-ea33-413f-95a0-281c859f32fd,d56891e6-9e49-4fcf-bfd4-00d15e23e4ef,c09030ca-e748-45ab-9ef3-634996a369bd,c5bdbe97-2e69-4630-b59b-c6fdf2b58741,f,71b76f3d-f8e4-4f55-91ef-1fb3fbfbcb3e,REVERSAL|LEDGER|71b76f3d-f8e4-4f55-91ef-1fb3fbfbcb3e,Reversal of ledger entry 71b76f3d-f8e4-4f55-91ef-1fb3fbfbcb3e,0e23990b-31a0-4ac2-be89-a46ebc8200d4,2026-07-28 06:46:05.516994
7005b80c-d950-4974-93dc-703915780304,598a895e-5a20-48cc-95bd-a52fe5d4bb65,45a0bfd4-cafa-4994-a638-9837ea6ad7d3,AGREEMENT,45a0bfd4-cafa-4994-a638-9837ea6ad7d3,DEBIT,5000.00,TRY,2026-02,OFF_INVOICE,NKA,b39ade6a-ea33-413f-95a0-281c859f32fd,d56891e6-9e49-4fcf-bfd4-00d15e23e4ef,c09030ca-e748-45ab-9ef3-634996a369bd,c5bdbe97-2e69-4630-b59b-c6fdf2b58741,t,,LEDGER|AGREEMENT|45a0bfd4-cafa-4994-a638-9837ea6ad7d3|3fcef4c5-70c2-4f49-898e-903b270be22d,,3b703dae-2955-40a1-affa-f94478da505f,2026-07-28 06:46:05.66425
d5a92f38-0cd4-46ed-8e78-6c7fb6aac412,598a895e-5a20-48cc-95bd-a52fe5d4bb65,45a0bfd4-cafa-4994-a638-9837ea6ad7d3,AGREEMENT,45a0bfd4-cafa-4994-a638-9837ea6ad7d3,CREDIT,5000.00,TRY,2026-02,OFF_INVOICE,NKA,b39ade6a-ea33-413f-95a0-281c859f32fd,d56891e6-9e49-4fcf-bfd4-00d15e23e4ef,c09030ca-e748-45ab-9ef3-634996a369bd,c5bdbe97-2e69-4630-b59b-c6fdf2b58741,f,7005b80c-d950-4974-93dc-703915780304,REVERSAL|LEDGER|7005b80c-d950-4974-93dc-703915780304,Reversal of ledger entry 7005b80c-d950-4974-93dc-703915780304,3b703dae-2955-40a1-affa-f94478da505f,2026-07-28 06:46:05.674859
c76dc1a3-752c-4f00-a95a-d8c9c1295745,598a895e-5a20-48cc-95bd-a52fe5d4bb65,45a0bfd4-cafa-4994-a638-9837ea6ad7d3,AGREEMENT,45a0bfd4-cafa-4994-a638-9837ea6ad7d3,DEBIT,5000.00,TRY,2026-02,OFF_INVOICE,NKA,b39ade6a-ea33-413f-95a0-281c859f32fd,d56891e6-9e49-4fcf-bfd4-00d15e23e4ef,c09030ca-e748-45ab-9ef3-634996a369bd,c5bdbe97-2e69-4630-b59b-c6fdf2b58741,t,,LEDGER|AGREEMENT|45a0bfd4-cafa-4994-a638-9837ea6ad7d3|f0a408d8-11a8-4ffb-95da-c61bd1422f61,,3b703dae-2955-40a1-affa-f94478da505f,2026-07-28 06:46:05.894493
3b9109c4-a76f-40de-bf1f-abc4b2a084da,598a895e-5a20-48cc-95bd-a52fe5d4bb65,45a0bfd4-cafa-4994-a638-9837ea6ad7d3,AGREEMENT,45a0bfd4-cafa-4994-a638-9837ea6ad7d3,CREDIT,5000.00,TRY,2026-02,OFF_INVOICE,NKA,b39ade6a-ea33-413f-95a0-281c859f32fd,d56891e6-9e49-4fcf-bfd4-00d15e23e4ef,c09030ca-e748-45ab-9ef3-634996a369bd,c5bdbe97-2e69-4630-b59b-c6fdf2b58741,f,c76dc1a3-752c-4f00-a95a-d8c9c1295745,REVERSAL|LEDGER|c76dc1a3-752c-4f00-a95a-d8c9c1295745,Reversal of ledger entry c76dc1a3-752c-4f00-a95a-d8c9c1295745,3b703dae-2955-40a1-affa-f94478da505f,2026-07-28 06:46:05.9632
fb4f2fca-b24b-4f19-92c9-2cc6c2b305e5,598a895e-5a20-48cc-95bd-a52fe5d4bb65,ccc14a2a-e3cc-4612-9182-f76a5863b64d,AGREEMENT,ccc14a2a-e3cc-4612-9182-f76a5863b64d,DEBIT,5000.00,TRY,2026-02,OFF_INVOICE,NKA,b39ade6a-ea33-413f-95a0-281c859f32fd,d56891e6-9e49-4fcf-bfd4-00d15e23e4ef,c09030ca-e748-45ab-9ef3-634996a369bd,c5bdbe97-2e69-4630-b59b-c6fdf2b58741,f,,LEDGER|AGREEMENT|ccc14a2a-e3cc-4612-9182-f76a5863b64d|d2c848ec-0830-41da-8ece-fea511241419,,3b703dae-2955-40a1-affa-f94478da505f,2026-07-28 06:48:56.33195
0a5b8ecc-89ef-412f-ae15-982820be885e,598a895e-5a20-48cc-95bd-a52fe5d4bb65,df0215ee-b5bc-43b1-8189-d51dec5e750d,AGREEMENT,df0215ee-b5bc-43b1-8189-d51dec5e750d,DEBIT,3000.00,TRY,2026-02,OFF_INVOICE,NKA,b39ade6a-ea33-413f-95a0-281c859f32fd,d56891e6-9e49-4fcf-bfd4-00d15e23e4ef,c09030ca-e748-45ab-9ef3-634996a369bd,c5bdbe97-2e69-4630-b59b-c6fdf2b58741,t,,LEDGER|AGREEMENT|df0215ee-b5bc-43b1-8189-d51dec5e750d|a501383b-3299-4a91-a3a1-f3e68232fc29,,3b703dae-2955-40a1-affa-f94478da505f,2026-07-28 06:48:56.538147
2d048f0d-55b8-4b19-9d8b-b610e69b9c63,598a895e-5a20-48cc-95bd-a52fe5d4bb65,df0215ee-b5bc-43b1-8189-d51dec5e750d,AGREEMENT,df0215ee-b5bc-43b1-8189-d51dec5e750d,CREDIT,3000.00,TRY,2026-02,OFF_INVOICE,NKA,b39ade6a-ea33-413f-95a0-281c859f32fd,d56891e6-9e49-4fcf-bfd4-00d15e23e4ef,c09030ca-e748-45ab-9ef3-634996a369bd,c5bdbe97-2e69-4630-b59b-c6fdf2b58741,f,0a5b8ecc-89ef-412f-ae15-982820be885e,REVERSAL|LEDGER|0a5b8ecc-89ef-412f-ae15-982820be885e,Reversal of ledger entry 0a5b8ecc-89ef-412f-ae15-982820be885e,3b703dae-2955-40a1-affa-f94478da505f,2026-07-28 06:48:56.550855
663f442c-f6b0-4e41-9092-0a0db785b67c,598a895e-5a20-48cc-95bd-a52fe5d4bb65,91a43b4b-40b4-473b-8028-97313ef74007,AGREEMENT,91a43b4b-40b4-473b-8028-97313ef74007,DEBIT,5000.00,TRY,2026-02,OFF_INVOICE,NKA,b39ade6a-ea33-413f-95a0-281c859f32fd,d56891e6-9e49-4fcf-bfd4-00d15e23e4ef,c09030ca-e748-45ab-9ef3-634996a369bd,c5bdbe97-2e69-4630-b59b-c6fdf2b58741,f,,LEDGER|AGREEMENT|91a43b4b-40b4-473b-8028-97313ef74007|aa672cca-c3aa-40bc-91e4-4bed7c72becf,,3b703dae-2955-40a1-affa-f94478da505f,2026-07-28 06:50:26.111137
e483a6de-256a-4853-b3b9-fe2d78f2dc21,598a895e-5a20-48cc-95bd-a52fe5d4bb65,1e4c1ac2-7df2-4ca1-8999-75039a91097f,AGREEMENT,1e4c1ac2-7df2-4ca1-8999-75039a91097f,DEBIT,3000.00,TRY,2026-02,OFF_INVOICE,NKA,b39ade6a-ea33-413f-95a0-281c859f32fd,d56891e6-9e49-4fcf-bfd4-00d15e23e4ef,c09030ca-e748-45ab-9ef3-634996a369bd,c5bdbe97-2e69-4630-b59b-c6fdf2b58741,t,,LEDGER|AGREEMENT|1e4c1ac2-7df2-4ca1-8999-75039a91097f|126120f8-577d-4ef0-b559-f4abd44c544c,,3b703dae-2955-40a1-affa-f94478da505f,2026-07-28 06:50:26.292707
bac405d5-26af-4ad9-82b6-28ccbc143833,598a895e-5a20-48cc-95bd-a52fe5d4bb65,1e4c1ac2-7df2-4ca1-8999-75039a91097f,AGREEMENT,1e4c1ac2-7df2-4ca1-8999-75039a91097f,CREDIT,3000.00,TRY,2026-02,OFF_INVOICE,NKA,b39ade6a-ea33-413f-95a0-281c859f32fd,d56891e6-9e49-4fcf-bfd4-00d15e23e4ef,c09030ca-e748-45ab-9ef3-634996a369bd,c5bdbe97-2e69-4630-b59b-c6fdf2b58741,f,e483a6de-256a-4853-b3b9-fe2d78f2dc21,REVERSAL|LEDGER|e483a6de-256a-4853-b3b9-fe2d78f2dc21,Reversal of ledger entry e483a6de-256a-4853-b3b9-fe2d78f2dc21,3b703dae-2955-40a1-affa-f94478da505f,2026-07-28 06:50:26.301785
068a06cd-af7d-4381-b650-0b4d7c726533,598a895e-5a20-48cc-95bd-a52fe5d4bb65,85806d07-1b76-445c-b3b0-9c8028bc99a0,AGREEMENT,85806d07-1b76-445c-b3b0-9c8028bc99a0,DEBIT,12000.00,TRY,2026-02,OFF_INVOICE,NKA,b39ade6a-ea33-413f-95a0-281c859f32fd,d56891e6-9e49-4fcf-bfd4-00d15e23e4ef,c09030ca-e748-45ab-9ef3-634996a369bd,c5bdbe97-2e69-4630-b59b-c6fdf2b58741,f,,LEDGER|AGREEMENT|85806d07-1b76-445c-b3b0-9c8028bc99a0|b5fdad12-4296-4c52-9690-ff7d20e0b21e,,3b703dae-2955-40a1-affa-f94478da505f,2026-07-28 06:51:37.384342
36a5cfcb-9ced-460d-8853-f78494864cc3,598a895e-5a20-48cc-95bd-a52fe5d4bb65,1969fc90-9ea6-40b3-a737-4a22eb8c4733,AGREEMENT,1969fc90-9ea6-40b3-a737-4a22eb8c4733,DEBIT,4000.00,TRY,2026-02,OFF_INVOICE,NKA,b39ade6a-ea33-413f-95a0-281c859f32fd,d56891e6-9e49-4fcf-bfd4-00d15e23e4ef,c09030ca-e748-45ab-9ef3-634996a369bd,c5bdbe97-2e69-4630-b59b-c6fdf2b58741,t,,LEDGER|AGREEMENT|1969fc90-9ea6-40b3-a737-4a22eb8c4733|960aa636-9232-4f42-ae29-ac451c492ed3,,3b703dae-2955-40a1-affa-f94478da505f,2026-07-28 06:51:37.790637
cd0b2557-3c62-4dba-9720-12eddec86c4e,598a895e-5a20-48cc-95bd-a52fe5d4bb65,1969fc90-9ea6-40b3-a737-4a22eb8c4733,AGREEMENT,1969fc90-9ea6-40b3-a737-4a22eb8c4733,CREDIT,4000.00,TRY,2026-02,OFF_INVOICE,NKA,b39ade6a-ea33-413f-95a0-281c859f32fd,d56891e6-9e49-4fcf-bfd4-00d15e23e4ef,c09030ca-e748-45ab-9ef3-634996a369bd,c5bdbe97-2e69-4630-b59b-c6fdf2b58741,f,36a5cfcb-9ced-460d-8853-f78494864cc3,REVERSAL|LEDGER|36a5cfcb-9ced-460d-8853-f78494864cc3,Reversal of ledger entry 36a5cfcb-9ced-460d-8853-f78494864cc3,3b703dae-2955-40a1-affa-f94478da505f,2026-07-28 06:51:37.79692
74d16e05-282a-42c6-99eb-56b778ebc3fb,598a895e-5a20-48cc-95bd-a52fe5d4bb65,75026319-120f-471c-8ffd-bb88c07b97f4,AGREEMENT,75026319-120f-471c-8ffd-bb88c07b97f4,DEBIT,5000.00,TRY,2026-02,OFF_INVOICE,NKA,b39ade6a-ea33-413f-95a0-281c859f32fd,d56891e6-9e49-4fcf-bfd4-00d15e23e4ef,c09030ca-e748-45ab-9ef3-634996a369bd,c5bdbe97-2e69-4630-b59b-c6fdf2b58741,f,,LEDGER|AGREEMENT|75026319-120f-471c-8ffd-bb88c07b97f4|899312df-71f5-4092-9d1e-1c161b986797,,3b703dae-2955-40a1-affa-f94478da505f,2026-07-28 06:55:58.546529
543777d0-b582-45c6-80b1-1bcc8261b4b4,598a895e-5a20-48cc-95bd-a52fe5d4bb65,5a7b153b-d003-440e-9432-51238e6fd567,AGREEMENT,5a7b153b-d003-440e-9432-51238e6fd567,DEBIT,3000.00,TRY,2026-02,OFF_INVOICE,NKA,b39ade6a-ea33-413f-95a0-281c859f32fd,d56891e6-9e49-4fcf-bfd4-00d15e23e4ef,c09030ca-e748-45ab-9ef3-634996a369bd,c5bdbe97-2e69-4630-b59b-c6fdf2b58741,t,,LEDGER|AGREEMENT|5a7b153b-d003-440e-9432-51238e6fd567|b53df172-ce30-4fa4-aeb4-43c05298e849,,3b703dae-2955-40a1-affa-f94478da505f,2026-07-28 06:55:58.690168
53227fa7-e942-4aec-af6e-3aee8f3aafb7,598a895e-5a20-48cc-95bd-a52fe5d4bb65,5a7b153b-d003-440e-9432-51238e6fd567,AGREEMENT,5a7b153b-d003-440e-9432-51238e6fd567,CREDIT,3000.00,TRY,2026-02,OFF_INVOICE,NKA,b39ade6a-ea33-413f-95a0-281c859f32fd,d56891e6-9e49-4fcf-bfd4-00d15e23e4ef,c09030ca-e748-45ab-9ef3-634996a369bd,c5bdbe97-2e69-4630-b59b-c6fdf2b58741,f,543777d0-b582-45c6-80b1-1bcc8261b4b4,REVERSAL|LEDGER|543777d0-b582-45c6-80b1-1bcc8261b4b4,Reversal of ledger entry 543777d0-b582-45c6-80b1-1bcc8261b4b4,3b703dae-2955-40a1-affa-f94478da505f,2026-07-28 06:55:58.699391
7789874d-e0fc-4829-997d-dd61aada41e2,598a895e-5a20-48cc-95bd-a52fe5d4bb65,ffcb5829-206a-441e-8e2c-f06e381c974d,AGREEMENT,ffcb5829-206a-441e-8e2c-f06e381c974d,DEBIT,12000.00,TRY,2026-02,OFF_INVOICE,NKA,b39ade6a-ea33-413f-95a0-281c859f32fd,d56891e6-9e49-4fcf-bfd4-00d15e23e4ef,c09030ca-e748-45ab-9ef3-634996a369bd,c5bdbe97-2e69-4630-b59b-c6fdf2b58741,f,,LEDGER|AGREEMENT|ffcb5829-206a-441e-8e2c-f06e381c974d|14fa9a18-05a6-4fda-8f1e-b5b87b145c66,,3b703dae-2955-40a1-affa-f94478da505f,2026-07-28 06:56:03.926087
03315305-30c8-40eb-8701-fce4aede7048,598a895e-5a20-48cc-95bd-a52fe5d4bb65,fabe5ac6-a3fd-495d-863f-9fe778dce6b4,AGREEMENT,fabe5ac6-a3fd-495d-863f-9fe778dce6b4,DEBIT,4000.00,TRY,2026-02,OFF_INVOICE,NKA,b39ade6a-ea33-413f-95a0-281c859f32fd,d56891e6-9e49-4fcf-bfd4-00d15e23e4ef,c09030ca-e748-45ab-9ef3-634996a369bd,c5bdbe97-2e69-4630-b59b-c6fdf2b58741,t,,LEDGER|AGREEMENT|fabe5ac6-a3fd-495d-863f-9fe778dce6b4|a19e45af-7377-408a-985a-b212fd45cdf3,,3b703dae-2955-40a1-affa-f94478da505f,2026-07-28 06:56:04.292707
a8c7a80d-1d37-45f1-b2af-289f971dce2c,598a895e-5a20-48cc-95bd-a52fe5d4bb65,fabe5ac6-a3fd-495d-863f-9fe778dce6b4,AGREEMENT,fabe5ac6-a3fd-495d-863f-9fe778dce6b4,CREDIT,4000.00,TRY,2026-02,OFF_INVOICE,NKA,b39ade6a-ea33-413f-95a0-281c859f32fd,d56891e6-9e49-4fcf-bfd4-00d15e23e4ef,c09030ca-e748-45ab-9ef3-634996a369bd,c5bdbe97-2e69-4630-b59b-c6fdf2b58741,f,03315305-30c8-40eb-8701-fce4aede7048,REVERSAL|LEDGER|03315305-30c8-40eb-8701-fce4aede7048,Reversal of ledger entry 03315305-30c8-40eb-8701-fce4aede7048,3b703dae-2955-40a1-affa-f94478da505f,2026-07-28 06:56:04.2992
58cbf98d-95fe-4cec-8c46-b069b4d49679,598a895e-5a20-48cc-95bd-a52fe5d4bb65,1e4c1ac2-7df2-4ca1-8999-75039a91097f,AGREEMENT,1e4c1ac2-7df2-4ca1-8999-75039a91097f,DEBIT,5000.00,TRY,2026-02,OFF_INVOICE,NKA,b39ade6a-ea33-413f-95a0-281c859f32fd,d56891e6-9e49-4fcf-bfd4-00d15e23e4ef,c09030ca-e748-45ab-9ef3-634996a369bd,c5bdbe97-2e69-4630-b59b-c6fdf2b58741,t,,LEDGER|AGREEMENT|1e4c1ac2-7df2-4ca1-8999-75039a91097f|83afbf7d-8edc-45f0-bb4d-57278c3f05d2,,3b703dae-2955-40a1-affa-f94478da505f,2026-07-28 06:56:05.493309
6ec6ea35-bbb5-4e9f-8f0e-1171333e9a96,598a895e-5a20-48cc-95bd-a52fe5d4bb65,1e4c1ac2-7df2-4ca1-8999-75039a91097f,AGREEMENT,1e4c1ac2-7df2-4ca1-8999-75039a91097f,CREDIT,5000.00,TRY,2026-02,OFF_INVOICE,NKA,b39ade6a-ea33-413f-95a0-281c859f32fd,d56891e6-9e49-4fcf-bfd4-00d15e23e4ef,c09030ca-e748-45ab-9ef3-634996a369bd,c5bdbe97-2e69-4630-b59b-c6fdf2b58741,f,58cbf98d-95fe-4cec-8c46-b069b4d49679,REVERSAL|LEDGER|58cbf98d-95fe-4cec-8c46-b069b4d49679,Reversal of ledger entry 58cbf98d-95fe-4cec-8c46-b069b4d49679,3b703dae-2955-40a1-affa-f94478da505f,2026-07-28 06:56:05.499976
b59dc4a4-543f-4991-85d2-9a5d6e9f535b,598a895e-5a20-48cc-95bd-a52fe5d4bb65,1e4c1ac2-7df2-4ca1-8999-75039a91097f,AGREEMENT,1e4c1ac2-7df2-4ca1-8999-75039a91097f,DEBIT,5000.00,TRY,2026-02,OFF_INVOICE,NKA,b39ade6a-ea33-413f-95a0-281c859f32fd,d56891e6-9e49-4fcf-bfd4-00d15e23e4ef,c09030ca-e748-45ab-9ef3-634996a369bd,c5bdbe97-2e69-4630-b59b-c6fdf2b58741,t,,LEDGER|AGREEMENT|1e4c1ac2-7df2-4ca1-8999-75039a91097f|4c3b5f00-eb47-4163-9c89-64e6077e5120,,3b703dae-2955-40a1-affa-f94478da505f,2026-07-28 06:56:05.704264
978f6fad-4b1d-4733-83fa-ca558b2fa9b9,598a895e-5a20-48cc-95bd-a52fe5d4bb65,1e4c1ac2-7df2-4ca1-8999-75039a91097f,AGREEMENT,1e4c1ac2-7df2-4ca1-8999-75039a91097f,CREDIT,5000.00,TRY,2026-02,OFF_INVOICE,NKA,b39ade6a-ea33-413f-95a0-281c859f32fd,d56891e6-9e49-4fcf-bfd4-00d15e23e4ef,c09030ca-e748-45ab-9ef3-634996a369bd,c5bdbe97-2e69-4630-b59b-c6fdf2b58741,f,b59dc4a4-543f-4991-85d2-9a5d6e9f535b,REVERSAL|LEDGER|b59dc4a4-543f-4991-85d2-9a5d6e9f535b,Reversal of ledger entry b59dc4a4-543f-4991-85d2-9a5d6e9f535b,0e23990b-31a0-4ac2-be89-a46ebc8200d4,2026-07-28 06:56:05.714542
8fd04dc5-a16d-4644-845e-a79d70e1dba7,598a895e-5a20-48cc-95bd-a52fe5d4bb65,1e4c1ac2-7df2-4ca1-8999-75039a91097f,AGREEMENT,1e4c1ac2-7df2-4ca1-8999-75039a91097f,DEBIT,5000.00,TRY,2026-02,OFF_INVOICE,NKA,b39ade6a-ea33-413f-95a0-281c859f32fd,d56891e6-9e49-4fcf-bfd4-00d15e23e4ef,c09030ca-e748-45ab-9ef3-634996a369bd,c5bdbe97-2e69-4630-b59b-c6fdf2b58741,t,,LEDGER|AGREEMENT|1e4c1ac2-7df2-4ca1-8999-75039a91097f|5c0dc282-6ae2-4522-9e26-4d258012df4a,,3b703dae-2955-40a1-affa-f94478da505f,2026-07-28 06:56:05.757749
108bb36e-e70e-4859-8ac1-f783eb5f1ab5,598a895e-5a20-48cc-95bd-a52fe5d4bb65,1e4c1ac2-7df2-4ca1-8999-75039a91097f,AGREEMENT,1e4c1ac2-7df2-4ca1-8999-75039a91097f,CREDIT,5000.00,TRY,2026-02,OFF_INVOICE,NKA,b39ade6a-ea33-413f-95a0-281c859f32fd,d56891e6-9e49-4fcf-bfd4-00d15e23e4ef,c09030ca-e748-45ab-9ef3-634996a369bd,c5bdbe97-2e69-4630-b59b-c6fdf2b58741,f,8fd04dc5-a16d-4644-845e-a79d70e1dba7,REVERSAL|LEDGER|8fd04dc5-a16d-4644-845e-a79d70e1dba7,Reversal of ledger entry 8fd04dc5-a16d-4644-845e-a79d70e1dba7,3b703dae-2955-40a1-affa-f94478da505f,2026-07-28 06:56:05.762246
c182d7c7-6b94-4cc5-9461-629eeb08ce92,598a895e-5a20-48cc-95bd-a52fe5d4bb65,1e4c1ac2-7df2-4ca1-8999-75039a91097f,AGREEMENT,1e4c1ac2-7df2-4ca1-8999-75039a91097f,DEBIT,5000.00,TRY,2026-02,OFF_INVOICE,NKA,b39ade6a-ea33-413f-95a0-281c859f32fd,d56891e6-9e49-4fcf-bfd4-00d15e23e4ef,c09030ca-e748-45ab-9ef3-634996a369bd,c5bdbe97-2e69-4630-b59b-c6fdf2b58741,t,,LEDGER|AGREEMENT|1e4c1ac2-7df2-4ca1-8999-75039a91097f|d17a6c75-5234-49fb-9c14-577bb7a76225,,3b703dae-2955-40a1-affa-f94478da505f,2026-07-28 06:56:05.794938
53ff5813-5ce3-4d54-8aa1-2a163f1fd60a,598a895e-5a20-48cc-95bd-a52fe5d4bb65,1e4c1ac2-7df2-4ca1-8999-75039a91097f,AGREEMENT,1e4c1ac2-7df2-4ca1-8999-75039a91097f,CREDIT,5000.00,TRY,2026-02,OFF_INVOICE,NKA,b39ade6a-ea33-413f-95a0-281c859f32fd,d56891e6-9e49-4fcf-bfd4-00d15e23e4ef,c09030ca-e748-45ab-9ef3-634996a369bd,c5bdbe97-2e69-4630-b59b-c6fdf2b58741,f,c182d7c7-6b94-4cc5-9461-629eeb08ce92,REVERSAL|LEDGER|c182d7c7-6b94-4cc5-9461-629eeb08ce92,Reversal of ledger entry c182d7c7-6b94-4cc5-9461-629eeb08ce92,3b703dae-2955-40a1-affa-f94478da505f,2026-07-28 06:56:05.802144
77b38b7c-74f8-439d-8342-4f664b9a7767,598a895e-5a20-48cc-95bd-a52fe5d4bb65,3e91373f-146c-4ee9-974f-f853fa98ebcb,AGREEMENT,3e91373f-146c-4ee9-974f-f853fa98ebcb,DEBIT,5000.00,TRY,2026-02,OFF_INVOICE,NKA,b39ade6a-ea33-413f-95a0-281c859f32fd,084d33dc-daa7-4544-9155-bfc9e2fc2cd4,650e4b5e-f1a2-4a67-a1ce-067c053d5a63,d47cdd1e-551e-4606-b9ee-f47a17a7f323,f,,LEDGER|AGREEMENT|3e91373f-146c-4ee9-974f-f853fa98ebcb|b350ea52-e271-45f1-b540-0d9c2159340e,,3b703dae-2955-40a1-affa-f94478da505f,2026-07-28 06:57:58.856594
dfc163c6-1d55-4e64-b961-32b42950d6f4,598a895e-5a20-48cc-95bd-a52fe5d4bb65,a1ad7bac-f0e1-4cae-b2a5-58dd1a7adffa,AGREEMENT,a1ad7bac-f0e1-4cae-b2a5-58dd1a7adffa,DEBIT,3000.00,TRY,2026-02,OFF_INVOICE,NKA,b39ade6a-ea33-413f-95a0-281c859f32fd,084d33dc-daa7-4544-9155-bfc9e2fc2cd4,650e4b5e-f1a2-4a67-a1ce-067c053d5a63,d47cdd1e-551e-4606-b9ee-f47a17a7f323,t,,LEDGER|AGREEMENT|a1ad7bac-f0e1-4cae-b2a5-58dd1a7adffa|38159a0b-d85e-4ac2-92a3-97161d1a2100,,3b703dae-2955-40a1-affa-f94478da505f,2026-07-28 06:57:58.961476
a00d5ffd-e41b-4b46-aefd-302ef71731ec,598a895e-5a20-48cc-95bd-a52fe5d4bb65,a1ad7bac-f0e1-4cae-b2a5-58dd1a7adffa,AGREEMENT,a1ad7bac-f0e1-4cae-b2a5-58dd1a7adffa,CREDIT,3000.00,TRY,2026-02,OFF_INVOICE,NKA,b39ade6a-ea33-413f-95a0-281c859f32fd,084d33dc-daa7-4544-9155-bfc9e2fc2cd4,650e4b5e-f1a2-4a67-a1ce-067c053d5a63,d47cdd1e-551e-4606-b9ee-f47a17a7f323,f,dfc163c6-1d55-4e64-b961-32b42950d6f4,REVERSAL|LEDGER|dfc163c6-1d55-4e64-b961-32b42950d6f4,Reversal of ledger entry dfc163c6-1d55-4e64-b961-32b42950d6f4,3b703dae-2955-40a1-affa-f94478da505f,2026-07-28 06:57:58.968585
ce73f99a-1072-4aa6-bf31-2cc8516fae3f,598a895e-5a20-48cc-95bd-a52fe5d4bb65,430ea275-501e-4dea-be51-60e0a6b36b39,AGREEMENT,430ea275-501e-4dea-be51-60e0a6b36b39,DEBIT,12000.00,TRY,2026-02,OFF_INVOICE,NKA,b39ade6a-ea33-413f-95a0-281c859f32fd,084d33dc-daa7-4544-9155-bfc9e2fc2cd4,650e4b5e-f1a2-4a67-a1ce-067c053d5a63,d47cdd1e-551e-4606-b9ee-f47a17a7f323,f,,LEDGER|AGREEMENT|430ea275-501e-4dea-be51-60e0a6b36b39|a741ed03-3643-4c67-9577-b54ff089fb0f,,3b703dae-2955-40a1-affa-f94478da505f,2026-07-28 06:58:01.985747
e93ee67e-8fc9-4f96-8d1f-c46c69c826ac,598a895e-5a20-48cc-95bd-a52fe5d4bb65,ace8dd53-bc23-4a4b-bf54-ebd4a2b305e5,AGREEMENT,ace8dd53-bc23-4a4b-bf54-ebd4a2b305e5,DEBIT,4000.00,TRY,2026-02,OFF_INVOICE,NKA,b39ade6a-ea33-413f-95a0-281c859f32fd,084d33dc-daa7-4544-9155-bfc9e2fc2cd4,650e4b5e-f1a2-4a67-a1ce-067c053d5a63,d47cdd1e-551e-4606-b9ee-f47a17a7f323,t,,LEDGER|AGREEMENT|ace8dd53-bc23-4a4b-bf54-ebd4a2b305e5|852464a5-327a-4323-a386-bceb1d0552f6,,3b703dae-2955-40a1-affa-f94478da505f,2026-07-28 06:58:02.341096
9075ef92-0669-49ab-a08f-672972b0273c,598a895e-5a20-48cc-95bd-a52fe5d4bb65,ace8dd53-bc23-4a4b-bf54-ebd4a2b305e5,AGREEMENT,ace8dd53-bc23-4a4b-bf54-ebd4a2b305e5,CREDIT,4000.00,TRY,2026-02,OFF_INVOICE,NKA,b39ade6a-ea33-413f-95a0-281c859f32fd,084d33dc-daa7-4544-9155-bfc9e2fc2cd4,650e4b5e-f1a2-4a67-a1ce-067c053d5a63,d47cdd1e-551e-4606-b9ee-f47a17a7f323,f,e93ee67e-8fc9-4f96-8d1f-c46c69c826ac,REVERSAL|LEDGER|e93ee67e-8fc9-4f96-8d1f-c46c69c826ac,Reversal of ledger entry e93ee67e-8fc9-4f96-8d1f-c46c69c826ac,3b703dae-2955-40a1-affa-f94478da505f,2026-07-28 06:58:02.347369
11484f5d-03a3-407b-b13d-d09421595f6a,598a895e-5a20-48cc-95bd-a52fe5d4bb65,ca635406-b1ed-44d9-ba8c-09d92f00c423,AGREEMENT,ca635406-b1ed-44d9-ba8c-09d92f00c423,DEBIT,5000.00,TRY,2026-02,OFF_INVOICE,NKA,b39ade6a-ea33-413f-95a0-281c859f32fd,084d33dc-daa7-4544-9155-bfc9e2fc2cd4,650e4b5e-f1a2-4a67-a1ce-067c053d5a63,d47cdd1e-551e-4606-b9ee-f47a17a7f323,t,,LEDGER|AGREEMENT|ca635406-b1ed-44d9-ba8c-09d92f00c423|aa41c5f3-2c53-4736-8a80-a8d7a367068e,,3b703dae-2955-40a1-affa-f94478da505f,2026-07-28 06:58:03.300999
541ae432-3b2c-4fcd-bd0b-b7d2a4b73c51,598a895e-5a20-48cc-95bd-a52fe5d4bb65,ca635406-b1ed-44d9-ba8c-09d92f00c423,AGREEMENT,ca635406-b1ed-44d9-ba8c-09d92f00c423,CREDIT,5000.00,TRY,2026-02,OFF_INVOICE,NKA,b39ade6a-ea33-413f-95a0-281c859f32fd,084d33dc-daa7-4544-9155-bfc9e2fc2cd4,650e4b5e-f1a2-4a67-a1ce-067c053d5a63,d47cdd1e-551e-4606-b9ee-f47a17a7f323,f,11484f5d-03a3-407b-b13d-d09421595f6a,REVERSAL|LEDGER|11484f5d-03a3-407b-b13d-d09421595f6a,Reversal of ledger entry 11484f5d-03a3-407b-b13d-d09421595f6a,3b703dae-2955-40a1-affa-f94478da505f,2026-07-28 06:58:03.306366
724355db-26b4-4004-8823-a2e1595dce39,598a895e-5a20-48cc-95bd-a52fe5d4bb65,ca635406-b1ed-44d9-ba8c-09d92f00c423,AGREEMENT,ca635406-b1ed-44d9-ba8c-09d92f00c423,DEBIT,5000.00,TRY,2026-02,OFF_INVOICE,NKA,b39ade6a-ea33-413f-95a0-281c859f32fd,084d33dc-daa7-4544-9155-bfc9e2fc2cd4,650e4b5e-f1a2-4a67-a1ce-067c053d5a63,d47cdd1e-551e-4606-b9ee-f47a17a7f323,t,,LEDGER|AGREEMENT|ca635406-b1ed-44d9-ba8c-09d92f00c423|a321e84e-3982-440a-adfc-bc6c4df9ef92,,3b703dae-2955-40a1-affa-f94478da505f,2026-07-28 06:58:03.508426
0583d65b-bfae-4341-bb0f-c47769a15a7d,598a895e-5a20-48cc-95bd-a52fe5d4bb65,ca635406-b1ed-44d9-ba8c-09d92f00c423,AGREEMENT,ca635406-b1ed-44d9-ba8c-09d92f00c423,CREDIT,5000.00,TRY,2026-02,OFF_INVOICE,NKA,b39ade6a-ea33-413f-95a0-281c859f32fd,084d33dc-daa7-4544-9155-bfc9e2fc2cd4,650e4b5e-f1a2-4a67-a1ce-067c053d5a63,d47cdd1e-551e-4606-b9ee-f47a17a7f323,f,724355db-26b4-4004-8823-a2e1595dce39,REVERSAL|LEDGER|724355db-26b4-4004-8823-a2e1595dce39,Reversal of ledger entry 724355db-26b4-4004-8823-a2e1595dce39,0e23990b-31a0-4ac2-be89-a46ebc8200d4,2026-07-28 06:58:03.513145
9b405751-d24f-49b2-9f93-d67c197a0788,598a895e-5a20-48cc-95bd-a52fe5d4bb65,ca635406-b1ed-44d9-ba8c-09d92f00c423,AGREEMENT,ca635406-b1ed-44d9-ba8c-09d92f00c423,DEBIT,5000.00,TRY,2026-02,OFF_INVOICE,NKA,b39ade6a-ea33-413f-95a0-281c859f32fd,084d33dc-daa7-4544-9155-bfc9e2fc2cd4,650e4b5e-f1a2-4a67-a1ce-067c053d5a63,d47cdd1e-551e-4606-b9ee-f47a17a7f323,t,,LEDGER|AGREEMENT|ca635406-b1ed-44d9-ba8c-09d92f00c423|70cba989-fea6-4b94-aa24-89a100153c14,,3b703dae-2955-40a1-affa-f94478da505f,2026-07-28 06:58:03.543531
edd4dc17-12a2-488c-960d-0531c7d304d0,598a895e-5a20-48cc-95bd-a52fe5d4bb65,ca635406-b1ed-44d9-ba8c-09d92f00c423,AGREEMENT,ca635406-b1ed-44d9-ba8c-09d92f00c423,CREDIT,5000.00,TRY,2026-02,OFF_INVOICE,NKA,b39ade6a-ea33-413f-95a0-281c859f32fd,084d33dc-daa7-4544-9155-bfc9e2fc2cd4,650e4b5e-f1a2-4a67-a1ce-067c053d5a63,d47cdd1e-551e-4606-b9ee-f47a17a7f323,f,9b405751-d24f-49b2-9f93-d67c197a0788,REVERSAL|LEDGER|9b405751-d24f-49b2-9f93-d67c197a0788,Reversal of ledger entry 9b405751-d24f-49b2-9f93-d67c197a0788,3b703dae-2955-40a1-affa-f94478da505f,2026-07-28 06:58:03.547417
56849f24-9a93-4d35-8b5b-0282450d173b,598a895e-5a20-48cc-95bd-a52fe5d4bb65,ca635406-b1ed-44d9-ba8c-09d92f00c423,AGREEMENT,ca635406-b1ed-44d9-ba8c-09d92f00c423,DEBIT,5000.00,TRY,2026-02,OFF_INVOICE,NKA,b39ade6a-ea33-413f-95a0-281c859f32fd,084d33dc-daa7-4544-9155-bfc9e2fc2cd4,650e4b5e-f1a2-4a67-a1ce-067c053d5a63,d47cdd1e-551e-4606-b9ee-f47a17a7f323,t,,LEDGER|AGREEMENT|ca635406-b1ed-44d9-ba8c-09d92f00c423|ed3cb786-17a1-4bab-87dd-6190ace15265,,3b703dae-2955-40a1-affa-f94478da505f,2026-07-28 06:58:03.577787
eec46f69-d580-4f18-9631-96a08bfc0573,598a895e-5a20-48cc-95bd-a52fe5d4bb65,ca635406-b1ed-44d9-ba8c-09d92f00c423,AGREEMENT,ca635406-b1ed-44d9-ba8c-09d92f00c423,CREDIT,5000.00,TRY,2026-02,OFF_INVOICE,NKA,b39ade6a-ea33-413f-95a0-281c859f32fd,084d33dc-daa7-4544-9155-bfc9e2fc2cd4,650e4b5e-f1a2-4a67-a1ce-067c053d5a63,d47cdd1e-551e-4606-b9ee-f47a17a7f323,f,56849f24-9a93-4d35-8b5b-0282450d173b,REVERSAL|LEDGER|56849f24-9a93-4d35-8b5b-0282450d173b,Reversal of ledger entry 56849f24-9a93-4d35-8b5b-0282450d173b,3b703dae-2955-40a1-affa-f94478da505f,2026-07-28 06:58:03.58419
812d56c8-0830-4a50-8a68-cfac92dbe467,598a895e-5a20-48cc-95bd-a52fe5d4bb65,1b18f0e2-900c-4b2f-b42d-6ce39302ba64,AGREEMENT,1b18f0e2-900c-4b2f-b42d-6ce39302ba64,DEBIT,5000.00,TRY,2026-02,OFF_INVOICE,NKA,b39ade6a-ea33-413f-95a0-281c859f32fd,084d33dc-daa7-4544-9155-bfc9e2fc2cd4,650e4b5e-f1a2-4a67-a1ce-067c053d5a63,d47cdd1e-551e-4606-b9ee-f47a17a7f323,f,,LEDGER|AGREEMENT|1b18f0e2-900c-4b2f-b42d-6ce39302ba64|378526c8-264c-47a8-bdd3-16f2dffe84dd,,3b703dae-2955-40a1-affa-f94478da505f,2026-07-28 07:00:42.14809
7b746ef4-cd40-4325-a7b2-a32ae7d5f4a0,598a895e-5a20-48cc-95bd-a52fe5d4bb65,03228636-3652-4e7e-9744-08f000af3ec8,AGREEMENT,03228636-3652-4e7e-9744-08f000af3ec8,DEBIT,3000.00,TRY,2026-02,OFF_INVOICE,NKA,b39ade6a-ea33-413f-95a0-281c859f32fd,084d33dc-daa7-4544-9155-bfc9e2fc2cd4,650e4b5e-f1a2-4a67-a1ce-067c053d5a63,d47cdd1e-551e-4606-b9ee-f47a17a7f323,t,,LEDGER|AGREEMENT|03228636-3652-4e7e-9744-08f000af3ec8|18952b33-a40f-4608-aa7b-63c3ee7ef7a3,,3b703dae-2955-40a1-affa-f94478da505f,2026-07-28 07:00:42.278769
b6ce0214-ca3b-4f7b-9148-f4745562bfb6,598a895e-5a20-48cc-95bd-a52fe5d4bb65,03228636-3652-4e7e-9744-08f000af3ec8,AGREEMENT,03228636-3652-4e7e-9744-08f000af3ec8,CREDIT,3000.00,TRY,2026-02,OFF_INVOICE,NKA,b39ade6a-ea33-413f-95a0-281c859f32fd,084d33dc-daa7-4544-9155-bfc9e2fc2cd4,650e4b5e-f1a2-4a67-a1ce-067c053d5a63,d47cdd1e-551e-4606-b9ee-f47a17a7f323,f,7b746ef4-cd40-4325-a7b2-a32ae7d5f4a0,REVERSAL|LEDGER|7b746ef4-cd40-4325-a7b2-a32ae7d5f4a0,Reversal of ledger entry 7b746ef4-cd40-4325-a7b2-a32ae7d5f4a0,3b703dae-2955-40a1-affa-f94478da505f,2026-07-28 07:00:42.286477
9c50171e-ae8f-4d9a-94af-722749b39b81,598a895e-5a20-48cc-95bd-a52fe5d4bb65,a1a650b9-36cb-45d4-8372-800e296a8c39,AGREEMENT,a1a650b9-36cb-45d4-8372-800e296a8c39,DEBIT,12000.00,TRY,2026-02,OFF_INVOICE,NKA,b39ade6a-ea33-413f-95a0-281c859f32fd,084d33dc-daa7-4544-9155-bfc9e2fc2cd4,650e4b5e-f1a2-4a67-a1ce-067c053d5a63,d47cdd1e-551e-4606-b9ee-f47a17a7f323,f,,LEDGER|AGREEMENT|a1a650b9-36cb-45d4-8372-800e296a8c39|bdd56ba3-a75a-4e72-a1a8-4b9e3d6621dc,,3b703dae-2955-40a1-affa-f94478da505f,2026-07-28 07:00:45.44468
c293cffb-e75b-4485-b445-9c1240f07b73,598a895e-5a20-48cc-95bd-a52fe5d4bb65,a7882c7d-53dc-4879-8e4e-3298a4927b1f,AGREEMENT,a7882c7d-53dc-4879-8e4e-3298a4927b1f,DEBIT,4000.00,TRY,2026-02,OFF_INVOICE,NKA,b39ade6a-ea33-413f-95a0-281c859f32fd,084d33dc-daa7-4544-9155-bfc9e2fc2cd4,650e4b5e-f1a2-4a67-a1ce-067c053d5a63,d47cdd1e-551e-4606-b9ee-f47a17a7f323,t,,LEDGER|AGREEMENT|a7882c7d-53dc-4879-8e4e-3298a4927b1f|7a473ee5-5572-434c-bd1e-67348dbaed0f,,3b703dae-2955-40a1-affa-f94478da505f,2026-07-28 07:00:45.757626
c48143a3-7a8f-41b4-ac48-2bfd5fe329c2,598a895e-5a20-48cc-95bd-a52fe5d4bb65,a7882c7d-53dc-4879-8e4e-3298a4927b1f,AGREEMENT,a7882c7d-53dc-4879-8e4e-3298a4927b1f,CREDIT,4000.00,TRY,2026-02,OFF_INVOICE,NKA,b39ade6a-ea33-413f-95a0-281c859f32fd,084d33dc-daa7-4544-9155-bfc9e2fc2cd4,650e4b5e-f1a2-4a67-a1ce-067c053d5a63,d47cdd1e-551e-4606-b9ee-f47a17a7f323,f,c293cffb-e75b-4485-b445-9c1240f07b73,REVERSAL|LEDGER|c293cffb-e75b-4485-b445-9c1240f07b73,Reversal of ledger entry c293cffb-e75b-4485-b445-9c1240f07b73,3b703dae-2955-40a1-affa-f94478da505f,2026-07-28 07:00:45.762509
df193ac6-a5b6-48ca-8913-c3cac426e412,598a895e-5a20-48cc-95bd-a52fe5d4bb65,ca635406-b1ed-44d9-ba8c-09d92f00c423,AGREEMENT,ca635406-b1ed-44d9-ba8c-09d92f00c423,DEBIT,5000.00,TRY,2026-02,OFF_INVOICE,NKA,b39ade6a-ea33-413f-95a0-281c859f32fd,084d33dc-daa7-4544-9155-bfc9e2fc2cd4,650e4b5e-f1a2-4a67-a1ce-067c053d5a63,d47cdd1e-551e-4606-b9ee-f47a17a7f323,t,,LEDGER|AGREEMENT|ca635406-b1ed-44d9-ba8c-09d92f00c423|5cb375e5-2d48-4808-a606-fbfea4d5db53,,3b703dae-2955-40a1-affa-f94478da505f,2026-07-28 07:00:49.362219
c09c4758-06c3-4feb-89b7-fcdf649025fa,598a895e-5a20-48cc-95bd-a52fe5d4bb65,ca635406-b1ed-44d9-ba8c-09d92f00c423,AGREEMENT,ca635406-b1ed-44d9-ba8c-09d92f00c423,CREDIT,5000.00,TRY,2026-02,OFF_INVOICE,NKA,b39ade6a-ea33-413f-95a0-281c859f32fd,084d33dc-daa7-4544-9155-bfc9e2fc2cd4,650e4b5e-f1a2-4a67-a1ce-067c053d5a63,d47cdd1e-551e-4606-b9ee-f47a17a7f323,f,df193ac6-a5b6-48ca-8913-c3cac426e412,REVERSAL|LEDGER|df193ac6-a5b6-48ca-8913-c3cac426e412,Reversal of ledger entry df193ac6-a5b6-48ca-8913-c3cac426e412,3b703dae-2955-40a1-affa-f94478da505f,2026-07-28 07:00:49.369364
1e9bedc5-d672-48c3-9e95-5ddb6413d937,598a895e-5a20-48cc-95bd-a52fe5d4bb65,ca635406-b1ed-44d9-ba8c-09d92f00c423,AGREEMENT,ca635406-b1ed-44d9-ba8c-09d92f00c423,DEBIT,5000.00,TRY,2026-02,OFF_INVOICE,NKA,b39ade6a-ea33-413f-95a0-281c859f32fd,084d33dc-daa7-4544-9155-bfc9e2fc2cd4,650e4b5e-f1a2-4a67-a1ce-067c053d5a63,d47cdd1e-551e-4606-b9ee-f47a17a7f323,t,,LEDGER|AGREEMENT|ca635406-b1ed-44d9-ba8c-09d92f00c423|2ef00b16-fb2f-4a35-94bf-405df0587555,,3b703dae-2955-40a1-affa-f94478da505f,2026-07-28 07:00:49.535759
1cbcf2eb-998e-40ed-9622-d9fbfadcba7b,598a895e-5a20-48cc-95bd-a52fe5d4bb65,ca635406-b1ed-44d9-ba8c-09d92f00c423,AGREEMENT,ca635406-b1ed-44d9-ba8c-09d92f00c423,CREDIT,5000.00,TRY,2026-02,OFF_INVOICE,NKA,b39ade6a-ea33-413f-95a0-281c859f32fd,084d33dc-daa7-4544-9155-bfc9e2fc2cd4,650e4b5e-f1a2-4a67-a1ce-067c053d5a63,d47cdd1e-551e-4606-b9ee-f47a17a7f323,f,1e9bedc5-d672-48c3-9e95-5ddb6413d937,REVERSAL|LEDGER|1e9bedc5-d672-48c3-9e95-5ddb6413d937,Reversal of ledger entry 1e9bedc5-d672-48c3-9e95-5ddb6413d937,0e23990b-31a0-4ac2-be89-a46ebc8200d4,2026-07-28 07:00:49.541771
ea056cf4-8d61-420c-bdf0-a81e43dc26e1,598a895e-5a20-48cc-95bd-a52fe5d4bb65,ca635406-b1ed-44d9-ba8c-09d92f00c423,AGREEMENT,ca635406-b1ed-44d9-ba8c-09d92f00c423,DEBIT,5000.00,TRY,2026-02,OFF_INVOICE,NKA,b39ade6a-ea33-413f-95a0-281c859f32fd,084d33dc-daa7-4544-9155-bfc9e2fc2cd4,650e4b5e-f1a2-4a67-a1ce-067c053d5a63,d47cdd1e-551e-4606-b9ee-f47a17a7f323,t,,LEDGER|AGREEMENT|ca635406-b1ed-44d9-ba8c-09d92f00c423|4b6550bd-bcff-487c-8fd0-b5055cdff08a,,3b703dae-2955-40a1-affa-f94478da505f,2026-07-28 07:00:49.581511
8ef7815b-503c-4c15-8926-84c667b8cac6,598a895e-5a20-48cc-95bd-a52fe5d4bb65,ca635406-b1ed-44d9-ba8c-09d92f00c423,AGREEMENT,ca635406-b1ed-44d9-ba8c-09d92f00c423,CREDIT,5000.00,TRY,2026-02,OFF_INVOICE,NKA,b39ade6a-ea33-413f-95a0-281c859f32fd,084d33dc-daa7-4544-9155-bfc9e2fc2cd4,650e4b5e-f1a2-4a67-a1ce-067c053d5a63,d47cdd1e-551e-4606-b9ee-f47a17a7f323,f,ea056cf4-8d61-420c-bdf0-a81e43dc26e1,REVERSAL|LEDGER|ea056cf4-8d61-420c-bdf0-a81e43dc26e1,Reversal of ledger entry ea056cf4-8d61-420c-bdf0-a81e43dc26e1,3b703dae-2955-40a1-affa-f94478da505f,2026-07-28 07:00:49.586484
18b2f573-f70e-462e-8180-3ccd502ad710,598a895e-5a20-48cc-95bd-a52fe5d4bb65,ca635406-b1ed-44d9-ba8c-09d92f00c423,AGREEMENT,ca635406-b1ed-44d9-ba8c-09d92f00c423,DEBIT,5000.00,TRY,2026-02,OFF_INVOICE,NKA,b39ade6a-ea33-413f-95a0-281c859f32fd,084d33dc-daa7-4544-9155-bfc9e2fc2cd4,650e4b5e-f1a2-4a67-a1ce-067c053d5a63,d47cdd1e-551e-4606-b9ee-f47a17a7f323,t,,LEDGER|AGREEMENT|ca635406-b1ed-44d9-ba8c-09d92f00c423|cf42aaa0-a128-4cd4-9eac-1220018a36cb,,3b703dae-2955-40a1-affa-f94478da505f,2026-07-28 07:00:49.626708
10e7481a-8fe6-4e32-a2a2-6d3fc0e4bb47,598a895e-5a20-48cc-95bd-a52fe5d4bb65,ca635406-b1ed-44d9-ba8c-09d92f00c423,AGREEMENT,ca635406-b1ed-44d9-ba8c-09d92f00c423,CREDIT,5000.00,TRY,2026-02,OFF_INVOICE,NKA,b39ade6a-ea33-413f-95a0-281c859f32fd,084d33dc-daa7-4544-9155-bfc9e2fc2cd4,650e4b5e-f1a2-4a67-a1ce-067c053d5a63,d47cdd1e-551e-4606-b9ee-f47a17a7f323,f,18b2f573-f70e-462e-8180-3ccd502ad710,REVERSAL|LEDGER|18b2f573-f70e-462e-8180-3ccd502ad710,Reversal of ledger entry 18b2f573-f70e-462e-8180-3ccd502ad710,3b703dae-2955-40a1-affa-f94478da505f,2026-07-28 07:00:49.635174
3d7d77ed-7c9f-4879-a001-43336cc0f686,598a895e-5a20-48cc-95bd-a52fe5d4bb65,fe6736d5-771f-4cc8-818e-20377d8604f5,AGREEMENT,fe6736d5-771f-4cc8-818e-20377d8604f5,DEBIT,5000.00,TRY,2026-02,OFF_INVOICE,NKA,b39ade6a-ea33-413f-95a0-281c859f32fd,084d33dc-daa7-4544-9155-bfc9e2fc2cd4,650e4b5e-f1a2-4a67-a1ce-067c053d5a63,d47cdd1e-551e-4606-b9ee-f47a17a7f323,f,,LEDGER|AGREEMENT|fe6736d5-771f-4cc8-818e-20377d8604f5|5100196f-f567-421f-890c-fd1256218b50,,3b703dae-2955-40a1-affa-f94478da505f,2026-07-28 07:01:58.464074
331030dd-eaef-4db6-95bb-6ed721e5d1c8,598a895e-5a20-48cc-95bd-a52fe5d4bb65,ea6e22cc-8a4a-4c92-bab0-c84c1c1a988a,AGREEMENT,ea6e22cc-8a4a-4c92-bab0-c84c1c1a988a,DEBIT,3000.00,TRY,2026-02,OFF_INVOICE,NKA,b39ade6a-ea33-413f-95a0-281c859f32fd,084d33dc-daa7-4544-9155-bfc9e2fc2cd4,650e4b5e-f1a2-4a67-a1ce-067c053d5a63,d47cdd1e-551e-4606-b9ee-f47a17a7f323,t,,LEDGER|AGREEMENT|ea6e22cc-8a4a-4c92-bab0-c84c1c1a988a|8ecbe050-984e-4e80-8e96-c0fa2ae06fd6,,3b703dae-2955-40a1-affa-f94478da505f,2026-07-28 07:01:58.560345
b8d9dae7-f617-470d-93c7-af6c83aa951e,598a895e-5a20-48cc-95bd-a52fe5d4bb65,ea6e22cc-8a4a-4c92-bab0-c84c1c1a988a,AGREEMENT,ea6e22cc-8a4a-4c92-bab0-c84c1c1a988a,CREDIT,3000.00,TRY,2026-02,OFF_INVOICE,NKA,b39ade6a-ea33-413f-95a0-281c859f32fd,084d33dc-daa7-4544-9155-bfc9e2fc2cd4,650e4b5e-f1a2-4a67-a1ce-067c053d5a63,d47cdd1e-551e-4606-b9ee-f47a17a7f323,f,331030dd-eaef-4db6-95bb-6ed721e5d1c8,REVERSAL|LEDGER|331030dd-eaef-4db6-95bb-6ed721e5d1c8,Reversal of ledger entry 331030dd-eaef-4db6-95bb-6ed721e5d1c8,3b703dae-2955-40a1-affa-f94478da505f,2026-07-28 07:01:58.567429
2853f933-f635-456a-86dd-2bf94cd311d8,598a895e-5a20-48cc-95bd-a52fe5d4bb65,ca635406-b1ed-44d9-ba8c-09d92f00c423,AGREEMENT,ca635406-b1ed-44d9-ba8c-09d92f00c423,DEBIT,5000.00,TRY,2026-02,OFF_INVOICE,NKA,b39ade6a-ea33-413f-95a0-281c859f32fd,084d33dc-daa7-4544-9155-bfc9e2fc2cd4,650e4b5e-f1a2-4a67-a1ce-067c053d5a63,d47cdd1e-551e-4606-b9ee-f47a17a7f323,t,,LEDGER|AGREEMENT|ca635406-b1ed-44d9-ba8c-09d92f00c423|1d477f9a-91f9-4651-9b43-3fb0628dccd8,,3b703dae-2955-40a1-affa-f94478da505f,2026-07-28 07:02:01.501372
ae97aa5e-c60e-40e7-95d1-18b62cf9b9a3,598a895e-5a20-48cc-95bd-a52fe5d4bb65,ca635406-b1ed-44d9-ba8c-09d92f00c423,AGREEMENT,ca635406-b1ed-44d9-ba8c-09d92f00c423,CREDIT,5000.00,TRY,2026-02,OFF_INVOICE,NKA,b39ade6a-ea33-413f-95a0-281c859f32fd,084d33dc-daa7-4544-9155-bfc9e2fc2cd4,650e4b5e-f1a2-4a67-a1ce-067c053d5a63,d47cdd1e-551e-4606-b9ee-f47a17a7f323,f,2853f933-f635-456a-86dd-2bf94cd311d8,REVERSAL|LEDGER|2853f933-f635-456a-86dd-2bf94cd311d8,Reversal of ledger entry 2853f933-f635-456a-86dd-2bf94cd311d8,3b703dae-2955-40a1-affa-f94478da505f,2026-07-28 07:02:01.507424
245ca70e-e686-454d-969f-2afd21fda940,598a895e-5a20-48cc-95bd-a52fe5d4bb65,ca635406-b1ed-44d9-ba8c-09d92f00c423,AGREEMENT,ca635406-b1ed-44d9-ba8c-09d92f00c423,DEBIT,5000.00,TRY,2026-02,OFF_INVOICE,NKA,b39ade6a-ea33-413f-95a0-281c859f32fd,084d33dc-daa7-4544-9155-bfc9e2fc2cd4,650e4b5e-f1a2-4a67-a1ce-067c053d5a63,d47cdd1e-551e-4606-b9ee-f47a17a7f323,t,,LEDGER|AGREEMENT|ca635406-b1ed-44d9-ba8c-09d92f00c423|7b8a77c4-2ecf-4b25-bde2-77a15bad094d,,3b703dae-2955-40a1-affa-f94478da505f,2026-07-28 07:02:01.672377
5db92afb-eb04-4443-8dc5-96ddfd2884e7,598a895e-5a20-48cc-95bd-a52fe5d4bb65,ca635406-b1ed-44d9-ba8c-09d92f00c423,AGREEMENT,ca635406-b1ed-44d9-ba8c-09d92f00c423,CREDIT,5000.00,TRY,2026-02,OFF_INVOICE,NKA,b39ade6a-ea33-413f-95a0-281c859f32fd,084d33dc-daa7-4544-9155-bfc9e2fc2cd4,650e4b5e-f1a2-4a67-a1ce-067c053d5a63,d47cdd1e-551e-4606-b9ee-f47a17a7f323,f,245ca70e-e686-454d-969f-2afd21fda940,REVERSAL|LEDGER|245ca70e-e686-454d-969f-2afd21fda940,Reversal of ledger entry 245ca70e-e686-454d-969f-2afd21fda940,0e23990b-31a0-4ac2-be89-a46ebc8200d4,2026-07-28 07:02:01.678804
041aa3d0-e3b5-4cd9-8cb4-23fcaa03f5fc,598a895e-5a20-48cc-95bd-a52fe5d4bb65,ca635406-b1ed-44d9-ba8c-09d92f00c423,AGREEMENT,ca635406-b1ed-44d9-ba8c-09d92f00c423,DEBIT,5000.00,TRY,2026-02,OFF_INVOICE,NKA,b39ade6a-ea33-413f-95a0-281c859f32fd,084d33dc-daa7-4544-9155-bfc9e2fc2cd4,650e4b5e-f1a2-4a67-a1ce-067c053d5a63,d47cdd1e-551e-4606-b9ee-f47a17a7f323,t,,LEDGER|AGREEMENT|ca635406-b1ed-44d9-ba8c-09d92f00c423|a832821d-4fdb-4ac2-8d7c-bc48ba905871,,3b703dae-2955-40a1-affa-f94478da505f,2026-07-28 07:02:01.712277
f51e0371-8e5e-429e-8c3b-48a66b27f9a6,598a895e-5a20-48cc-95bd-a52fe5d4bb65,ca635406-b1ed-44d9-ba8c-09d92f00c423,AGREEMENT,ca635406-b1ed-44d9-ba8c-09d92f00c423,CREDIT,5000.00,TRY,2026-02,OFF_INVOICE,NKA,b39ade6a-ea33-413f-95a0-281c859f32fd,084d33dc-daa7-4544-9155-bfc9e2fc2cd4,650e4b5e-f1a2-4a67-a1ce-067c053d5a63,d47cdd1e-551e-4606-b9ee-f47a17a7f323,f,041aa3d0-e3b5-4cd9-8cb4-23fcaa03f5fc,REVERSAL|LEDGER|041aa3d0-e3b5-4cd9-8cb4-23fcaa03f5fc,Reversal of ledger entry 041aa3d0-e3b5-4cd9-8cb4-23fcaa03f5fc,3b703dae-2955-40a1-affa-f94478da505f,2026-07-28 07:02:01.716379
9a70d2cc-d3a9-47c6-b89f-a01c79be9245,598a895e-5a20-48cc-95bd-a52fe5d4bb65,ca635406-b1ed-44d9-ba8c-09d92f00c423,AGREEMENT,ca635406-b1ed-44d9-ba8c-09d92f00c423,DEBIT,5000.00,TRY,2026-02,OFF_INVOICE,NKA,b39ade6a-ea33-413f-95a0-281c859f32fd,084d33dc-daa7-4544-9155-bfc9e2fc2cd4,650e4b5e-f1a2-4a67-a1ce-067c053d5a63,d47cdd1e-551e-4606-b9ee-f47a17a7f323,t,,LEDGER|AGREEMENT|ca635406-b1ed-44d9-ba8c-09d92f00c423|3e7a1c89-a390-4af8-9b65-9740bbff5743,,3b703dae-2955-40a1-affa-f94478da505f,2026-07-28 07:02:01.751509
5db37749-8592-4d21-9d87-a37df548726f,598a895e-5a20-48cc-95bd-a52fe5d4bb65,ca635406-b1ed-44d9-ba8c-09d92f00c423,AGREEMENT,ca635406-b1ed-44d9-ba8c-09d92f00c423,CREDIT,5000.00,TRY,2026-02,OFF_INVOICE,NKA,b39ade6a-ea33-413f-95a0-281c859f32fd,084d33dc-daa7-4544-9155-bfc9e2fc2cd4,650e4b5e-f1a2-4a67-a1ce-067c053d5a63,d47cdd1e-551e-4606-b9ee-f47a17a7f323,f,9a70d2cc-d3a9-47c6-b89f-a01c79be9245,REVERSAL|LEDGER|9a70d2cc-d3a9-47c6-b89f-a01c79be9245,Reversal of ledger entry 9a70d2cc-d3a9-47c6-b89f-a01c79be9245,3b703dae-2955-40a1-affa-f94478da505f,2026-07-28 07:02:01.759779
a1efc6c0-acc4-4ffa-9509-af9d8f5a0c52,598a895e-5a20-48cc-95bd-a52fe5d4bb65,9c9de78e-85f1-4c59-84c7-403a82599c6f,AGREEMENT,9c9de78e-85f1-4c59-84c7-403a82599c6f,DEBIT,12000.00,TRY,2026-02,OFF_INVOICE,NKA,b39ade6a-ea33-413f-95a0-281c859f32fd,084d33dc-daa7-4544-9155-bfc9e2fc2cd4,650e4b5e-f1a2-4a67-a1ce-067c053d5a63,d47cdd1e-551e-4606-b9ee-f47a17a7f323,f,,LEDGER|AGREEMENT|9c9de78e-85f1-4c59-84c7-403a82599c6f|fd9594f2-9a31-4071-987e-35f9317a824b,,3b703dae-2955-40a1-affa-f94478da505f,2026-07-28 07:02:02.93227
d17f67af-b4cc-4530-8049-759cdf8554bc,598a895e-5a20-48cc-95bd-a52fe5d4bb65,7ed3d4c0-b594-4b50-b0ec-5627a6a71514,AGREEMENT,7ed3d4c0-b594-4b50-b0ec-5627a6a71514,DEBIT,4000.00,TRY,2026-02,OFF_INVOICE,NKA,b39ade6a-ea33-413f-95a0-281c859f32fd,084d33dc-daa7-4544-9155-bfc9e2fc2cd4,650e4b5e-f1a2-4a67-a1ce-067c053d5a63,d47cdd1e-551e-4606-b9ee-f47a17a7f323,t,,LEDGER|AGREEMENT|7ed3d4c0-b594-4b50-b0ec-5627a6a71514|3185c1f0-593a-4804-b9e0-3a91ecd74d5f,,3b703dae-2955-40a1-affa-f94478da505f,2026-07-28 07:02:03.280452
d4e67ec0-52fd-4f99-961a-b5911cd47742,598a895e-5a20-48cc-95bd-a52fe5d4bb65,7ed3d4c0-b594-4b50-b0ec-5627a6a71514,AGREEMENT,7ed3d4c0-b594-4b50-b0ec-5627a6a71514,CREDIT,4000.00,TRY,2026-02,OFF_INVOICE,NKA,b39ade6a-ea33-413f-95a0-281c859f32fd,084d33dc-daa7-4544-9155-bfc9e2fc2cd4,650e4b5e-f1a2-4a67-a1ce-067c053d5a63,d47cdd1e-551e-4606-b9ee-f47a17a7f323,f,d17f67af-b4cc-4530-8049-759cdf8554bc,REVERSAL|LEDGER|d17f67af-b4cc-4530-8049-759cdf8554bc,Reversal of ledger entry d17f67af-b4cc-4530-8049-759cdf8554bc,3b703dae-2955-40a1-affa-f94478da505f,2026-07-28 07:02:03.285549
df606e44-6037-4571-bb31-2ff8502d5609,598a895e-5a20-48cc-95bd-a52fe5d4bb65,a919d0ca-57d0-4e57-af2d-b05f15ddb0eb,AGREEMENT,a919d0ca-57d0-4e57-af2d-b05f15ddb0eb,DEBIT,5000.00,TRY,2026-02,OFF_INVOICE,NKA,b39ade6a-ea33-413f-95a0-281c859f32fd,084d33dc-daa7-4544-9155-bfc9e2fc2cd4,650e4b5e-f1a2-4a67-a1ce-067c053d5a63,d47cdd1e-551e-4606-b9ee-f47a17a7f323,f,,LEDGER|AGREEMENT|a919d0ca-57d0-4e57-af2d-b05f15ddb0eb|e1a5ad22-e4c9-4b88-bf01-c4e02d9302f4,,3b703dae-2955-40a1-affa-f94478da505f,2026-07-28 07:03:15.196093
1eff0545-3529-4ede-8146-02468e945558,598a895e-5a20-48cc-95bd-a52fe5d4bb65,5ed14b45-f863-46c3-9913-d8232c04986c,AGREEMENT,5ed14b45-f863-46c3-9913-d8232c04986c,DEBIT,3000.00,TRY,2026-02,OFF_INVOICE,NKA,b39ade6a-ea33-413f-95a0-281c859f32fd,084d33dc-daa7-4544-9155-bfc9e2fc2cd4,650e4b5e-f1a2-4a67-a1ce-067c053d5a63,d47cdd1e-551e-4606-b9ee-f47a17a7f323,t,,LEDGER|AGREEMENT|5ed14b45-f863-46c3-9913-d8232c04986c|e2899454-5ac5-44a7-aef5-a156e3e9ec6f,,3b703dae-2955-40a1-affa-f94478da505f,2026-07-28 07:03:15.318983
510fcc1d-1726-443f-a90b-958107cd8aca,598a895e-5a20-48cc-95bd-a52fe5d4bb65,5ed14b45-f863-46c3-9913-d8232c04986c,AGREEMENT,5ed14b45-f863-46c3-9913-d8232c04986c,CREDIT,3000.00,TRY,2026-02,OFF_INVOICE,NKA,b39ade6a-ea33-413f-95a0-281c859f32fd,084d33dc-daa7-4544-9155-bfc9e2fc2cd4,650e4b5e-f1a2-4a67-a1ce-067c053d5a63,d47cdd1e-551e-4606-b9ee-f47a17a7f323,f,1eff0545-3529-4ede-8146-02468e945558,REVERSAL|LEDGER|1eff0545-3529-4ede-8146-02468e945558,Reversal of ledger entry 1eff0545-3529-4ede-8146-02468e945558,3b703dae-2955-40a1-affa-f94478da505f,2026-07-28 07:03:15.327272
ecdb7f18-d7dc-4808-8423-e1faf82dbe9a,598a895e-5a20-48cc-95bd-a52fe5d4bb65,3e29edf4-8134-4b02-acad-cd36b016aac7,AGREEMENT,3e29edf4-8134-4b02-acad-cd36b016aac7,DEBIT,12000.00,TRY,2026-02,OFF_INVOICE,NKA,b39ade6a-ea33-413f-95a0-281c859f32fd,084d33dc-daa7-4544-9155-bfc9e2fc2cd4,650e4b5e-f1a2-4a67-a1ce-067c053d5a63,d47cdd1e-551e-4606-b9ee-f47a17a7f323,f,,LEDGER|AGREEMENT|3e29edf4-8134-4b02-acad-cd36b016aac7|b8f40865-bbef-4b81-a6f5-c468300674f0,,3b703dae-2955-40a1-affa-f94478da505f,2026-07-28 07:03:18.423046
fd2dd0e5-4eac-49ab-8037-47f93e40bfeb,598a895e-5a20-48cc-95bd-a52fe5d4bb65,73b36dbb-2d40-4079-be63-06a9b09a6e66,AGREEMENT,73b36dbb-2d40-4079-be63-06a9b09a6e66,DEBIT,4000.00,TRY,2026-02,OFF_INVOICE,NKA,b39ade6a-ea33-413f-95a0-281c859f32fd,084d33dc-daa7-4544-9155-bfc9e2fc2cd4,650e4b5e-f1a2-4a67-a1ce-067c053d5a63,d47cdd1e-551e-4606-b9ee-f47a17a7f323,t,,LEDGER|AGREEMENT|73b36dbb-2d40-4079-be63-06a9b09a6e66|1c6e9f38-54e1-42a5-99fa-0e8358c13ca3,,3b703dae-2955-40a1-affa-f94478da505f,2026-07-28 07:03:18.713752
588f957e-e0f8-4a54-8868-0114dee9c698,598a895e-5a20-48cc-95bd-a52fe5d4bb65,73b36dbb-2d40-4079-be63-06a9b09a6e66,AGREEMENT,73b36dbb-2d40-4079-be63-06a9b09a6e66,CREDIT,4000.00,TRY,2026-02,OFF_INVOICE,NKA,b39ade6a-ea33-413f-95a0-281c859f32fd,084d33dc-daa7-4544-9155-bfc9e2fc2cd4,650e4b5e-f1a2-4a67-a1ce-067c053d5a63,d47cdd1e-551e-4606-b9ee-f47a17a7f323,f,fd2dd0e5-4eac-49ab-8037-47f93e40bfeb,REVERSAL|LEDGER|fd2dd0e5-4eac-49ab-8037-47f93e40bfeb,Reversal of ledger entry fd2dd0e5-4eac-49ab-8037-47f93e40bfeb,3b703dae-2955-40a1-affa-f94478da505f,2026-07-28 07:03:18.718307
ca1e639d-b742-4928-ad77-a5f7cd6db5dc,598a895e-5a20-48cc-95bd-a52fe5d4bb65,ca635406-b1ed-44d9-ba8c-09d92f00c423,AGREEMENT,ca635406-b1ed-44d9-ba8c-09d92f00c423,DEBIT,5000.00,TRY,2026-02,OFF_INVOICE,NKA,b39ade6a-ea33-413f-95a0-281c859f32fd,084d33dc-daa7-4544-9155-bfc9e2fc2cd4,650e4b5e-f1a2-4a67-a1ce-067c053d5a63,d47cdd1e-551e-4606-b9ee-f47a17a7f323,t,,LEDGER|AGREEMENT|ca635406-b1ed-44d9-ba8c-09d92f00c423|9d3a1146-0d72-495b-8253-5e7ddb6e650a,,3b703dae-2955-40a1-affa-f94478da505f,2026-07-28 07:05:36.120742
2a508806-c03e-440d-9e0b-4a56108982d8,598a895e-5a20-48cc-95bd-a52fe5d4bb65,ca635406-b1ed-44d9-ba8c-09d92f00c423,AGREEMENT,ca635406-b1ed-44d9-ba8c-09d92f00c423,CREDIT,5000.00,TRY,2026-02,OFF_INVOICE,NKA,b39ade6a-ea33-413f-95a0-281c859f32fd,084d33dc-daa7-4544-9155-bfc9e2fc2cd4,650e4b5e-f1a2-4a67-a1ce-067c053d5a63,d47cdd1e-551e-4606-b9ee-f47a17a7f323,f,ca1e639d-b742-4928-ad77-a5f7cd6db5dc,REVERSAL|LEDGER|ca1e639d-b742-4928-ad77-a5f7cd6db5dc,Reversal of ledger entry ca1e639d-b742-4928-ad77-a5f7cd6db5dc,3b703dae-2955-40a1-affa-f94478da505f,2026-07-28 07:05:36.160422
954abe67-988e-4ab7-a6f2-9d49617e69d4,598a895e-5a20-48cc-95bd-a52fe5d4bb65,ca635406-b1ed-44d9-ba8c-09d92f00c423,AGREEMENT,ca635406-b1ed-44d9-ba8c-09d92f00c423,DEBIT,5000.00,TRY,2026-02,OFF_INVOICE,NKA,b39ade6a-ea33-413f-95a0-281c859f32fd,084d33dc-daa7-4544-9155-bfc9e2fc2cd4,650e4b5e-f1a2-4a67-a1ce-067c053d5a63,d47cdd1e-551e-4606-b9ee-f47a17a7f323,t,,LEDGER|AGREEMENT|ca635406-b1ed-44d9-ba8c-09d92f00c423|3d7e4cc5-9d27-407b-b308-503691615986,,3b703dae-2955-40a1-affa-f94478da505f,2026-07-28 07:05:36.879833
acd0d2ce-b01b-4834-8a64-2709a6402b7d,598a895e-5a20-48cc-95bd-a52fe5d4bb65,ca635406-b1ed-44d9-ba8c-09d92f00c423,AGREEMENT,ca635406-b1ed-44d9-ba8c-09d92f00c423,CREDIT,5000.00,TRY,2026-02,OFF_INVOICE,NKA,b39ade6a-ea33-413f-95a0-281c859f32fd,084d33dc-daa7-4544-9155-bfc9e2fc2cd4,650e4b5e-f1a2-4a67-a1ce-067c053d5a63,d47cdd1e-551e-4606-b9ee-f47a17a7f323,f,954abe67-988e-4ab7-a6f2-9d49617e69d4,REVERSAL|LEDGER|954abe67-988e-4ab7-a6f2-9d49617e69d4,Reversal of ledger entry 954abe67-988e-4ab7-a6f2-9d49617e69d4,0e23990b-31a0-4ac2-be89-a46ebc8200d4,2026-07-28 07:05:36.889714
d97520b8-cde9-4319-8f7a-543d3bdd54b8,598a895e-5a20-48cc-95bd-a52fe5d4bb65,ca635406-b1ed-44d9-ba8c-09d92f00c423,AGREEMENT,ca635406-b1ed-44d9-ba8c-09d92f00c423,DEBIT,5000.00,TRY,2026-02,OFF_INVOICE,NKA,b39ade6a-ea33-413f-95a0-281c859f32fd,084d33dc-daa7-4544-9155-bfc9e2fc2cd4,650e4b5e-f1a2-4a67-a1ce-067c053d5a63,d47cdd1e-551e-4606-b9ee-f47a17a7f323,t,,LEDGER|AGREEMENT|ca635406-b1ed-44d9-ba8c-09d92f00c423|2fceed60-b65b-4c8e-8454-cd0ae1278ec9,,3b703dae-2955-40a1-affa-f94478da505f,2026-07-28 07:05:37.087389
689514b1-04fd-43d8-a464-c6b611b9f974,598a895e-5a20-48cc-95bd-a52fe5d4bb65,ca635406-b1ed-44d9-ba8c-09d92f00c423,AGREEMENT,ca635406-b1ed-44d9-ba8c-09d92f00c423,CREDIT,5000.00,TRY,2026-02,OFF_INVOICE,NKA,b39ade6a-ea33-413f-95a0-281c859f32fd,084d33dc-daa7-4544-9155-bfc9e2fc2cd4,650e4b5e-f1a2-4a67-a1ce-067c053d5a63,d47cdd1e-551e-4606-b9ee-f47a17a7f323,f,d97520b8-cde9-4319-8f7a-543d3bdd54b8,REVERSAL|LEDGER|d97520b8-cde9-4319-8f7a-543d3bdd54b8,Reversal of ledger entry d97520b8-cde9-4319-8f7a-543d3bdd54b8,3b703dae-2955-40a1-affa-f94478da505f,2026-07-28 07:05:37.115603
4c5dd86d-ed86-476b-9760-06c14d427a75,598a895e-5a20-48cc-95bd-a52fe5d4bb65,ca635406-b1ed-44d9-ba8c-09d92f00c423,AGREEMENT,ca635406-b1ed-44d9-ba8c-09d92f00c423,DEBIT,5000.00,TRY,2026-02,OFF_INVOICE,NKA,b39ade6a-ea33-413f-95a0-281c859f32fd,084d33dc-daa7-4544-9155-bfc9e2fc2cd4,650e4b5e-f1a2-4a67-a1ce-067c053d5a63,d47cdd1e-551e-4606-b9ee-f47a17a7f323,t,,LEDGER|AGREEMENT|ca635406-b1ed-44d9-ba8c-09d92f00c423|9197a895-4e30-48a2-97b0-61c3c4b496fe,,3b703dae-2955-40a1-affa-f94478da505f,2026-07-28 07:05:37.357747
7325b331-b373-41ce-8528-2e982c5a647a,598a895e-5a20-48cc-95bd-a52fe5d4bb65,ca635406-b1ed-44d9-ba8c-09d92f00c423,AGREEMENT,ca635406-b1ed-44d9-ba8c-09d92f00c423,CREDIT,5000.00,TRY,2026-02,OFF_INVOICE,NKA,b39ade6a-ea33-413f-95a0-281c859f32fd,084d33dc-daa7-4544-9155-bfc9e2fc2cd4,650e4b5e-f1a2-4a67-a1ce-067c053d5a63,d47cdd1e-551e-4606-b9ee-f47a17a7f323,f,4c5dd86d-ed86-476b-9760-06c14d427a75,REVERSAL|LEDGER|4c5dd86d-ed86-476b-9760-06c14d427a75,Reversal of ledger entry 4c5dd86d-ed86-476b-9760-06c14d427a75,3b703dae-2955-40a1-affa-f94478da505f,2026-07-28 07:05:37.376455
c14ea2b2-7c37-4f2c-86ae-b9c3d9b1bb07,598a895e-5a20-48cc-95bd-a52fe5d4bb65,98341801-b2f2-498b-a3c1-68c5bbf7c41c,AGREEMENT,98341801-b2f2-498b-a3c1-68c5bbf7c41c,DEBIT,5000.00,TRY,2026-02,OFF_INVOICE,NKA,b39ade6a-ea33-413f-95a0-281c859f32fd,084d33dc-daa7-4544-9155-bfc9e2fc2cd4,650e4b5e-f1a2-4a67-a1ce-067c053d5a63,d47cdd1e-551e-4606-b9ee-f47a17a7f323,f,,LEDGER|AGREEMENT|98341801-b2f2-498b-a3c1-68c5bbf7c41c|c84ac4a4-18a1-4bf5-9ceb-e35056da7f6f,,3b703dae-2955-40a1-affa-f94478da505f,2026-07-28 08:07:50.461778
712d049c-72e6-41a6-8691-91be0c54184c,598a895e-5a20-48cc-95bd-a52fe5d4bb65,57b008d8-4828-4504-a912-4e45777fdf79,AGREEMENT,57b008d8-4828-4504-a912-4e45777fdf79,DEBIT,3000.00,TRY,2026-02,OFF_INVOICE,NKA,b39ade6a-ea33-413f-95a0-281c859f32fd,084d33dc-daa7-4544-9155-bfc9e2fc2cd4,650e4b5e-f1a2-4a67-a1ce-067c053d5a63,d47cdd1e-551e-4606-b9ee-f47a17a7f323,t,,LEDGER|AGREEMENT|57b008d8-4828-4504-a912-4e45777fdf79|116b2070-325b-44af-b528-6062c2aba1a8,,3b703dae-2955-40a1-affa-f94478da505f,2026-07-28 08:07:50.770005
82681261-7028-4179-8117-68498e35de7f,598a895e-5a20-48cc-95bd-a52fe5d4bb65,57b008d8-4828-4504-a912-4e45777fdf79,AGREEMENT,57b008d8-4828-4504-a912-4e45777fdf79,CREDIT,3000.00,TRY,2026-02,OFF_INVOICE,NKA,b39ade6a-ea33-413f-95a0-281c859f32fd,084d33dc-daa7-4544-9155-bfc9e2fc2cd4,650e4b5e-f1a2-4a67-a1ce-067c053d5a63,d47cdd1e-551e-4606-b9ee-f47a17a7f323,f,712d049c-72e6-41a6-8691-91be0c54184c,REVERSAL|LEDGER|712d049c-72e6-41a6-8691-91be0c54184c,Reversal of ledger entry 712d049c-72e6-41a6-8691-91be0c54184c,3b703dae-2955-40a1-affa-f94478da505f,2026-07-28 08:07:50.790921
471c98a1-ac7f-49d3-bb07-d2c700cad4a5,598a895e-5a20-48cc-95bd-a52fe5d4bb65,4836fcae-01cc-415b-9da7-9a52971a80a3,AGREEMENT,4836fcae-01cc-415b-9da7-9a52971a80a3,DEBIT,5000.00,TRY,2026-02,OFF_INVOICE,NKA,b39ade6a-ea33-413f-95a0-281c859f32fd,084d33dc-daa7-4544-9155-bfc9e2fc2cd4,650e4b5e-f1a2-4a67-a1ce-067c053d5a63,d47cdd1e-551e-4606-b9ee-f47a17a7f323,f,,LEDGER|AGREEMENT|4836fcae-01cc-415b-9da7-9a52971a80a3|fb95fef5-2e5f-49c1-b4d3-6b6a765e8060,,3b703dae-2955-40a1-affa-f94478da505f,2026-07-28 08:09:05.183041
ce1e9516-d72b-4180-98dd-2a32ed4748a0,598a895e-5a20-48cc-95bd-a52fe5d4bb65,15cb8fad-eb1c-4f73-87e1-0dac43b2b2d9,AGREEMENT,15cb8fad-eb1c-4f73-87e1-0dac43b2b2d9,DEBIT,3000.00,TRY,2026-02,OFF_INVOICE,NKA,b39ade6a-ea33-413f-95a0-281c859f32fd,084d33dc-daa7-4544-9155-bfc9e2fc2cd4,650e4b5e-f1a2-4a67-a1ce-067c053d5a63,d47cdd1e-551e-4606-b9ee-f47a17a7f323,t,,LEDGER|AGREEMENT|15cb8fad-eb1c-4f73-87e1-0dac43b2b2d9|1f16145f-5b7d-4d12-acf1-2d81393d24af,,3b703dae-2955-40a1-affa-f94478da505f,2026-07-28 08:09:05.270067
919938e4-6968-4087-bd15-807370bfcf28,598a895e-5a20-48cc-95bd-a52fe5d4bb65,15cb8fad-eb1c-4f73-87e1-0dac43b2b2d9,AGREEMENT,15cb8fad-eb1c-4f73-87e1-0dac43b2b2d9,CREDIT,3000.00,TRY,2026-02,OFF_INVOICE,NKA,b39ade6a-ea33-413f-95a0-281c859f32fd,084d33dc-daa7-4544-9155-bfc9e2fc2cd4,650e4b5e-f1a2-4a67-a1ce-067c053d5a63,d47cdd1e-551e-4606-b9ee-f47a17a7f323,f,ce1e9516-d72b-4180-98dd-2a32ed4748a0,REVERSAL|LEDGER|ce1e9516-d72b-4180-98dd-2a32ed4748a0,Reversal of ledger entry ce1e9516-d72b-4180-98dd-2a32ed4748a0,3b703dae-2955-40a1-affa-f94478da505f,2026-07-28 08:09:05.276457
15285630-0f90-4d77-94e3-f8b2092b980e,598a895e-5a20-48cc-95bd-a52fe5d4bb65,ca635406-b1ed-44d9-ba8c-09d92f00c423,AGREEMENT,ca635406-b1ed-44d9-ba8c-09d92f00c423,DEBIT,5000.00,TRY,2026-02,OFF_INVOICE,NKA,b39ade6a-ea33-413f-95a0-281c859f32fd,084d33dc-daa7-4544-9155-bfc9e2fc2cd4,650e4b5e-f1a2-4a67-a1ce-067c053d5a63,d47cdd1e-551e-4606-b9ee-f47a17a7f323,t,,LEDGER|AGREEMENT|ca635406-b1ed-44d9-ba8c-09d92f00c423|f1b5cacd-b8b3-4fb4-9b09-868078954a9f,,3b703dae-2955-40a1-affa-f94478da505f,2026-07-28 08:10:16.424432
27828b8b-88c6-49d9-bb9a-f61b1724b481,598a895e-5a20-48cc-95bd-a52fe5d4bb65,ca635406-b1ed-44d9-ba8c-09d92f00c423,AGREEMENT,ca635406-b1ed-44d9-ba8c-09d92f00c423,CREDIT,5000.00,TRY,2026-02,OFF_INVOICE,NKA,b39ade6a-ea33-413f-95a0-281c859f32fd,084d33dc-daa7-4544-9155-bfc9e2fc2cd4,650e4b5e-f1a2-4a67-a1ce-067c053d5a63,d47cdd1e-551e-4606-b9ee-f47a17a7f323,f,15285630-0f90-4d77-94e3-f8b2092b980e,REVERSAL|LEDGER|15285630-0f90-4d77-94e3-f8b2092b980e,Reversal of ledger entry 15285630-0f90-4d77-94e3-f8b2092b980e,3b703dae-2955-40a1-affa-f94478da505f,2026-07-28 08:10:16.430733
59a99c50-d1e0-4b31-805e-71d694a9f419,598a895e-5a20-48cc-95bd-a52fe5d4bb65,ca635406-b1ed-44d9-ba8c-09d92f00c423,AGREEMENT,ca635406-b1ed-44d9-ba8c-09d92f00c423,DEBIT,5000.00,TRY,2026-02,OFF_INVOICE,NKA,b39ade6a-ea33-413f-95a0-281c859f32fd,084d33dc-daa7-4544-9155-bfc9e2fc2cd4,650e4b5e-f1a2-4a67-a1ce-067c053d5a63,d47cdd1e-551e-4606-b9ee-f47a17a7f323,t,,LEDGER|AGREEMENT|ca635406-b1ed-44d9-ba8c-09d92f00c423|a135b8f1-0eb1-4874-afb8-bc138952881b,,3b703dae-2955-40a1-affa-f94478da505f,2026-07-28 08:10:16.547758
709d8171-268c-4be8-bfaf-d7f00f892812,598a895e-5a20-48cc-95bd-a52fe5d4bb65,ca635406-b1ed-44d9-ba8c-09d92f00c423,AGREEMENT,ca635406-b1ed-44d9-ba8c-09d92f00c423,CREDIT,5000.00,TRY,2026-02,OFF_INVOICE,NKA,b39ade6a-ea33-413f-95a0-281c859f32fd,084d33dc-daa7-4544-9155-bfc9e2fc2cd4,650e4b5e-f1a2-4a67-a1ce-067c053d5a63,d47cdd1e-551e-4606-b9ee-f47a17a7f323,f,59a99c50-d1e0-4b31-805e-71d694a9f419,REVERSAL|LEDGER|59a99c50-d1e0-4b31-805e-71d694a9f419,Reversal of ledger entry 59a99c50-d1e0-4b31-805e-71d694a9f419,0e23990b-31a0-4ac2-be89-a46ebc8200d4,2026-07-28 08:10:16.550931
2f8c5cc4-cc11-4a55-afb9-70bff374e937,598a895e-5a20-48cc-95bd-a52fe5d4bb65,ca635406-b1ed-44d9-ba8c-09d92f00c423,AGREEMENT,ca635406-b1ed-44d9-ba8c-09d92f00c423,DEBIT,5000.00,TRY,2026-02,OFF_INVOICE,NKA,b39ade6a-ea33-413f-95a0-281c859f32fd,084d33dc-daa7-4544-9155-bfc9e2fc2cd4,650e4b5e-f1a2-4a67-a1ce-067c053d5a63,d47cdd1e-551e-4606-b9ee-f47a17a7f323,t,,LEDGER|AGREEMENT|ca635406-b1ed-44d9-ba8c-09d92f00c423|0f50de55-259a-4458-a2c8-113ed505b023,,3b703dae-2955-40a1-affa-f94478da505f,2026-07-28 08:10:16.576219
abe42255-dcf2-4d7f-8eb8-f8e13c546368,598a895e-5a20-48cc-95bd-a52fe5d4bb65,ca635406-b1ed-44d9-ba8c-09d92f00c423,AGREEMENT,ca635406-b1ed-44d9-ba8c-09d92f00c423,CREDIT,5000.00,TRY,2026-02,OFF_INVOICE,NKA,b39ade6a-ea33-413f-95a0-281c859f32fd,084d33dc-daa7-4544-9155-bfc9e2fc2cd4,650e4b5e-f1a2-4a67-a1ce-067c053d5a63,d47cdd1e-551e-4606-b9ee-f47a17a7f323,f,2f8c5cc4-cc11-4a55-afb9-70bff374e937,REVERSAL|LEDGER|2f8c5cc4-cc11-4a55-afb9-70bff374e937,Reversal of ledger entry 2f8c5cc4-cc11-4a55-afb9-70bff374e937,3b703dae-2955-40a1-affa-f94478da505f,2026-07-28 08:10:16.582716
b24651ba-afc5-4c19-8d68-737a0c381c25,598a895e-5a20-48cc-95bd-a52fe5d4bb65,ca635406-b1ed-44d9-ba8c-09d92f00c423,AGREEMENT,ca635406-b1ed-44d9-ba8c-09d92f00c423,DEBIT,5000.00,TRY,2026-02,OFF_INVOICE,NKA,b39ade6a-ea33-413f-95a0-281c859f32fd,084d33dc-daa7-4544-9155-bfc9e2fc2cd4,650e4b5e-f1a2-4a67-a1ce-067c053d5a63,d47cdd1e-551e-4606-b9ee-f47a17a7f323,t,,LEDGER|AGREEMENT|ca635406-b1ed-44d9-ba8c-09d92f00c423|156d0130-7cf5-4654-bc03-082efa1b2617,,3b703dae-2955-40a1-affa-f94478da505f,2026-07-28 08:10:16.607837
2abf5d5f-cab0-4a23-bff7-6aebde40e9a7,598a895e-5a20-48cc-95bd-a52fe5d4bb65,ca635406-b1ed-44d9-ba8c-09d92f00c423,AGREEMENT,ca635406-b1ed-44d9-ba8c-09d92f00c423,CREDIT,5000.00,TRY,2026-02,OFF_INVOICE,NKA,b39ade6a-ea33-413f-95a0-281c859f32fd,084d33dc-daa7-4544-9155-bfc9e2fc2cd4,650e4b5e-f1a2-4a67-a1ce-067c053d5a63,d47cdd1e-551e-4606-b9ee-f47a17a7f323,f,b24651ba-afc5-4c19-8d68-737a0c381c25,REVERSAL|LEDGER|b24651ba-afc5-4c19-8d68-737a0c381c25,Reversal of ledger entry b24651ba-afc5-4c19-8d68-737a0c381c25,3b703dae-2955-40a1-affa-f94478da505f,2026-07-28 08:10:16.613232
53f501b5-0b3a-4acb-a60a-e2a9bce5d4b0,598a895e-5a20-48cc-95bd-a52fe5d4bb65,5ec7d187-4c8a-4c80-a428-a516956bc8d2,AGREEMENT,5ec7d187-4c8a-4c80-a428-a516956bc8d2,DEBIT,5000.00,TRY,2026-02,OFF_INVOICE,NKA,b39ade6a-ea33-413f-95a0-281c859f32fd,084d33dc-daa7-4544-9155-bfc9e2fc2cd4,650e4b5e-f1a2-4a67-a1ce-067c053d5a63,d47cdd1e-551e-4606-b9ee-f47a17a7f323,f,,LEDGER|AGREEMENT|5ec7d187-4c8a-4c80-a428-a516956bc8d2|35082196-af6b-4f14-b113-a6ed9a7df1b2,,3b703dae-2955-40a1-affa-f94478da505f,2026-07-28 08:10:22.282441
753fd80a-2d5d-4a1c-b584-90ba25e7f56f,598a895e-5a20-48cc-95bd-a52fe5d4bb65,b302fb01-303c-4a2c-abcf-3fc88c1853c2,AGREEMENT,b302fb01-303c-4a2c-abcf-3fc88c1853c2,DEBIT,3000.00,TRY,2026-02,OFF_INVOICE,NKA,b39ade6a-ea33-413f-95a0-281c859f32fd,084d33dc-daa7-4544-9155-bfc9e2fc2cd4,650e4b5e-f1a2-4a67-a1ce-067c053d5a63,d47cdd1e-551e-4606-b9ee-f47a17a7f323,t,,LEDGER|AGREEMENT|b302fb01-303c-4a2c-abcf-3fc88c1853c2|244645cb-5651-4c90-a118-4b46c9cfcd87,,3b703dae-2955-40a1-affa-f94478da505f,2026-07-28 08:10:22.377793
eac4e6bb-9cf6-4b37-a4d0-fe14fa9bf25f,598a895e-5a20-48cc-95bd-a52fe5d4bb65,b302fb01-303c-4a2c-abcf-3fc88c1853c2,AGREEMENT,b302fb01-303c-4a2c-abcf-3fc88c1853c2,CREDIT,3000.00,TRY,2026-02,OFF_INVOICE,NKA,b39ade6a-ea33-413f-95a0-281c859f32fd,084d33dc-daa7-4544-9155-bfc9e2fc2cd4,650e4b5e-f1a2-4a67-a1ce-067c053d5a63,d47cdd1e-551e-4606-b9ee-f47a17a7f323,f,753fd80a-2d5d-4a1c-b584-90ba25e7f56f,REVERSAL|LEDGER|753fd80a-2d5d-4a1c-b584-90ba25e7f56f,Reversal of ledger entry 753fd80a-2d5d-4a1c-b584-90ba25e7f56f,3b703dae-2955-40a1-affa-f94478da505f,2026-07-28 08:10:22.384132
3cf676f5-2259-4d58-b041-f46c17903ff9,598a895e-5a20-48cc-95bd-a52fe5d4bb65,d72e3958-ecab-45da-ae83-03dfb4ff54ac,AGREEMENT,d72e3958-ecab-45da-ae83-03dfb4ff54ac,DEBIT,12000.00,TRY,2026-02,OFF_INVOICE,NKA,b39ade6a-ea33-413f-95a0-281c859f32fd,084d33dc-daa7-4544-9155-bfc9e2fc2cd4,650e4b5e-f1a2-4a67-a1ce-067c053d5a63,d47cdd1e-551e-4606-b9ee-f47a17a7f323,f,,LEDGER|AGREEMENT|d72e3958-ecab-45da-ae83-03dfb4ff54ac|b8f410c3-6d93-42c8-a054-933099b6370f,,3b703dae-2955-40a1-affa-f94478da505f,2026-07-28 08:10:24.925836
be4afb2f-2835-4015-87ac-927ef6b97316,598a895e-5a20-48cc-95bd-a52fe5d4bb65,b9652496-9757-491e-9100-74a1090a4c6a,AGREEMENT,b9652496-9757-491e-9100-74a1090a4c6a,DEBIT,4000.00,TRY,2026-02,OFF_INVOICE,NKA,b39ade6a-ea33-413f-95a0-281c859f32fd,084d33dc-daa7-4544-9155-bfc9e2fc2cd4,650e4b5e-f1a2-4a67-a1ce-067c053d5a63,d47cdd1e-551e-4606-b9ee-f47a17a7f323,t,,LEDGER|AGREEMENT|b9652496-9757-491e-9100-74a1090a4c6a|31367ba4-5dfe-45a8-aeee-ad3a4ae8d20a,,3b703dae-2955-40a1-affa-f94478da505f,2026-07-28 08:10:25.291125
344ed82e-80c7-4ea9-8f9b-01ee4037d9bb,598a895e-5a20-48cc-95bd-a52fe5d4bb65,b9652496-9757-491e-9100-74a1090a4c6a,AGREEMENT,b9652496-9757-491e-9100-74a1090a4c6a,CREDIT,4000.00,TRY,2026-02,OFF_INVOICE,NKA,b39ade6a-ea33-413f-95a0-281c859f32fd,084d33dc-daa7-4544-9155-bfc9e2fc2cd4,650e4b5e-f1a2-4a67-a1ce-067c053d5a63,d47cdd1e-551e-4606-b9ee-f47a17a7f323,f,be4afb2f-2835-4015-87ac-927ef6b97316,REVERSAL|LEDGER|be4afb2f-2835-4015-87ac-927ef6b97316,Reversal of ledger entry be4afb2f-2835-4015-87ac-927ef6b97316,3b703dae-2955-40a1-affa-f94478da505f,2026-07-28 08:10:25.297434
462f8602-9fa0-4085-8ffe-049fd6b63024,598a895e-5a20-48cc-95bd-a52fe5d4bb65,92dfaf02-02fe-4914-94b0-a3691a038327,AGREEMENT,92dfaf02-02fe-4914-94b0-a3691a038327,DEBIT,5000.00,TRY,2026-02,OFF_INVOICE,NKA,b39ade6a-ea33-413f-95a0-281c859f32fd,084d33dc-daa7-4544-9155-bfc9e2fc2cd4,650e4b5e-f1a2-4a67-a1ce-067c053d5a63,d47cdd1e-551e-4606-b9ee-f47a17a7f323,f,,LEDGER|AGREEMENT|92dfaf02-02fe-4914-94b0-a3691a038327|afc83108-b16e-4b22-8984-d04d511a49e3,,3b703dae-2955-40a1-affa-f94478da505f,2026-07-28 08:11:40.946912
0aa62a53-34de-4204-b260-5e82ed17f7cd,598a895e-5a20-48cc-95bd-a52fe5d4bb65,891034f9-023e-4af7-b679-7f031ac6784b,AGREEMENT,891034f9-023e-4af7-b679-7f031ac6784b,DEBIT,3000.00,TRY,2026-02,OFF_INVOICE,NKA,b39ade6a-ea33-413f-95a0-281c859f32fd,084d33dc-daa7-4544-9155-bfc9e2fc2cd4,650e4b5e-f1a2-4a67-a1ce-067c053d5a63,d47cdd1e-551e-4606-b9ee-f47a17a7f323,t,,LEDGER|AGREEMENT|891034f9-023e-4af7-b679-7f031ac6784b|02b4e6c4-4574-4ca0-a359-8c207a16f861,,3b703dae-2955-40a1-affa-f94478da505f,2026-07-28 08:11:41.044874
e02dea12-f4d3-4b3b-95c7-921e8da85f2c,598a895e-5a20-48cc-95bd-a52fe5d4bb65,891034f9-023e-4af7-b679-7f031ac6784b,AGREEMENT,891034f9-023e-4af7-b679-7f031ac6784b,CREDIT,3000.00,TRY,2026-02,OFF_INVOICE,NKA,b39ade6a-ea33-413f-95a0-281c859f32fd,084d33dc-daa7-4544-9155-bfc9e2fc2cd4,650e4b5e-f1a2-4a67-a1ce-067c053d5a63,d47cdd1e-551e-4606-b9ee-f47a17a7f323,f,0aa62a53-34de-4204-b260-5e82ed17f7cd,REVERSAL|LEDGER|0aa62a53-34de-4204-b260-5e82ed17f7cd,Reversal of ledger entry 0aa62a53-34de-4204-b260-5e82ed17f7cd,3b703dae-2955-40a1-affa-f94478da505f,2026-07-28 08:11:41.052377
41c4cf8c-2545-4613-a379-7ef692fc6b7a,598a895e-5a20-48cc-95bd-a52fe5d4bb65,15cb8fad-eb1c-4f73-87e1-0dac43b2b2d9,AGREEMENT,15cb8fad-eb1c-4f73-87e1-0dac43b2b2d9,DEBIT,5000.00,TRY,2026-02,OFF_INVOICE,NKA,b39ade6a-ea33-413f-95a0-281c859f32fd,084d33dc-daa7-4544-9155-bfc9e2fc2cd4,650e4b5e-f1a2-4a67-a1ce-067c053d5a63,d47cdd1e-551e-4606-b9ee-f47a17a7f323,t,,LEDGER|AGREEMENT|15cb8fad-eb1c-4f73-87e1-0dac43b2b2d9|46f004ef-dc06-423e-91ed-5ca49439bc61,,3b703dae-2955-40a1-affa-f94478da505f,2026-07-28 08:11:42.873807
34b51f97-e99f-48fb-ba1d-49dacf49aa04,598a895e-5a20-48cc-95bd-a52fe5d4bb65,15cb8fad-eb1c-4f73-87e1-0dac43b2b2d9,AGREEMENT,15cb8fad-eb1c-4f73-87e1-0dac43b2b2d9,CREDIT,5000.00,TRY,2026-02,OFF_INVOICE,NKA,b39ade6a-ea33-413f-95a0-281c859f32fd,084d33dc-daa7-4544-9155-bfc9e2fc2cd4,650e4b5e-f1a2-4a67-a1ce-067c053d5a63,d47cdd1e-551e-4606-b9ee-f47a17a7f323,f,41c4cf8c-2545-4613-a379-7ef692fc6b7a,REVERSAL|LEDGER|41c4cf8c-2545-4613-a379-7ef692fc6b7a,Reversal of ledger entry 41c4cf8c-2545-4613-a379-7ef692fc6b7a,3b703dae-2955-40a1-affa-f94478da505f,2026-07-28 08:11:42.879071
dd70f9a5-5e2b-43de-9bb8-920a4a33ea23,598a895e-5a20-48cc-95bd-a52fe5d4bb65,15cb8fad-eb1c-4f73-87e1-0dac43b2b2d9,AGREEMENT,15cb8fad-eb1c-4f73-87e1-0dac43b2b2d9,DEBIT,5000.00,TRY,2026-02,OFF_INVOICE,NKA,b39ade6a-ea33-413f-95a0-281c859f32fd,084d33dc-daa7-4544-9155-bfc9e2fc2cd4,650e4b5e-f1a2-4a67-a1ce-067c053d5a63,d47cdd1e-551e-4606-b9ee-f47a17a7f323,t,,LEDGER|AGREEMENT|15cb8fad-eb1c-4f73-87e1-0dac43b2b2d9|49f5ac9d-a5a1-43b0-a072-0b2911748c33,,3b703dae-2955-40a1-affa-f94478da505f,2026-07-28 08:11:42.995204
1ba2b226-ce8e-4b1d-bc1b-8c96dd45efcf,598a895e-5a20-48cc-95bd-a52fe5d4bb65,15cb8fad-eb1c-4f73-87e1-0dac43b2b2d9,AGREEMENT,15cb8fad-eb1c-4f73-87e1-0dac43b2b2d9,CREDIT,5000.00,TRY,2026-02,OFF_INVOICE,NKA,b39ade6a-ea33-413f-95a0-281c859f32fd,084d33dc-daa7-4544-9155-bfc9e2fc2cd4,650e4b5e-f1a2-4a67-a1ce-067c053d5a63,d47cdd1e-551e-4606-b9ee-f47a17a7f323,f,dd70f9a5-5e2b-43de-9bb8-920a4a33ea23,REVERSAL|LEDGER|dd70f9a5-5e2b-43de-9bb8-920a4a33ea23,Reversal of ledger entry dd70f9a5-5e2b-43de-9bb8-920a4a33ea23,0e23990b-31a0-4ac2-be89-a46ebc8200d4,2026-07-28 08:11:43.001071
b22a34ad-c19a-427b-ad46-12f7ea3f18e5,598a895e-5a20-48cc-95bd-a52fe5d4bb65,15cb8fad-eb1c-4f73-87e1-0dac43b2b2d9,AGREEMENT,15cb8fad-eb1c-4f73-87e1-0dac43b2b2d9,DEBIT,5000.00,TRY,2026-02,OFF_INVOICE,NKA,b39ade6a-ea33-413f-95a0-281c859f32fd,084d33dc-daa7-4544-9155-bfc9e2fc2cd4,650e4b5e-f1a2-4a67-a1ce-067c053d5a63,d47cdd1e-551e-4606-b9ee-f47a17a7f323,t,,LEDGER|AGREEMENT|15cb8fad-eb1c-4f73-87e1-0dac43b2b2d9|20b25fd6-4591-408d-8dcf-5549a483ac13,,3b703dae-2955-40a1-affa-f94478da505f,2026-07-28 08:11:43.025794
7d218384-b428-4f19-bbbd-e390e9dee1a4,598a895e-5a20-48cc-95bd-a52fe5d4bb65,15cb8fad-eb1c-4f73-87e1-0dac43b2b2d9,AGREEMENT,15cb8fad-eb1c-4f73-87e1-0dac43b2b2d9,CREDIT,5000.00,TRY,2026-02,OFF_INVOICE,NKA,b39ade6a-ea33-413f-95a0-281c859f32fd,084d33dc-daa7-4544-9155-bfc9e2fc2cd4,650e4b5e-f1a2-4a67-a1ce-067c053d5a63,d47cdd1e-551e-4606-b9ee-f47a17a7f323,f,b22a34ad-c19a-427b-ad46-12f7ea3f18e5,REVERSAL|LEDGER|b22a34ad-c19a-427b-ad46-12f7ea3f18e5,Reversal of ledger entry b22a34ad-c19a-427b-ad46-12f7ea3f18e5,3b703dae-2955-40a1-affa-f94478da505f,2026-07-28 08:11:43.028318
595ac83e-871d-487e-82fa-b34721117d22,598a895e-5a20-48cc-95bd-a52fe5d4bb65,15cb8fad-eb1c-4f73-87e1-0dac43b2b2d9,AGREEMENT,15cb8fad-eb1c-4f73-87e1-0dac43b2b2d9,DEBIT,5000.00,TRY,2026-02,OFF_INVOICE,NKA,b39ade6a-ea33-413f-95a0-281c859f32fd,084d33dc-daa7-4544-9155-bfc9e2fc2cd4,650e4b5e-f1a2-4a67-a1ce-067c053d5a63,d47cdd1e-551e-4606-b9ee-f47a17a7f323,t,,LEDGER|AGREEMENT|15cb8fad-eb1c-4f73-87e1-0dac43b2b2d9|cbade119-b5c5-4eee-823d-f0deca680493,,3b703dae-2955-40a1-affa-f94478da505f,2026-07-28 08:11:43.050441
eec8176b-e892-435b-84de-012ad6ace613,598a895e-5a20-48cc-95bd-a52fe5d4bb65,15cb8fad-eb1c-4f73-87e1-0dac43b2b2d9,AGREEMENT,15cb8fad-eb1c-4f73-87e1-0dac43b2b2d9,CREDIT,5000.00,TRY,2026-02,OFF_INVOICE,NKA,b39ade6a-ea33-413f-95a0-281c859f32fd,084d33dc-daa7-4544-9155-bfc9e2fc2cd4,650e4b5e-f1a2-4a67-a1ce-067c053d5a63,d47cdd1e-551e-4606-b9ee-f47a17a7f323,f,595ac83e-871d-487e-82fa-b34721117d22,REVERSAL|LEDGER|595ac83e-871d-487e-82fa-b34721117d22,Reversal of ledger entry 595ac83e-871d-487e-82fa-b34721117d22,3b703dae-2955-40a1-affa-f94478da505f,2026-07-28 08:11:43.054834
a4e1c871-0d90-43fc-a1ce-d6738587d6cc,598a895e-5a20-48cc-95bd-a52fe5d4bb65,4093188a-3f46-4310-88a9-d141d54ca312,AGREEMENT,4093188a-3f46-4310-88a9-d141d54ca312,DEBIT,12000.00,TRY,2026-02,OFF_INVOICE,NKA,b39ade6a-ea33-413f-95a0-281c859f32fd,084d33dc-daa7-4544-9155-bfc9e2fc2cd4,650e4b5e-f1a2-4a67-a1ce-067c053d5a63,d47cdd1e-551e-4606-b9ee-f47a17a7f323,f,,LEDGER|AGREEMENT|4093188a-3f46-4310-88a9-d141d54ca312|502eb7dd-f037-451b-a4e5-f4da67eea795,,3b703dae-2955-40a1-affa-f94478da505f,2026-07-28 08:11:44.107032
ca04902e-c7bd-46c3-b7ea-5f41a804e9a8,598a895e-5a20-48cc-95bd-a52fe5d4bb65,6849837f-b635-49b7-92f5-df4012287ab8,AGREEMENT,6849837f-b635-49b7-92f5-df4012287ab8,DEBIT,4000.00,TRY,2026-02,OFF_INVOICE,NKA,b39ade6a-ea33-413f-95a0-281c859f32fd,084d33dc-daa7-4544-9155-bfc9e2fc2cd4,650e4b5e-f1a2-4a67-a1ce-067c053d5a63,d47cdd1e-551e-4606-b9ee-f47a17a7f323,t,,LEDGER|AGREEMENT|6849837f-b635-49b7-92f5-df4012287ab8|a21cdd64-35ff-477e-a41a-cb0201a298b9,,3b703dae-2955-40a1-affa-f94478da505f,2026-07-28 08:11:44.398659
b40b7f55-74e2-442e-9743-6e5b3bad9c14,598a895e-5a20-48cc-95bd-a52fe5d4bb65,6849837f-b635-49b7-92f5-df4012287ab8,AGREEMENT,6849837f-b635-49b7-92f5-df4012287ab8,CREDIT,4000.00,TRY,2026-02,OFF_INVOICE,NKA,b39ade6a-ea33-413f-95a0-281c859f32fd,084d33dc-daa7-4544-9155-bfc9e2fc2cd4,650e4b5e-f1a2-4a67-a1ce-067c053d5a63,d47cdd1e-551e-4606-b9ee-f47a17a7f323,f,ca04902e-c7bd-46c3-b7ea-5f41a804e9a8,REVERSAL|LEDGER|ca04902e-c7bd-46c3-b7ea-5f41a804e9a8,Reversal of ledger entry ca04902e-c7bd-46c3-b7ea-5f41a804e9a8,3b703dae-2955-40a1-affa-f94478da505f,2026-07-28 08:11:44.404011
d0c1e9e7-d9ca-4552-a4cf-80eaeda4e18a,598a895e-5a20-48cc-95bd-a52fe5d4bb65,1ca1b2b0-8322-4891-a0df-d82e97460001,AGREEMENT,1ca1b2b0-8322-4891-a0df-d82e97460001,DEBIT,5000.00,TRY,2026-02,OFF_INVOICE,NKA,b39ade6a-ea33-413f-95a0-281c859f32fd,084d33dc-daa7-4544-9155-bfc9e2fc2cd4,650e4b5e-f1a2-4a67-a1ce-067c053d5a63,d47cdd1e-551e-4606-b9ee-f47a17a7f323,f,,LEDGER|AGREEMENT|1ca1b2b0-8322-4891-a0df-d82e97460001|9a24734f-7ca4-4890-91a6-c37df7c57759,,3b703dae-2955-40a1-affa-f94478da505f,2026-07-28 08:19:07.785591
2f2fdc9f-34cd-4922-b039-5f7fcbecf4b8,598a895e-5a20-48cc-95bd-a52fe5d4bb65,23e3d886-88f0-4b76-bf06-c1b882cd0539,AGREEMENT,23e3d886-88f0-4b76-bf06-c1b882cd0539,DEBIT,3000.00,TRY,2026-02,OFF_INVOICE,NKA,b39ade6a-ea33-413f-95a0-281c859f32fd,084d33dc-daa7-4544-9155-bfc9e2fc2cd4,650e4b5e-f1a2-4a67-a1ce-067c053d5a63,d47cdd1e-551e-4606-b9ee-f47a17a7f323,t,,LEDGER|AGREEMENT|23e3d886-88f0-4b76-bf06-c1b882cd0539|9e86bbd5-e6a1-49a1-87ce-dd33a81e800e,,3b703dae-2955-40a1-affa-f94478da505f,2026-07-28 08:19:07.915801
68c92386-be05-4d50-9b8a-bc833e65bb0e,598a895e-5a20-48cc-95bd-a52fe5d4bb65,23e3d886-88f0-4b76-bf06-c1b882cd0539,AGREEMENT,23e3d886-88f0-4b76-bf06-c1b882cd0539,CREDIT,3000.00,TRY,2026-02,OFF_INVOICE,NKA,b39ade6a-ea33-413f-95a0-281c859f32fd,084d33dc-daa7-4544-9155-bfc9e2fc2cd4,650e4b5e-f1a2-4a67-a1ce-067c053d5a63,d47cdd1e-551e-4606-b9ee-f47a17a7f323,f,2f2fdc9f-34cd-4922-b039-5f7fcbecf4b8,REVERSAL|LEDGER|2f2fdc9f-34cd-4922-b039-5f7fcbecf4b8,Reversal of ledger entry 2f2fdc9f-34cd-4922-b039-5f7fcbecf4b8,3b703dae-2955-40a1-affa-f94478da505f,2026-07-28 08:19:07.926956
dff81ba9-bffe-4a90-a64b-568275c62e50,598a895e-5a20-48cc-95bd-a52fe5d4bb65,891034f9-023e-4af7-b679-7f031ac6784b,AGREEMENT,891034f9-023e-4af7-b679-7f031ac6784b,DEBIT,5000.00,TRY,2026-02,OFF_INVOICE,NKA,b39ade6a-ea33-413f-95a0-281c859f32fd,084d33dc-daa7-4544-9155-bfc9e2fc2cd4,650e4b5e-f1a2-4a67-a1ce-067c053d5a63,d47cdd1e-551e-4606-b9ee-f47a17a7f323,t,,LEDGER|AGREEMENT|891034f9-023e-4af7-b679-7f031ac6784b|013f6f38-1e9e-4950-ad98-64b3c395d0f2,,3b703dae-2955-40a1-affa-f94478da505f,2026-07-28 08:19:10.691004
229dcf64-9dc9-450b-962f-28b4113e7e9f,598a895e-5a20-48cc-95bd-a52fe5d4bb65,891034f9-023e-4af7-b679-7f031ac6784b,AGREEMENT,891034f9-023e-4af7-b679-7f031ac6784b,CREDIT,5000.00,TRY,2026-02,OFF_INVOICE,NKA,b39ade6a-ea33-413f-95a0-281c859f32fd,084d33dc-daa7-4544-9155-bfc9e2fc2cd4,650e4b5e-f1a2-4a67-a1ce-067c053d5a63,d47cdd1e-551e-4606-b9ee-f47a17a7f323,f,dff81ba9-bffe-4a90-a64b-568275c62e50,REVERSAL|LEDGER|dff81ba9-bffe-4a90-a64b-568275c62e50,Reversal of ledger entry dff81ba9-bffe-4a90-a64b-568275c62e50,3b703dae-2955-40a1-affa-f94478da505f,2026-07-28 08:19:10.700318
d909f094-13a8-45b3-a172-dd347cd4cce5,598a895e-5a20-48cc-95bd-a52fe5d4bb65,891034f9-023e-4af7-b679-7f031ac6784b,AGREEMENT,891034f9-023e-4af7-b679-7f031ac6784b,DEBIT,5000.00,TRY,2026-02,OFF_INVOICE,NKA,b39ade6a-ea33-413f-95a0-281c859f32fd,084d33dc-daa7-4544-9155-bfc9e2fc2cd4,650e4b5e-f1a2-4a67-a1ce-067c053d5a63,d47cdd1e-551e-4606-b9ee-f47a17a7f323,t,,LEDGER|AGREEMENT|891034f9-023e-4af7-b679-7f031ac6784b|fca70cdd-f068-4b16-a52a-2eac2d2743f5,,3b703dae-2955-40a1-affa-f94478da505f,2026-07-28 08:19:10.902082
f94257b4-ab58-46c3-a7bd-045b1e0aa858,598a895e-5a20-48cc-95bd-a52fe5d4bb65,891034f9-023e-4af7-b679-7f031ac6784b,AGREEMENT,891034f9-023e-4af7-b679-7f031ac6784b,CREDIT,5000.00,TRY,2026-02,OFF_INVOICE,NKA,b39ade6a-ea33-413f-95a0-281c859f32fd,084d33dc-daa7-4544-9155-bfc9e2fc2cd4,650e4b5e-f1a2-4a67-a1ce-067c053d5a63,d47cdd1e-551e-4606-b9ee-f47a17a7f323,f,d909f094-13a8-45b3-a172-dd347cd4cce5,REVERSAL|LEDGER|d909f094-13a8-45b3-a172-dd347cd4cce5,Reversal of ledger entry d909f094-13a8-45b3-a172-dd347cd4cce5,0e23990b-31a0-4ac2-be89-a46ebc8200d4,2026-07-28 08:19:10.907483
c9dff6a2-6514-4e45-8b77-584dccf2c495,598a895e-5a20-48cc-95bd-a52fe5d4bb65,891034f9-023e-4af7-b679-7f031ac6784b,AGREEMENT,891034f9-023e-4af7-b679-7f031ac6784b,DEBIT,5000.00,TRY,2026-02,OFF_INVOICE,NKA,b39ade6a-ea33-413f-95a0-281c859f32fd,084d33dc-daa7-4544-9155-bfc9e2fc2cd4,650e4b5e-f1a2-4a67-a1ce-067c053d5a63,d47cdd1e-551e-4606-b9ee-f47a17a7f323,t,,LEDGER|AGREEMENT|891034f9-023e-4af7-b679-7f031ac6784b|dafd82bb-bb92-457f-9529-9094d95bfe28,,3b703dae-2955-40a1-affa-f94478da505f,2026-07-28 08:19:10.949246
07599a1c-85c2-4090-bfd9-25a0cef8d561,598a895e-5a20-48cc-95bd-a52fe5d4bb65,891034f9-023e-4af7-b679-7f031ac6784b,AGREEMENT,891034f9-023e-4af7-b679-7f031ac6784b,CREDIT,5000.00,TRY,2026-02,OFF_INVOICE,NKA,b39ade6a-ea33-413f-95a0-281c859f32fd,084d33dc-daa7-4544-9155-bfc9e2fc2cd4,650e4b5e-f1a2-4a67-a1ce-067c053d5a63,d47cdd1e-551e-4606-b9ee-f47a17a7f323,f,c9dff6a2-6514-4e45-8b77-584dccf2c495,REVERSAL|LEDGER|c9dff6a2-6514-4e45-8b77-584dccf2c495,Reversal of ledger entry c9dff6a2-6514-4e45-8b77-584dccf2c495,3b703dae-2955-40a1-affa-f94478da505f,2026-07-28 08:19:10.965108
1457253d-1228-403b-94b0-07e2cb3f02a7,598a895e-5a20-48cc-95bd-a52fe5d4bb65,891034f9-023e-4af7-b679-7f031ac6784b,AGREEMENT,891034f9-023e-4af7-b679-7f031ac6784b,DEBIT,5000.00,TRY,2026-02,OFF_INVOICE,NKA,b39ade6a-ea33-413f-95a0-281c859f32fd,084d33dc-daa7-4544-9155-bfc9e2fc2cd4,650e4b5e-f1a2-4a67-a1ce-067c053d5a63,d47cdd1e-551e-4606-b9ee-f47a17a7f323,t,,LEDGER|AGREEMENT|891034f9-023e-4af7-b679-7f031ac6784b|7555a440-6d6b-45d8-a852-6a7968dc4130,,3b703dae-2955-40a1-affa-f94478da505f,2026-07-28 08:19:11.038536
be420897-4a74-4ad5-8c95-f720a76eb46a,598a895e-5a20-48cc-95bd-a52fe5d4bb65,891034f9-023e-4af7-b679-7f031ac6784b,AGREEMENT,891034f9-023e-4af7-b679-7f031ac6784b,CREDIT,5000.00,TRY,2026-02,OFF_INVOICE,NKA,b39ade6a-ea33-413f-95a0-281c859f32fd,084d33dc-daa7-4544-9155-bfc9e2fc2cd4,650e4b5e-f1a2-4a67-a1ce-067c053d5a63,d47cdd1e-551e-4606-b9ee-f47a17a7f323,f,1457253d-1228-403b-94b0-07e2cb3f02a7,REVERSAL|LEDGER|1457253d-1228-403b-94b0-07e2cb3f02a7,Reversal of ledger entry 1457253d-1228-403b-94b0-07e2cb3f02a7,3b703dae-2955-40a1-affa-f94478da505f,2026-07-28 08:19:11.065078
514c63cb-87ee-4add-aa5a-722435629e49,598a895e-5a20-48cc-95bd-a52fe5d4bb65,a2bd5823-2bfd-4075-9096-8785fa758c2e,AGREEMENT,a2bd5823-2bfd-4075-9096-8785fa758c2e,DEBIT,12000.00,TRY,2026-02,OFF_INVOICE,NKA,b39ade6a-ea33-413f-95a0-281c859f32fd,084d33dc-daa7-4544-9155-bfc9e2fc2cd4,650e4b5e-f1a2-4a67-a1ce-067c053d5a63,d47cdd1e-551e-4606-b9ee-f47a17a7f323,f,,LEDGER|AGREEMENT|a2bd5823-2bfd-4075-9096-8785fa758c2e|e38930c3-b96c-4541-a4fb-eb78cf9f6dd6,,3b703dae-2955-40a1-affa-f94478da505f,2026-07-28 08:19:14.800104
38455a3e-8cf6-4be8-a0da-fd29ec6bd7eb,598a895e-5a20-48cc-95bd-a52fe5d4bb65,7484894f-765f-4055-b1ec-ad2bd6248909,AGREEMENT,7484894f-765f-4055-b1ec-ad2bd6248909,DEBIT,4000.00,TRY,2026-02,OFF_INVOICE,NKA,b39ade6a-ea33-413f-95a0-281c859f32fd,084d33dc-daa7-4544-9155-bfc9e2fc2cd4,650e4b5e-f1a2-4a67-a1ce-067c053d5a63,d47cdd1e-551e-4606-b9ee-f47a17a7f323,t,,LEDGER|AGREEMENT|7484894f-765f-4055-b1ec-ad2bd6248909|abbdff4b-4c8a-435f-b98c-d311fee14abf,,3b703dae-2955-40a1-affa-f94478da505f,2026-07-28 08:19:15.934746
6cfb2a61-0413-4c3e-8ada-d247412e98b9,598a895e-5a20-48cc-95bd-a52fe5d4bb65,7484894f-765f-4055-b1ec-ad2bd6248909,AGREEMENT,7484894f-765f-4055-b1ec-ad2bd6248909,CREDIT,4000.00,TRY,2026-02,OFF_INVOICE,NKA,b39ade6a-ea33-413f-95a0-281c859f32fd,084d33dc-daa7-4544-9155-bfc9e2fc2cd4,650e4b5e-f1a2-4a67-a1ce-067c053d5a63,d47cdd1e-551e-4606-b9ee-f47a17a7f323,f,38455a3e-8cf6-4be8-a0da-fd29ec6bd7eb,REVERSAL|LEDGER|38455a3e-8cf6-4be8-a0da-fd29ec6bd7eb,Reversal of ledger entry 38455a3e-8cf6-4be8-a0da-fd29ec6bd7eb,3b703dae-2955-40a1-affa-f94478da505f,2026-07-28 08:19:15.94609
eba3f569-0669-4b90-b6c2-7fa3164c517a,598a895e-5a20-48cc-95bd-a52fe5d4bb65,dfc99e9e-967c-48b6-a39b-758bce7fb284,AGREEMENT,dfc99e9e-967c-48b6-a39b-758bce7fb284,DEBIT,5000.00,TRY,2026-02,OFF_INVOICE,NKA,b39ade6a-ea33-413f-95a0-281c859f32fd,084d33dc-daa7-4544-9155-bfc9e2fc2cd4,650e4b5e-f1a2-4a67-a1ce-067c053d5a63,d47cdd1e-551e-4606-b9ee-f47a17a7f323,f,,LEDGER|AGREEMENT|dfc99e9e-967c-48b6-a39b-758bce7fb284|efe7a0ec-9bd3-4232-aabb-dfe3661cb550,,3b703dae-2955-40a1-affa-f94478da505f,2026-07-28 08:20:26.272678
932775d2-de4b-4271-8bfa-c50b5e3eea72,598a895e-5a20-48cc-95bd-a52fe5d4bb65,5e03f626-5070-4e8e-adcf-4ae56d7c5709,AGREEMENT,5e03f626-5070-4e8e-adcf-4ae56d7c5709,DEBIT,3000.00,TRY,2026-02,OFF_INVOICE,NKA,b39ade6a-ea33-413f-95a0-281c859f32fd,084d33dc-daa7-4544-9155-bfc9e2fc2cd4,650e4b5e-f1a2-4a67-a1ce-067c053d5a63,d47cdd1e-551e-4606-b9ee-f47a17a7f323,t,,LEDGER|AGREEMENT|5e03f626-5070-4e8e-adcf-4ae56d7c5709|b9d2406d-52e8-4c9f-8ce2-342a683b7efb,,3b703dae-2955-40a1-affa-f94478da505f,2026-07-28 08:20:26.344161
3f43f5fd-019a-4878-9fed-6ad372570d99,598a895e-5a20-48cc-95bd-a52fe5d4bb65,5e03f626-5070-4e8e-adcf-4ae56d7c5709,AGREEMENT,5e03f626-5070-4e8e-adcf-4ae56d7c5709,CREDIT,3000.00,TRY,2026-02,OFF_INVOICE,NKA,b39ade6a-ea33-413f-95a0-281c859f32fd,084d33dc-daa7-4544-9155-bfc9e2fc2cd4,650e4b5e-f1a2-4a67-a1ce-067c053d5a63,d47cdd1e-551e-4606-b9ee-f47a17a7f323,f,932775d2-de4b-4271-8bfa-c50b5e3eea72,REVERSAL|LEDGER|932775d2-de4b-4271-8bfa-c50b5e3eea72,Reversal of ledger entry 932775d2-de4b-4271-8bfa-c50b5e3eea72,3b703dae-2955-40a1-affa-f94478da505f,2026-07-28 08:20:26.353605
d8627f39-4fc8-4b42-b065-60d223382e9a,598a895e-5a20-48cc-95bd-a52fe5d4bb65,4377b7e5-4f21-43e7-802e-cc4ed7e1b3a9,AGREEMENT,4377b7e5-4f21-43e7-802e-cc4ed7e1b3a9,DEBIT,12000.00,TRY,2026-02,OFF_INVOICE,NKA,b39ade6a-ea33-413f-95a0-281c859f32fd,084d33dc-daa7-4544-9155-bfc9e2fc2cd4,650e4b5e-f1a2-4a67-a1ce-067c053d5a63,d47cdd1e-551e-4606-b9ee-f47a17a7f323,f,,LEDGER|AGREEMENT|4377b7e5-4f21-43e7-802e-cc4ed7e1b3a9|d0586940-f92c-432f-9ee8-0699c0605fe9,,3b703dae-2955-40a1-affa-f94478da505f,2026-07-28 08:20:29.60169
8bdff665-8732-4552-bd20-65433af4e891,598a895e-5a20-48cc-95bd-a52fe5d4bb65,6529b029-be2d-4307-88f2-b9ca71cea4c0,AGREEMENT,6529b029-be2d-4307-88f2-b9ca71cea4c0,DEBIT,4000.00,TRY,2026-02,OFF_INVOICE,NKA,b39ade6a-ea33-413f-95a0-281c859f32fd,084d33dc-daa7-4544-9155-bfc9e2fc2cd4,650e4b5e-f1a2-4a67-a1ce-067c053d5a63,d47cdd1e-551e-4606-b9ee-f47a17a7f323,t,,LEDGER|AGREEMENT|6529b029-be2d-4307-88f2-b9ca71cea4c0|77d3aae6-4c34-4f26-ba2b-a9a23e307eb2,,3b703dae-2955-40a1-affa-f94478da505f,2026-07-28 08:20:29.882289
6567dc97-79e4-410b-a2c1-d01f8236123b,598a895e-5a20-48cc-95bd-a52fe5d4bb65,6529b029-be2d-4307-88f2-b9ca71cea4c0,AGREEMENT,6529b029-be2d-4307-88f2-b9ca71cea4c0,CREDIT,4000.00,TRY,2026-02,OFF_INVOICE,NKA,b39ade6a-ea33-413f-95a0-281c859f32fd,084d33dc-daa7-4544-9155-bfc9e2fc2cd4,650e4b5e-f1a2-4a67-a1ce-067c053d5a63,d47cdd1e-551e-4606-b9ee-f47a17a7f323,f,8bdff665-8732-4552-bd20-65433af4e891,REVERSAL|LEDGER|8bdff665-8732-4552-bd20-65433af4e891,Reversal of ledger entry 8bdff665-8732-4552-bd20-65433af4e891,3b703dae-2955-40a1-affa-f94478da505f,2026-07-28 08:20:29.88785
59503233-bb89-43dc-851c-544e2d5c7d9c,598a895e-5a20-48cc-95bd-a52fe5d4bb65,ca635406-b1ed-44d9-ba8c-09d92f00c423,AGREEMENT,ca635406-b1ed-44d9-ba8c-09d92f00c423,DEBIT,5000.00,TRY,2026-02,OFF_INVOICE,NKA,b39ade6a-ea33-413f-95a0-281c859f32fd,084d33dc-daa7-4544-9155-bfc9e2fc2cd4,650e4b5e-f1a2-4a67-a1ce-067c053d5a63,d47cdd1e-551e-4606-b9ee-f47a17a7f323,t,,LEDGER|AGREEMENT|ca635406-b1ed-44d9-ba8c-09d92f00c423|b8a6e305-1cc9-41a6-9e52-ae6710371603,,3b703dae-2955-40a1-affa-f94478da505f,2026-07-28 08:20:31.754604
f4df5c4f-a50c-43a9-8c11-4ef827fe2820,598a895e-5a20-48cc-95bd-a52fe5d4bb65,ca635406-b1ed-44d9-ba8c-09d92f00c423,AGREEMENT,ca635406-b1ed-44d9-ba8c-09d92f00c423,CREDIT,5000.00,TRY,2026-02,OFF_INVOICE,NKA,b39ade6a-ea33-413f-95a0-281c859f32fd,084d33dc-daa7-4544-9155-bfc9e2fc2cd4,650e4b5e-f1a2-4a67-a1ce-067c053d5a63,d47cdd1e-551e-4606-b9ee-f47a17a7f323,f,59503233-bb89-43dc-851c-544e2d5c7d9c,REVERSAL|LEDGER|59503233-bb89-43dc-851c-544e2d5c7d9c,Reversal of ledger entry 59503233-bb89-43dc-851c-544e2d5c7d9c,3b703dae-2955-40a1-affa-f94478da505f,2026-07-28 08:20:31.762583
8b05ad3a-ef00-400d-b4b4-69817ac07b2b,598a895e-5a20-48cc-95bd-a52fe5d4bb65,ca635406-b1ed-44d9-ba8c-09d92f00c423,AGREEMENT,ca635406-b1ed-44d9-ba8c-09d92f00c423,DEBIT,5000.00,TRY,2026-02,OFF_INVOICE,NKA,b39ade6a-ea33-413f-95a0-281c859f32fd,084d33dc-daa7-4544-9155-bfc9e2fc2cd4,650e4b5e-f1a2-4a67-a1ce-067c053d5a63,d47cdd1e-551e-4606-b9ee-f47a17a7f323,t,,LEDGER|AGREEMENT|ca635406-b1ed-44d9-ba8c-09d92f00c423|2ffcc8bb-83f1-4aa1-bf6c-b4553d0203a5,,3b703dae-2955-40a1-affa-f94478da505f,2026-07-28 08:20:31.931238
32331e9e-2ed8-417d-8a75-b56f03daaaad,598a895e-5a20-48cc-95bd-a52fe5d4bb65,ca635406-b1ed-44d9-ba8c-09d92f00c423,AGREEMENT,ca635406-b1ed-44d9-ba8c-09d92f00c423,CREDIT,5000.00,TRY,2026-02,OFF_INVOICE,NKA,b39ade6a-ea33-413f-95a0-281c859f32fd,084d33dc-daa7-4544-9155-bfc9e2fc2cd4,650e4b5e-f1a2-4a67-a1ce-067c053d5a63,d47cdd1e-551e-4606-b9ee-f47a17a7f323,f,8b05ad3a-ef00-400d-b4b4-69817ac07b2b,REVERSAL|LEDGER|8b05ad3a-ef00-400d-b4b4-69817ac07b2b,Reversal of ledger entry 8b05ad3a-ef00-400d-b4b4-69817ac07b2b,0e23990b-31a0-4ac2-be89-a46ebc8200d4,2026-07-28 08:20:31.935992
987a658e-2672-4340-a5df-31e4c38b490f,598a895e-5a20-48cc-95bd-a52fe5d4bb65,ca635406-b1ed-44d9-ba8c-09d92f00c423,AGREEMENT,ca635406-b1ed-44d9-ba8c-09d92f00c423,DEBIT,5000.00,TRY,2026-02,OFF_INVOICE,NKA,b39ade6a-ea33-413f-95a0-281c859f32fd,084d33dc-daa7-4544-9155-bfc9e2fc2cd4,650e4b5e-f1a2-4a67-a1ce-067c053d5a63,d47cdd1e-551e-4606-b9ee-f47a17a7f323,t,,LEDGER|AGREEMENT|ca635406-b1ed-44d9-ba8c-09d92f00c423|09f3e679-55b9-4c87-93f3-2399bf22be62,,3b703dae-2955-40a1-affa-f94478da505f,2026-07-28 08:20:31.960165
ae55aee3-db79-4566-bb48-989f8c98f503,598a895e-5a20-48cc-95bd-a52fe5d4bb65,ca635406-b1ed-44d9-ba8c-09d92f00c423,AGREEMENT,ca635406-b1ed-44d9-ba8c-09d92f00c423,CREDIT,5000.00,TRY,2026-02,OFF_INVOICE,NKA,b39ade6a-ea33-413f-95a0-281c859f32fd,084d33dc-daa7-4544-9155-bfc9e2fc2cd4,650e4b5e-f1a2-4a67-a1ce-067c053d5a63,d47cdd1e-551e-4606-b9ee-f47a17a7f323,f,987a658e-2672-4340-a5df-31e4c38b490f,REVERSAL|LEDGER|987a658e-2672-4340-a5df-31e4c38b490f,Reversal of ledger entry 987a658e-2672-4340-a5df-31e4c38b490f,3b703dae-2955-40a1-affa-f94478da505f,2026-07-28 08:20:31.963802
b4eeb7fd-c183-4d47-aa5d-5f68911990f7,598a895e-5a20-48cc-95bd-a52fe5d4bb65,ca635406-b1ed-44d9-ba8c-09d92f00c423,AGREEMENT,ca635406-b1ed-44d9-ba8c-09d92f00c423,DEBIT,5000.00,TRY,2026-02,OFF_INVOICE,NKA,b39ade6a-ea33-413f-95a0-281c859f32fd,084d33dc-daa7-4544-9155-bfc9e2fc2cd4,650e4b5e-f1a2-4a67-a1ce-067c053d5a63,d47cdd1e-551e-4606-b9ee-f47a17a7f323,t,,LEDGER|AGREEMENT|ca635406-b1ed-44d9-ba8c-09d92f00c423|b6e13b73-b795-421f-bce4-75ff6cd0730e,,3b703dae-2955-40a1-affa-f94478da505f,2026-07-28 08:20:31.989159
72ef9c92-0c4d-47fb-a865-9580c8998929,598a895e-5a20-48cc-95bd-a52fe5d4bb65,ca635406-b1ed-44d9-ba8c-09d92f00c423,AGREEMENT,ca635406-b1ed-44d9-ba8c-09d92f00c423,CREDIT,5000.00,TRY,2026-02,OFF_INVOICE,NKA,b39ade6a-ea33-413f-95a0-281c859f32fd,084d33dc-daa7-4544-9155-bfc9e2fc2cd4,650e4b5e-f1a2-4a67-a1ce-067c053d5a63,d47cdd1e-551e-4606-b9ee-f47a17a7f323,f,b4eeb7fd-c183-4d47-aa5d-5f68911990f7,REVERSAL|LEDGER|b4eeb7fd-c183-4d47-aa5d-5f68911990f7,Reversal of ledger entry b4eeb7fd-c183-4d47-aa5d-5f68911990f7,3b703dae-2955-40a1-affa-f94478da505f,2026-07-28 08:20:31.994272
83d6117d-a8c9-4259-975d-052c54dcebc3,598a895e-5a20-48cc-95bd-a52fe5d4bb65,ba4090bf-d6f4-4418-b0bc-6daf419b2c7b,AGREEMENT,ba4090bf-d6f4-4418-b0bc-6daf419b2c7b,DEBIT,5000.00,TRY,2026-02,OFF_INVOICE,NKA,b39ade6a-ea33-413f-95a0-281c859f32fd,084d33dc-daa7-4544-9155-bfc9e2fc2cd4,650e4b5e-f1a2-4a67-a1ce-067c053d5a63,d47cdd1e-551e-4606-b9ee-f47a17a7f323,f,,LEDGER|AGREEMENT|ba4090bf-d6f4-4418-b0bc-6daf419b2c7b|c9523d2e-72de-46d8-8ca0-61ad4e34f2d5,,3b703dae-2955-40a1-affa-f94478da505f,2026-07-28 08:36:40.368778
dd90d52b-f14d-45e2-9577-24b7343bcb06,598a895e-5a20-48cc-95bd-a52fe5d4bb65,ffc4c335-6b81-47fb-9313-da6b0f8e8959,AGREEMENT,ffc4c335-6b81-47fb-9313-da6b0f8e8959,DEBIT,3000.00,TRY,2026-02,OFF_INVOICE,NKA,b39ade6a-ea33-413f-95a0-281c859f32fd,084d33dc-daa7-4544-9155-bfc9e2fc2cd4,650e4b5e-f1a2-4a67-a1ce-067c053d5a63,d47cdd1e-551e-4606-b9ee-f47a17a7f323,t,,LEDGER|AGREEMENT|ffc4c335-6b81-47fb-9313-da6b0f8e8959|79d97c65-53f6-4863-a20c-1ae9697b91df,,3b703dae-2955-40a1-affa-f94478da505f,2026-07-28 08:36:40.553371
6cb9973c-bef3-45f7-b31f-d163091c0e00,598a895e-5a20-48cc-95bd-a52fe5d4bb65,ffc4c335-6b81-47fb-9313-da6b0f8e8959,AGREEMENT,ffc4c335-6b81-47fb-9313-da6b0f8e8959,CREDIT,3000.00,TRY,2026-02,OFF_INVOICE,NKA,b39ade6a-ea33-413f-95a0-281c859f32fd,084d33dc-daa7-4544-9155-bfc9e2fc2cd4,650e4b5e-f1a2-4a67-a1ce-067c053d5a63,d47cdd1e-551e-4606-b9ee-f47a17a7f323,f,dd90d52b-f14d-45e2-9577-24b7343bcb06,REVERSAL|LEDGER|dd90d52b-f14d-45e2-9577-24b7343bcb06,Reversal of ledger entry dd90d52b-f14d-45e2-9577-24b7343bcb06,3b703dae-2955-40a1-affa-f94478da505f,2026-07-28 08:36:40.560862
c310133b-5eeb-4838-ae6a-b54f68c8abf3,598a895e-5a20-48cc-95bd-a52fe5d4bb65,3631a4cf-aeb0-4940-b3ef-c820c483ad52,AGREEMENT,3631a4cf-aeb0-4940-b3ef-c820c483ad52,DEBIT,12000.00,TRY,2026-02,OFF_INVOICE,NKA,b39ade6a-ea33-413f-95a0-281c859f32fd,084d33dc-daa7-4544-9155-bfc9e2fc2cd4,650e4b5e-f1a2-4a67-a1ce-067c053d5a63,d47cdd1e-551e-4606-b9ee-f47a17a7f323,f,,LEDGER|AGREEMENT|3631a4cf-aeb0-4940-b3ef-c820c483ad52|7f27438f-a1d0-43e5-b521-89adc8bf56e1,,3b703dae-2955-40a1-affa-f94478da505f,2026-07-28 08:36:44.148262
190fc55f-2cec-4b64-9f79-e692f0a1e60a,598a895e-5a20-48cc-95bd-a52fe5d4bb65,0336e9e6-b352-4c61-9cc0-bf3698524d38,AGREEMENT,0336e9e6-b352-4c61-9cc0-bf3698524d38,DEBIT,4000.00,TRY,2026-02,OFF_INVOICE,NKA,b39ade6a-ea33-413f-95a0-281c859f32fd,084d33dc-daa7-4544-9155-bfc9e2fc2cd4,650e4b5e-f1a2-4a67-a1ce-067c053d5a63,d47cdd1e-551e-4606-b9ee-f47a17a7f323,t,,LEDGER|AGREEMENT|0336e9e6-b352-4c61-9cc0-bf3698524d38|751dbc46-923e-4aa6-96e2-2746df595863,,3b703dae-2955-40a1-affa-f94478da505f,2026-07-28 08:36:44.678056
3ea13c6e-8ba6-4f42-9e1c-2a3727234f6c,598a895e-5a20-48cc-95bd-a52fe5d4bb65,0336e9e6-b352-4c61-9cc0-bf3698524d38,AGREEMENT,0336e9e6-b352-4c61-9cc0-bf3698524d38,CREDIT,4000.00,TRY,2026-02,OFF_INVOICE,NKA,b39ade6a-ea33-413f-95a0-281c859f32fd,084d33dc-daa7-4544-9155-bfc9e2fc2cd4,650e4b5e-f1a2-4a67-a1ce-067c053d5a63,d47cdd1e-551e-4606-b9ee-f47a17a7f323,f,190fc55f-2cec-4b64-9f79-e692f0a1e60a,REVERSAL|LEDGER|190fc55f-2cec-4b64-9f79-e692f0a1e60a,Reversal of ledger entry 190fc55f-2cec-4b64-9f79-e692f0a1e60a,3b703dae-2955-40a1-affa-f94478da505f,2026-07-28 08:36:44.692277
025199cf-f3e0-45c6-99aa-1b5a4bbdd511,598a895e-5a20-48cc-95bd-a52fe5d4bb65,ca635406-b1ed-44d9-ba8c-09d92f00c423,AGREEMENT,ca635406-b1ed-44d9-ba8c-09d92f00c423,DEBIT,5000.00,TRY,2026-02,OFF_INVOICE,NKA,b39ade6a-ea33-413f-95a0-281c859f32fd,084d33dc-daa7-4544-9155-bfc9e2fc2cd4,650e4b5e-f1a2-4a67-a1ce-067c053d5a63,d47cdd1e-551e-4606-b9ee-f47a17a7f323,t,,LEDGER|AGREEMENT|ca635406-b1ed-44d9-ba8c-09d92f00c423|ab72683d-a9df-4002-8e7d-e63e659fe706,,3b703dae-2955-40a1-affa-f94478da505f,2026-07-28 08:36:48.975615
d65dbbe2-8b7c-4600-adad-41ef98c30118,598a895e-5a20-48cc-95bd-a52fe5d4bb65,ca635406-b1ed-44d9-ba8c-09d92f00c423,AGREEMENT,ca635406-b1ed-44d9-ba8c-09d92f00c423,CREDIT,5000.00,TRY,2026-02,OFF_INVOICE,NKA,b39ade6a-ea33-413f-95a0-281c859f32fd,084d33dc-daa7-4544-9155-bfc9e2fc2cd4,650e4b5e-f1a2-4a67-a1ce-067c053d5a63,d47cdd1e-551e-4606-b9ee-f47a17a7f323,f,025199cf-f3e0-45c6-99aa-1b5a4bbdd511,REVERSAL|LEDGER|025199cf-f3e0-45c6-99aa-1b5a4bbdd511,Reversal of ledger entry 025199cf-f3e0-45c6-99aa-1b5a4bbdd511,3b703dae-2955-40a1-affa-f94478da505f,2026-07-28 08:36:48.981531
0b4446cd-cf2d-4078-a4fd-dd10ffbd8358,598a895e-5a20-48cc-95bd-a52fe5d4bb65,ca635406-b1ed-44d9-ba8c-09d92f00c423,AGREEMENT,ca635406-b1ed-44d9-ba8c-09d92f00c423,DEBIT,5000.00,TRY,2026-02,OFF_INVOICE,NKA,b39ade6a-ea33-413f-95a0-281c859f32fd,084d33dc-daa7-4544-9155-bfc9e2fc2cd4,650e4b5e-f1a2-4a67-a1ce-067c053d5a63,d47cdd1e-551e-4606-b9ee-f47a17a7f323,t,,LEDGER|AGREEMENT|ca635406-b1ed-44d9-ba8c-09d92f00c423|939593c7-7601-4ebc-838d-0d8a6f93c42d,,3b703dae-2955-40a1-affa-f94478da505f,2026-07-28 08:36:49.090676
349036df-8391-48e1-bc28-4f6124205dfe,598a895e-5a20-48cc-95bd-a52fe5d4bb65,ca635406-b1ed-44d9-ba8c-09d92f00c423,AGREEMENT,ca635406-b1ed-44d9-ba8c-09d92f00c423,CREDIT,5000.00,TRY,2026-02,OFF_INVOICE,NKA,b39ade6a-ea33-413f-95a0-281c859f32fd,084d33dc-daa7-4544-9155-bfc9e2fc2cd4,650e4b5e-f1a2-4a67-a1ce-067c053d5a63,d47cdd1e-551e-4606-b9ee-f47a17a7f323,f,0b4446cd-cf2d-4078-a4fd-dd10ffbd8358,REVERSAL|LEDGER|0b4446cd-cf2d-4078-a4fd-dd10ffbd8358,Reversal of ledger entry 0b4446cd-cf2d-4078-a4fd-dd10ffbd8358,0e23990b-31a0-4ac2-be89-a46ebc8200d4,2026-07-28 08:36:49.09416
a855956d-2954-4791-b4cc-58ced171bcad,598a895e-5a20-48cc-95bd-a52fe5d4bb65,ca635406-b1ed-44d9-ba8c-09d92f00c423,AGREEMENT,ca635406-b1ed-44d9-ba8c-09d92f00c423,DEBIT,5000.00,TRY,2026-02,OFF_INVOICE,NKA,b39ade6a-ea33-413f-95a0-281c859f32fd,084d33dc-daa7-4544-9155-bfc9e2fc2cd4,650e4b5e-f1a2-4a67-a1ce-067c053d5a63,d47cdd1e-551e-4606-b9ee-f47a17a7f323,t,,LEDGER|AGREEMENT|ca635406-b1ed-44d9-ba8c-09d92f00c423|1e71f5ef-d80f-4533-9457-d7138aedc751,,3b703dae-2955-40a1-affa-f94478da505f,2026-07-28 08:36:49.114027
dd4ee00d-a7de-4576-8fa0-c82944c1b79b,598a895e-5a20-48cc-95bd-a52fe5d4bb65,ca635406-b1ed-44d9-ba8c-09d92f00c423,AGREEMENT,ca635406-b1ed-44d9-ba8c-09d92f00c423,CREDIT,5000.00,TRY,2026-02,OFF_INVOICE,NKA,b39ade6a-ea33-413f-95a0-281c859f32fd,084d33dc-daa7-4544-9155-bfc9e2fc2cd4,650e4b5e-f1a2-4a67-a1ce-067c053d5a63,d47cdd1e-551e-4606-b9ee-f47a17a7f323,f,a855956d-2954-4791-b4cc-58ced171bcad,REVERSAL|LEDGER|a855956d-2954-4791-b4cc-58ced171bcad,Reversal of ledger entry a855956d-2954-4791-b4cc-58ced171bcad,3b703dae-2955-40a1-affa-f94478da505f,2026-07-28 08:36:49.116977
887fa1f4-5f09-47b7-bb6c-f451deb9bd65,598a895e-5a20-48cc-95bd-a52fe5d4bb65,ca635406-b1ed-44d9-ba8c-09d92f00c423,AGREEMENT,ca635406-b1ed-44d9-ba8c-09d92f00c423,DEBIT,5000.00,TRY,2026-02,OFF_INVOICE,NKA,b39ade6a-ea33-413f-95a0-281c859f32fd,084d33dc-daa7-4544-9155-bfc9e2fc2cd4,650e4b5e-f1a2-4a67-a1ce-067c053d5a63,d47cdd1e-551e-4606-b9ee-f47a17a7f323,t,,LEDGER|AGREEMENT|ca635406-b1ed-44d9-ba8c-09d92f00c423|627e3b5c-84f4-4702-8392-0cd01ef90118,,3b703dae-2955-40a1-affa-f94478da505f,2026-07-28 08:36:49.143314
434b9dec-68cc-4cac-9994-3d1280cffae9,598a895e-5a20-48cc-95bd-a52fe5d4bb65,ca635406-b1ed-44d9-ba8c-09d92f00c423,AGREEMENT,ca635406-b1ed-44d9-ba8c-09d92f00c423,CREDIT,5000.00,TRY,2026-02,OFF_INVOICE,NKA,b39ade6a-ea33-413f-95a0-281c859f32fd,084d33dc-daa7-4544-9155-bfc9e2fc2cd4,650e4b5e-f1a2-4a67-a1ce-067c053d5a63,d47cdd1e-551e-4606-b9ee-f47a17a7f323,f,887fa1f4-5f09-47b7-bb6c-f451deb9bd65,REVERSAL|LEDGER|887fa1f4-5f09-47b7-bb6c-f451deb9bd65,Reversal of ledger entry 887fa1f4-5f09-47b7-bb6c-f451deb9bd65,3b703dae-2955-40a1-affa-f94478da505f,2026-07-28 08:36:49.14955
03a8843b-abac-42a0-81fa-fedcc7c11265,598a895e-5a20-48cc-95bd-a52fe5d4bb65,5f2cf3b8-36a3-434b-aaec-2bc31c79f11a,AGREEMENT,5f2cf3b8-36a3-434b-aaec-2bc31c79f11a,DEBIT,5000.00,TRY,2026-02,OFF_INVOICE,NKA,b39ade6a-ea33-413f-95a0-281c859f32fd,084d33dc-daa7-4544-9155-bfc9e2fc2cd4,650e4b5e-f1a2-4a67-a1ce-067c053d5a63,d47cdd1e-551e-4606-b9ee-f47a17a7f323,f,,LEDGER|AGREEMENT|5f2cf3b8-36a3-434b-aaec-2bc31c79f11a|56b38098-589a-46de-b4a0-89db3da97947,,3b703dae-2955-40a1-affa-f94478da505f,2026-07-28 08:38:03.494229
cf1c8d93-d110-4991-a22c-7f40ae36477c,598a895e-5a20-48cc-95bd-a52fe5d4bb65,379a0022-1512-4db4-8feb-e3b1a5da96ec,AGREEMENT,379a0022-1512-4db4-8feb-e3b1a5da96ec,DEBIT,3000.00,TRY,2026-02,OFF_INVOICE,NKA,b39ade6a-ea33-413f-95a0-281c859f32fd,084d33dc-daa7-4544-9155-bfc9e2fc2cd4,650e4b5e-f1a2-4a67-a1ce-067c053d5a63,d47cdd1e-551e-4606-b9ee-f47a17a7f323,t,,LEDGER|AGREEMENT|379a0022-1512-4db4-8feb-e3b1a5da96ec|e66a5028-c329-40d2-9bef-9bc3c4da06c9,,3b703dae-2955-40a1-affa-f94478da505f,2026-07-28 08:38:03.592961
1b4f6981-4de8-453a-946f-26fad0e066b4,598a895e-5a20-48cc-95bd-a52fe5d4bb65,379a0022-1512-4db4-8feb-e3b1a5da96ec,AGREEMENT,379a0022-1512-4db4-8feb-e3b1a5da96ec,CREDIT,3000.00,TRY,2026-02,OFF_INVOICE,NKA,b39ade6a-ea33-413f-95a0-281c859f32fd,084d33dc-daa7-4544-9155-bfc9e2fc2cd4,650e4b5e-f1a2-4a67-a1ce-067c053d5a63,d47cdd1e-551e-4606-b9ee-f47a17a7f323,f,cf1c8d93-d110-4991-a22c-7f40ae36477c,REVERSAL|LEDGER|cf1c8d93-d110-4991-a22c-7f40ae36477c,Reversal of ledger entry cf1c8d93-d110-4991-a22c-7f40ae36477c,3b703dae-2955-40a1-affa-f94478da505f,2026-07-28 08:38:03.607646
c236cd18-9b28-4778-bdca-27c7ca4b5c2e,598a895e-5a20-48cc-95bd-a52fe5d4bb65,6dee9840-989c-4853-a0b8-aab4e646c0a2,AGREEMENT,6dee9840-989c-4853-a0b8-aab4e646c0a2,DEBIT,12000.00,TRY,2026-02,OFF_INVOICE,NKA,b39ade6a-ea33-413f-95a0-281c859f32fd,084d33dc-daa7-4544-9155-bfc9e2fc2cd4,650e4b5e-f1a2-4a67-a1ce-067c053d5a63,d47cdd1e-551e-4606-b9ee-f47a17a7f323,f,,LEDGER|AGREEMENT|6dee9840-989c-4853-a0b8-aab4e646c0a2|56a0ae93-4844-448f-afc5-fddbca5a779a,,3b703dae-2955-40a1-affa-f94478da505f,2026-07-28 08:38:05.974149
52c2cb67-a33b-4c70-b84d-e53d386d3389,598a895e-5a20-48cc-95bd-a52fe5d4bb65,c72404c4-d1aa-49b7-80bc-6c15408b2772,AGREEMENT,c72404c4-d1aa-49b7-80bc-6c15408b2772,DEBIT,4000.00,TRY,2026-02,OFF_INVOICE,NKA,b39ade6a-ea33-413f-95a0-281c859f32fd,084d33dc-daa7-4544-9155-bfc9e2fc2cd4,650e4b5e-f1a2-4a67-a1ce-067c053d5a63,d47cdd1e-551e-4606-b9ee-f47a17a7f323,t,,LEDGER|AGREEMENT|c72404c4-d1aa-49b7-80bc-6c15408b2772|0c260db5-c7a9-4b54-956a-60772798f7a1,,3b703dae-2955-40a1-affa-f94478da505f,2026-07-28 08:38:06.325681
eb7dba53-a5e0-4e9b-8de9-566da0d36cda,598a895e-5a20-48cc-95bd-a52fe5d4bb65,c72404c4-d1aa-49b7-80bc-6c15408b2772,AGREEMENT,c72404c4-d1aa-49b7-80bc-6c15408b2772,CREDIT,4000.00,TRY,2026-02,OFF_INVOICE,NKA,b39ade6a-ea33-413f-95a0-281c859f32fd,084d33dc-daa7-4544-9155-bfc9e2fc2cd4,650e4b5e-f1a2-4a67-a1ce-067c053d5a63,d47cdd1e-551e-4606-b9ee-f47a17a7f323,f,52c2cb67-a33b-4c70-b84d-e53d386d3389,REVERSAL|LEDGER|52c2cb67-a33b-4c70-b84d-e53d386d3389,Reversal of ledger entry 52c2cb67-a33b-4c70-b84d-e53d386d3389,3b703dae-2955-40a1-affa-f94478da505f,2026-07-28 08:38:06.329728
9fcaab38-4fd5-4977-98d4-8307ccc0765f,598a895e-5a20-48cc-95bd-a52fe5d4bb65,ca635406-b1ed-44d9-ba8c-09d92f00c423,AGREEMENT,ca635406-b1ed-44d9-ba8c-09d92f00c423,DEBIT,5000.00,TRY,2026-02,OFF_INVOICE,NKA,b39ade6a-ea33-413f-95a0-281c859f32fd,084d33dc-daa7-4544-9155-bfc9e2fc2cd4,650e4b5e-f1a2-4a67-a1ce-067c053d5a63,d47cdd1e-551e-4606-b9ee-f47a17a7f323,t,,LEDGER|AGREEMENT|ca635406-b1ed-44d9-ba8c-09d92f00c423|fd3188c5-210e-4897-9f0f-1a57c0d6da8b,,3b703dae-2955-40a1-affa-f94478da505f,2026-07-28 08:38:08.178869
2d1daf1a-6c74-4844-bafa-4e751c6d3733,598a895e-5a20-48cc-95bd-a52fe5d4bb65,ca635406-b1ed-44d9-ba8c-09d92f00c423,AGREEMENT,ca635406-b1ed-44d9-ba8c-09d92f00c423,CREDIT,5000.00,TRY,2026-02,OFF_INVOICE,NKA,b39ade6a-ea33-413f-95a0-281c859f32fd,084d33dc-daa7-4544-9155-bfc9e2fc2cd4,650e4b5e-f1a2-4a67-a1ce-067c053d5a63,d47cdd1e-551e-4606-b9ee-f47a17a7f323,f,9fcaab38-4fd5-4977-98d4-8307ccc0765f,REVERSAL|LEDGER|9fcaab38-4fd5-4977-98d4-8307ccc0765f,Reversal of ledger entry 9fcaab38-4fd5-4977-98d4-8307ccc0765f,3b703dae-2955-40a1-affa-f94478da505f,2026-07-28 08:38:08.184226
ce6c2104-35da-414b-b97a-a820f7ef092f,598a895e-5a20-48cc-95bd-a52fe5d4bb65,ca635406-b1ed-44d9-ba8c-09d92f00c423,AGREEMENT,ca635406-b1ed-44d9-ba8c-09d92f00c423,DEBIT,5000.00,TRY,2026-02,OFF_INVOICE,NKA,b39ade6a-ea33-413f-95a0-281c859f32fd,084d33dc-daa7-4544-9155-bfc9e2fc2cd4,650e4b5e-f1a2-4a67-a1ce-067c053d5a63,d47cdd1e-551e-4606-b9ee-f47a17a7f323,t,,LEDGER|AGREEMENT|ca635406-b1ed-44d9-ba8c-09d92f00c423|b0ea1e61-c3f1-4505-9383-b2f5b722ed25,,3b703dae-2955-40a1-affa-f94478da505f,2026-07-28 08:38:08.30534
1a80ea9d-b5b8-4574-99e4-5f1e515113d5,598a895e-5a20-48cc-95bd-a52fe5d4bb65,ca635406-b1ed-44d9-ba8c-09d92f00c423,AGREEMENT,ca635406-b1ed-44d9-ba8c-09d92f00c423,CREDIT,5000.00,TRY,2026-02,OFF_INVOICE,NKA,b39ade6a-ea33-413f-95a0-281c859f32fd,084d33dc-daa7-4544-9155-bfc9e2fc2cd4,650e4b5e-f1a2-4a67-a1ce-067c053d5a63,d47cdd1e-551e-4606-b9ee-f47a17a7f323,f,ce6c2104-35da-414b-b97a-a820f7ef092f,REVERSAL|LEDGER|ce6c2104-35da-414b-b97a-a820f7ef092f,Reversal of ledger entry ce6c2104-35da-414b-b97a-a820f7ef092f,0e23990b-31a0-4ac2-be89-a46ebc8200d4,2026-07-28 08:38:08.308633
db19b837-00ee-47ff-9923-c9d743321860,598a895e-5a20-48cc-95bd-a52fe5d4bb65,ca635406-b1ed-44d9-ba8c-09d92f00c423,AGREEMENT,ca635406-b1ed-44d9-ba8c-09d92f00c423,DEBIT,5000.00,TRY,2026-02,OFF_INVOICE,NKA,b39ade6a-ea33-413f-95a0-281c859f32fd,084d33dc-daa7-4544-9155-bfc9e2fc2cd4,650e4b5e-f1a2-4a67-a1ce-067c053d5a63,d47cdd1e-551e-4606-b9ee-f47a17a7f323,t,,LEDGER|AGREEMENT|ca635406-b1ed-44d9-ba8c-09d92f00c423|c8c5b1a6-ba8e-488a-bd90-d85679e60f07,,3b703dae-2955-40a1-affa-f94478da505f,2026-07-28 08:38:08.330037
b4052bd6-2293-4a6b-bf9d-fb14655e70e1,598a895e-5a20-48cc-95bd-a52fe5d4bb65,ca635406-b1ed-44d9-ba8c-09d92f00c423,AGREEMENT,ca635406-b1ed-44d9-ba8c-09d92f00c423,CREDIT,5000.00,TRY,2026-02,OFF_INVOICE,NKA,b39ade6a-ea33-413f-95a0-281c859f32fd,084d33dc-daa7-4544-9155-bfc9e2fc2cd4,650e4b5e-f1a2-4a67-a1ce-067c053d5a63,d47cdd1e-551e-4606-b9ee-f47a17a7f323,f,db19b837-00ee-47ff-9923-c9d743321860,REVERSAL|LEDGER|db19b837-00ee-47ff-9923-c9d743321860,Reversal of ledger entry db19b837-00ee-47ff-9923-c9d743321860,3b703dae-2955-40a1-affa-f94478da505f,2026-07-28 08:38:08.333114
f3fdb54f-d82a-4ec0-a588-b2b33177d648,598a895e-5a20-48cc-95bd-a52fe5d4bb65,ca635406-b1ed-44d9-ba8c-09d92f00c423,AGREEMENT,ca635406-b1ed-44d9-ba8c-09d92f00c423,DEBIT,5000.00,TRY,2026-02,OFF_INVOICE,NKA,b39ade6a-ea33-413f-95a0-281c859f32fd,084d33dc-daa7-4544-9155-bfc9e2fc2cd4,650e4b5e-f1a2-4a67-a1ce-067c053d5a63,d47cdd1e-551e-4606-b9ee-f47a17a7f323,t,,LEDGER|AGREEMENT|ca635406-b1ed-44d9-ba8c-09d92f00c423|0b054545-0363-4fe7-aaa1-77f2d0c8b221,,3b703dae-2955-40a1-affa-f94478da505f,2026-07-28 08:38:08.354286
9702c50a-80ce-4272-87a1-79dfb7335318,598a895e-5a20-48cc-95bd-a52fe5d4bb65,ca635406-b1ed-44d9-ba8c-09d92f00c423,AGREEMENT,ca635406-b1ed-44d9-ba8c-09d92f00c423,CREDIT,5000.00,TRY,2026-02,OFF_INVOICE,NKA,b39ade6a-ea33-413f-95a0-281c859f32fd,084d33dc-daa7-4544-9155-bfc9e2fc2cd4,650e4b5e-f1a2-4a67-a1ce-067c053d5a63,d47cdd1e-551e-4606-b9ee-f47a17a7f323,f,f3fdb54f-d82a-4ec0-a588-b2b33177d648,REVERSAL|LEDGER|f3fdb54f-d82a-4ec0-a588-b2b33177d648,Reversal of ledger entry f3fdb54f-d82a-4ec0-a588-b2b33177d648,3b703dae-2955-40a1-affa-f94478da505f,2026-07-28 08:38:08.359038
2817fc51-32d3-49fd-885c-2158aae7507e,598a895e-5a20-48cc-95bd-a52fe5d4bb65,67fd23b7-50a0-4ea7-89f1-345efd862f51,AGREEMENT,67fd23b7-50a0-4ea7-89f1-345efd862f51,DEBIT,5000.00,TRY,2026-02,OFF_INVOICE,NKA,b39ade6a-ea33-413f-95a0-281c859f32fd,084d33dc-daa7-4544-9155-bfc9e2fc2cd4,650e4b5e-f1a2-4a67-a1ce-067c053d5a63,d47cdd1e-551e-4606-b9ee-f47a17a7f323,f,,LEDGER|AGREEMENT|67fd23b7-50a0-4ea7-89f1-345efd862f51|8c9c9712-b098-4f36-ba55-c9ca40e6c507,,3b703dae-2955-40a1-affa-f94478da505f,2026-07-28 08:39:24.61172
29ffefea-4975-4ef1-bc6a-3dcf4dc5a5e7,598a895e-5a20-48cc-95bd-a52fe5d4bb65,d5ec57f7-15e8-4d7c-b2cd-15dea3815a48,AGREEMENT,d5ec57f7-15e8-4d7c-b2cd-15dea3815a48,DEBIT,3000.00,TRY,2026-02,OFF_INVOICE,NKA,b39ade6a-ea33-413f-95a0-281c859f32fd,084d33dc-daa7-4544-9155-bfc9e2fc2cd4,650e4b5e-f1a2-4a67-a1ce-067c053d5a63,d47cdd1e-551e-4606-b9ee-f47a17a7f323,t,,LEDGER|AGREEMENT|d5ec57f7-15e8-4d7c-b2cd-15dea3815a48|16a9c245-e3ef-403b-9774-9ae2be2d759a,,3b703dae-2955-40a1-affa-f94478da505f,2026-07-28 08:39:24.720946
835f000d-8a50-4f15-b916-4c84508639df,598a895e-5a20-48cc-95bd-a52fe5d4bb65,d5ec57f7-15e8-4d7c-b2cd-15dea3815a48,AGREEMENT,d5ec57f7-15e8-4d7c-b2cd-15dea3815a48,CREDIT,3000.00,TRY,2026-02,OFF_INVOICE,NKA,b39ade6a-ea33-413f-95a0-281c859f32fd,084d33dc-daa7-4544-9155-bfc9e2fc2cd4,650e4b5e-f1a2-4a67-a1ce-067c053d5a63,d47cdd1e-551e-4606-b9ee-f47a17a7f323,f,29ffefea-4975-4ef1-bc6a-3dcf4dc5a5e7,REVERSAL|LEDGER|29ffefea-4975-4ef1-bc6a-3dcf4dc5a5e7,Reversal of ledger entry 29ffefea-4975-4ef1-bc6a-3dcf4dc5a5e7,3b703dae-2955-40a1-affa-f94478da505f,2026-07-28 08:39:24.727869
43a78144-d0b9-401c-a8f5-cfe7af650f5f,598a895e-5a20-48cc-95bd-a52fe5d4bb65,6006f258-29ef-4a09-af73-36fb3bf599be,AGREEMENT,6006f258-29ef-4a09-af73-36fb3bf599be,DEBIT,5000.00,TRY,2026-02,OFF_INVOICE,NKA,b39ade6a-ea33-413f-95a0-281c859f32fd,084d33dc-daa7-4544-9155-bfc9e2fc2cd4,650e4b5e-f1a2-4a67-a1ce-067c053d5a63,d47cdd1e-551e-4606-b9ee-f47a17a7f323,f,,LEDGER|AGREEMENT|6006f258-29ef-4a09-af73-36fb3bf599be|9e48ed52-12c6-43bd-8258-d26ac34aa98c,,3b703dae-2955-40a1-affa-f94478da505f,2026-07-28 08:42:06.765423
e5e457a6-4afc-4d70-95c9-1fe2dbd42e11,598a895e-5a20-48cc-95bd-a52fe5d4bb65,f89e90ab-2bb1-47a9-ab06-51e2377eb825,AGREEMENT,f89e90ab-2bb1-47a9-ab06-51e2377eb825,DEBIT,3000.00,TRY,2026-02,OFF_INVOICE,NKA,b39ade6a-ea33-413f-95a0-281c859f32fd,084d33dc-daa7-4544-9155-bfc9e2fc2cd4,650e4b5e-f1a2-4a67-a1ce-067c053d5a63,d47cdd1e-551e-4606-b9ee-f47a17a7f323,t,,LEDGER|AGREEMENT|f89e90ab-2bb1-47a9-ab06-51e2377eb825|7845b265-113a-46f9-a590-691549506e51,,3b703dae-2955-40a1-affa-f94478da505f,2026-07-28 08:42:07.138094
46d3fabe-364e-41d2-b6d3-5e46241f86ba,598a895e-5a20-48cc-95bd-a52fe5d4bb65,f89e90ab-2bb1-47a9-ab06-51e2377eb825,AGREEMENT,f89e90ab-2bb1-47a9-ab06-51e2377eb825,CREDIT,3000.00,TRY,2026-02,OFF_INVOICE,NKA,b39ade6a-ea33-413f-95a0-281c859f32fd,084d33dc-daa7-4544-9155-bfc9e2fc2cd4,650e4b5e-f1a2-4a67-a1ce-067c053d5a63,d47cdd1e-551e-4606-b9ee-f47a17a7f323,f,e5e457a6-4afc-4d70-95c9-1fe2dbd42e11,REVERSAL|LEDGER|e5e457a6-4afc-4d70-95c9-1fe2dbd42e11,Reversal of ledger entry e5e457a6-4afc-4d70-95c9-1fe2dbd42e11,3b703dae-2955-40a1-affa-f94478da505f,2026-07-28 08:42:07.148681
9ac3ee0f-29a4-4c25-a8c8-72c32f5f8be5,598a895e-5a20-48cc-95bd-a52fe5d4bb65,84228b61-734e-415c-8770-cc084218a857,AGREEMENT,84228b61-734e-415c-8770-cc084218a857,DEBIT,12000.00,TRY,2026-02,OFF_INVOICE,NKA,b39ade6a-ea33-413f-95a0-281c859f32fd,084d33dc-daa7-4544-9155-bfc9e2fc2cd4,650e4b5e-f1a2-4a67-a1ce-067c053d5a63,d47cdd1e-551e-4606-b9ee-f47a17a7f323,f,,LEDGER|AGREEMENT|84228b61-734e-415c-8770-cc084218a857|2931a489-667a-4768-807a-f8da6c4ebb17,,3b703dae-2955-40a1-affa-f94478da505f,2026-07-28 08:42:09.485155
9cda6682-7628-40a5-819b-a1b8852bd298,598a895e-5a20-48cc-95bd-a52fe5d4bb65,192539d4-a3bf-4eaa-873c-deb277d635cf,AGREEMENT,192539d4-a3bf-4eaa-873c-deb277d635cf,DEBIT,4000.00,TRY,2026-02,OFF_INVOICE,NKA,b39ade6a-ea33-413f-95a0-281c859f32fd,084d33dc-daa7-4544-9155-bfc9e2fc2cd4,650e4b5e-f1a2-4a67-a1ce-067c053d5a63,d47cdd1e-551e-4606-b9ee-f47a17a7f323,t,,LEDGER|AGREEMENT|192539d4-a3bf-4eaa-873c-deb277d635cf|f5328795-02f5-41a9-a386-9d5f2ca2a51e,,3b703dae-2955-40a1-affa-f94478da505f,2026-07-28 08:42:09.884354
9c698bf8-f887-4a7f-a8eb-0c5d4bd108d7,598a895e-5a20-48cc-95bd-a52fe5d4bb65,192539d4-a3bf-4eaa-873c-deb277d635cf,AGREEMENT,192539d4-a3bf-4eaa-873c-deb277d635cf,CREDIT,4000.00,TRY,2026-02,OFF_INVOICE,NKA,b39ade6a-ea33-413f-95a0-281c859f32fd,084d33dc-daa7-4544-9155-bfc9e2fc2cd4,650e4b5e-f1a2-4a67-a1ce-067c053d5a63,d47cdd1e-551e-4606-b9ee-f47a17a7f323,f,9cda6682-7628-40a5-819b-a1b8852bd298,REVERSAL|LEDGER|9cda6682-7628-40a5-819b-a1b8852bd298,Reversal of ledger entry 9cda6682-7628-40a5-819b-a1b8852bd298,3b703dae-2955-40a1-affa-f94478da505f,2026-07-28 08:42:09.88949
f804b0e4-0bb1-4247-b726-1b8a99abf529,598a895e-5a20-48cc-95bd-a52fe5d4bb65,f89e90ab-2bb1-47a9-ab06-51e2377eb825,AGREEMENT,f89e90ab-2bb1-47a9-ab06-51e2377eb825,DEBIT,5000.00,TRY,2026-02,OFF_INVOICE,NKA,b39ade6a-ea33-413f-95a0-281c859f32fd,084d33dc-daa7-4544-9155-bfc9e2fc2cd4,650e4b5e-f1a2-4a67-a1ce-067c053d5a63,d47cdd1e-551e-4606-b9ee-f47a17a7f323,t,,LEDGER|AGREEMENT|f89e90ab-2bb1-47a9-ab06-51e2377eb825|4938b0f3-1392-4420-93ec-5f9ff2fde674,,3b703dae-2955-40a1-affa-f94478da505f,2026-07-28 08:42:19.420081
9c3c4673-0b43-4224-aa09-3b948e16e627,598a895e-5a20-48cc-95bd-a52fe5d4bb65,f89e90ab-2bb1-47a9-ab06-51e2377eb825,AGREEMENT,f89e90ab-2bb1-47a9-ab06-51e2377eb825,CREDIT,5000.00,TRY,2026-02,OFF_INVOICE,NKA,b39ade6a-ea33-413f-95a0-281c859f32fd,084d33dc-daa7-4544-9155-bfc9e2fc2cd4,650e4b5e-f1a2-4a67-a1ce-067c053d5a63,d47cdd1e-551e-4606-b9ee-f47a17a7f323,f,f804b0e4-0bb1-4247-b726-1b8a99abf529,REVERSAL|LEDGER|f804b0e4-0bb1-4247-b726-1b8a99abf529,Reversal of ledger entry f804b0e4-0bb1-4247-b726-1b8a99abf529,3b703dae-2955-40a1-affa-f94478da505f,2026-07-28 08:42:19.437719
05dd2774-8bab-4e04-af74-d767361d6f82,598a895e-5a20-48cc-95bd-a52fe5d4bb65,f89e90ab-2bb1-47a9-ab06-51e2377eb825,AGREEMENT,f89e90ab-2bb1-47a9-ab06-51e2377eb825,DEBIT,5000.00,TRY,2026-02,OFF_INVOICE,NKA,b39ade6a-ea33-413f-95a0-281c859f32fd,084d33dc-daa7-4544-9155-bfc9e2fc2cd4,650e4b5e-f1a2-4a67-a1ce-067c053d5a63,d47cdd1e-551e-4606-b9ee-f47a17a7f323,t,,LEDGER|AGREEMENT|f89e90ab-2bb1-47a9-ab06-51e2377eb825|da002a31-0222-4a74-b4d4-40d74a78dbd8,,3b703dae-2955-40a1-affa-f94478da505f,2026-07-28 08:42:20.981207
41c47804-c19c-4b9a-9048-e2736570cfc1,598a895e-5a20-48cc-95bd-a52fe5d4bb65,f89e90ab-2bb1-47a9-ab06-51e2377eb825,AGREEMENT,f89e90ab-2bb1-47a9-ab06-51e2377eb825,CREDIT,5000.00,TRY,2026-02,OFF_INVOICE,NKA,b39ade6a-ea33-413f-95a0-281c859f32fd,084d33dc-daa7-4544-9155-bfc9e2fc2cd4,650e4b5e-f1a2-4a67-a1ce-067c053d5a63,d47cdd1e-551e-4606-b9ee-f47a17a7f323,f,05dd2774-8bab-4e04-af74-d767361d6f82,REVERSAL|LEDGER|05dd2774-8bab-4e04-af74-d767361d6f82,Reversal of ledger entry 05dd2774-8bab-4e04-af74-d767361d6f82,0e23990b-31a0-4ac2-be89-a46ebc8200d4,2026-07-28 08:42:21.036728
cca60fd3-c243-416e-bc31-76d6d4c35bf2,598a895e-5a20-48cc-95bd-a52fe5d4bb65,f89e90ab-2bb1-47a9-ab06-51e2377eb825,AGREEMENT,f89e90ab-2bb1-47a9-ab06-51e2377eb825,DEBIT,5000.00,TRY,2026-02,OFF_INVOICE,NKA,b39ade6a-ea33-413f-95a0-281c859f32fd,084d33dc-daa7-4544-9155-bfc9e2fc2cd4,650e4b5e-f1a2-4a67-a1ce-067c053d5a63,d47cdd1e-551e-4606-b9ee-f47a17a7f323,t,,LEDGER|AGREEMENT|f89e90ab-2bb1-47a9-ab06-51e2377eb825|168e9d49-3be9-4900-ac10-45d9cec71617,,3b703dae-2955-40a1-affa-f94478da505f,2026-07-28 08:42:21.298229
0a843bb1-f510-4df1-ad83-7abceec7807a,598a895e-5a20-48cc-95bd-a52fe5d4bb65,f89e90ab-2bb1-47a9-ab06-51e2377eb825,AGREEMENT,f89e90ab-2bb1-47a9-ab06-51e2377eb825,CREDIT,5000.00,TRY,2026-02,OFF_INVOICE,NKA,b39ade6a-ea33-413f-95a0-281c859f32fd,084d33dc-daa7-4544-9155-bfc9e2fc2cd4,650e4b5e-f1a2-4a67-a1ce-067c053d5a63,d47cdd1e-551e-4606-b9ee-f47a17a7f323,f,cca60fd3-c243-416e-bc31-76d6d4c35bf2,REVERSAL|LEDGER|cca60fd3-c243-416e-bc31-76d6d4c35bf2,Reversal of ledger entry cca60fd3-c243-416e-bc31-76d6d4c35bf2,3b703dae-2955-40a1-affa-f94478da505f,2026-07-28 08:42:21.35524
dfed43e3-e888-4025-954e-cb012a898178,598a895e-5a20-48cc-95bd-a52fe5d4bb65,f89e90ab-2bb1-47a9-ab06-51e2377eb825,AGREEMENT,f89e90ab-2bb1-47a9-ab06-51e2377eb825,DEBIT,5000.00,TRY,2026-02,OFF_INVOICE,NKA,b39ade6a-ea33-413f-95a0-281c859f32fd,084d33dc-daa7-4544-9155-bfc9e2fc2cd4,650e4b5e-f1a2-4a67-a1ce-067c053d5a63,d47cdd1e-551e-4606-b9ee-f47a17a7f323,t,,LEDGER|AGREEMENT|f89e90ab-2bb1-47a9-ab06-51e2377eb825|12c1e33c-a7fc-4647-a117-4b5547175d37,,3b703dae-2955-40a1-affa-f94478da505f,2026-07-28 08:42:21.433916
c704e7b5-ef92-4419-8332-b66f63ebba57,598a895e-5a20-48cc-95bd-a52fe5d4bb65,f89e90ab-2bb1-47a9-ab06-51e2377eb825,AGREEMENT,f89e90ab-2bb1-47a9-ab06-51e2377eb825,CREDIT,5000.00,TRY,2026-02,OFF_INVOICE,NKA,b39ade6a-ea33-413f-95a0-281c859f32fd,084d33dc-daa7-4544-9155-bfc9e2fc2cd4,650e4b5e-f1a2-4a67-a1ce-067c053d5a63,d47cdd1e-551e-4606-b9ee-f47a17a7f323,f,dfed43e3-e888-4025-954e-cb012a898178,REVERSAL|LEDGER|dfed43e3-e888-4025-954e-cb012a898178,Reversal of ledger entry dfed43e3-e888-4025-954e-cb012a898178,3b703dae-2955-40a1-affa-f94478da505f,2026-07-28 08:42:21.453622
3314d8b4-cd0f-419e-93c6-9fb7ce8aa9af,598a895e-5a20-48cc-95bd-a52fe5d4bb65,5bba20fc-a055-41f1-9350-38e7f2f358d7,AGREEMENT,5bba20fc-a055-41f1-9350-38e7f2f358d7,DEBIT,5000.00,TRY,2026-02,OFF_INVOICE,NKA,b39ade6a-ea33-413f-95a0-281c859f32fd,084d33dc-daa7-4544-9155-bfc9e2fc2cd4,650e4b5e-f1a2-4a67-a1ce-067c053d5a63,d47cdd1e-551e-4606-b9ee-f47a17a7f323,f,,LEDGER|AGREEMENT|5bba20fc-a055-41f1-9350-38e7f2f358d7|94e57e52-720c-4b72-95c4-a27a80fe4b6c,,3b703dae-2955-40a1-affa-f94478da505f,2026-07-28 08:44:16.075059
9c7c3819-4908-4cf1-98dc-2e1b847d61a5,598a895e-5a20-48cc-95bd-a52fe5d4bb65,3406ca4f-fedf-43e1-93df-1c306ec36b96,AGREEMENT,3406ca4f-fedf-43e1-93df-1c306ec36b96,DEBIT,3000.00,TRY,2026-02,OFF_INVOICE,NKA,b39ade6a-ea33-413f-95a0-281c859f32fd,084d33dc-daa7-4544-9155-bfc9e2fc2cd4,650e4b5e-f1a2-4a67-a1ce-067c053d5a63,d47cdd1e-551e-4606-b9ee-f47a17a7f323,t,,LEDGER|AGREEMENT|3406ca4f-fedf-43e1-93df-1c306ec36b96|912ab8a1-9169-4854-9412-6e3b5e6b401e,,3b703dae-2955-40a1-affa-f94478da505f,2026-07-28 08:44:16.364152
14d568c9-66ef-43d1-9539-6021c12b15c3,598a895e-5a20-48cc-95bd-a52fe5d4bb65,3406ca4f-fedf-43e1-93df-1c306ec36b96,AGREEMENT,3406ca4f-fedf-43e1-93df-1c306ec36b96,CREDIT,3000.00,TRY,2026-02,OFF_INVOICE,NKA,b39ade6a-ea33-413f-95a0-281c859f32fd,084d33dc-daa7-4544-9155-bfc9e2fc2cd4,650e4b5e-f1a2-4a67-a1ce-067c053d5a63,d47cdd1e-551e-4606-b9ee-f47a17a7f323,f,9c7c3819-4908-4cf1-98dc-2e1b847d61a5,REVERSAL|LEDGER|9c7c3819-4908-4cf1-98dc-2e1b847d61a5,Reversal of ledger entry 9c7c3819-4908-4cf1-98dc-2e1b847d61a5,3b703dae-2955-40a1-affa-f94478da505f,2026-07-28 08:44:16.379638
fa9de908-0751-471d-9616-443827533974,598a895e-5a20-48cc-95bd-a52fe5d4bb65,f89e90ab-2bb1-47a9-ab06-51e2377eb825,AGREEMENT,f89e90ab-2bb1-47a9-ab06-51e2377eb825,DEBIT,5000.00,TRY,2026-02,OFF_INVOICE,NKA,b39ade6a-ea33-413f-95a0-281c859f32fd,084d33dc-daa7-4544-9155-bfc9e2fc2cd4,650e4b5e-f1a2-4a67-a1ce-067c053d5a63,d47cdd1e-551e-4606-b9ee-f47a17a7f323,t,,LEDGER|AGREEMENT|f89e90ab-2bb1-47a9-ab06-51e2377eb825|e9ee03e2-f6ff-4e9b-a0d4-a53b38341bb0,,3b703dae-2955-40a1-affa-f94478da505f,2026-07-28 08:44:20.222047
4cdd631e-a1d3-408f-b7ce-5edcc16c9cff,598a895e-5a20-48cc-95bd-a52fe5d4bb65,f89e90ab-2bb1-47a9-ab06-51e2377eb825,AGREEMENT,f89e90ab-2bb1-47a9-ab06-51e2377eb825,CREDIT,5000.00,TRY,2026-02,OFF_INVOICE,NKA,b39ade6a-ea33-413f-95a0-281c859f32fd,084d33dc-daa7-4544-9155-bfc9e2fc2cd4,650e4b5e-f1a2-4a67-a1ce-067c053d5a63,d47cdd1e-551e-4606-b9ee-f47a17a7f323,f,fa9de908-0751-471d-9616-443827533974,REVERSAL|LEDGER|fa9de908-0751-471d-9616-443827533974,Reversal of ledger entry fa9de908-0751-471d-9616-443827533974,3b703dae-2955-40a1-affa-f94478da505f,2026-07-28 08:44:20.229854
9d46c926-6dfc-4cb8-b5e4-06ec6fc65311,598a895e-5a20-48cc-95bd-a52fe5d4bb65,f89e90ab-2bb1-47a9-ab06-51e2377eb825,AGREEMENT,f89e90ab-2bb1-47a9-ab06-51e2377eb825,DEBIT,5000.00,TRY,2026-02,OFF_INVOICE,NKA,b39ade6a-ea33-413f-95a0-281c859f32fd,084d33dc-daa7-4544-9155-bfc9e2fc2cd4,650e4b5e-f1a2-4a67-a1ce-067c053d5a63,d47cdd1e-551e-4606-b9ee-f47a17a7f323,t,,LEDGER|AGREEMENT|f89e90ab-2bb1-47a9-ab06-51e2377eb825|368b6193-e817-4e9c-91fb-f48e61be6896,,3b703dae-2955-40a1-affa-f94478da505f,2026-07-28 08:44:20.445443
ba1a0203-b006-4325-91e3-81062a3160a4,598a895e-5a20-48cc-95bd-a52fe5d4bb65,f89e90ab-2bb1-47a9-ab06-51e2377eb825,AGREEMENT,f89e90ab-2bb1-47a9-ab06-51e2377eb825,CREDIT,5000.00,TRY,2026-02,OFF_INVOICE,NKA,b39ade6a-ea33-413f-95a0-281c859f32fd,084d33dc-daa7-4544-9155-bfc9e2fc2cd4,650e4b5e-f1a2-4a67-a1ce-067c053d5a63,d47cdd1e-551e-4606-b9ee-f47a17a7f323,f,9d46c926-6dfc-4cb8-b5e4-06ec6fc65311,REVERSAL|LEDGER|9d46c926-6dfc-4cb8-b5e4-06ec6fc65311,Reversal of ledger entry 9d46c926-6dfc-4cb8-b5e4-06ec6fc65311,0e23990b-31a0-4ac2-be89-a46ebc8200d4,2026-07-28 08:44:20.453253
471a04b9-d28b-4c80-a30a-5bdc40e00e26,598a895e-5a20-48cc-95bd-a52fe5d4bb65,f89e90ab-2bb1-47a9-ab06-51e2377eb825,AGREEMENT,f89e90ab-2bb1-47a9-ab06-51e2377eb825,DEBIT,5000.00,TRY,2026-02,OFF_INVOICE,NKA,b39ade6a-ea33-413f-95a0-281c859f32fd,084d33dc-daa7-4544-9155-bfc9e2fc2cd4,650e4b5e-f1a2-4a67-a1ce-067c053d5a63,d47cdd1e-551e-4606-b9ee-f47a17a7f323,t,,LEDGER|AGREEMENT|f89e90ab-2bb1-47a9-ab06-51e2377eb825|f016d244-2538-465e-9cb4-823f6948310d,,3b703dae-2955-40a1-affa-f94478da505f,2026-07-28 08:44:20.505696
3543b984-d488-4a3d-ad94-a2800957d47c,598a895e-5a20-48cc-95bd-a52fe5d4bb65,f89e90ab-2bb1-47a9-ab06-51e2377eb825,AGREEMENT,f89e90ab-2bb1-47a9-ab06-51e2377eb825,CREDIT,5000.00,TRY,2026-02,OFF_INVOICE,NKA,b39ade6a-ea33-413f-95a0-281c859f32fd,084d33dc-daa7-4544-9155-bfc9e2fc2cd4,650e4b5e-f1a2-4a67-a1ce-067c053d5a63,d47cdd1e-551e-4606-b9ee-f47a17a7f323,f,471a04b9-d28b-4c80-a30a-5bdc40e00e26,REVERSAL|LEDGER|471a04b9-d28b-4c80-a30a-5bdc40e00e26,Reversal of ledger entry 471a04b9-d28b-4c80-a30a-5bdc40e00e26,3b703dae-2955-40a1-affa-f94478da505f,2026-07-28 08:44:20.512142
cc092788-dadd-4327-aecc-eb01894b1cdb,598a895e-5a20-48cc-95bd-a52fe5d4bb65,f89e90ab-2bb1-47a9-ab06-51e2377eb825,AGREEMENT,f89e90ab-2bb1-47a9-ab06-51e2377eb825,DEBIT,5000.00,TRY,2026-02,OFF_INVOICE,NKA,b39ade6a-ea33-413f-95a0-281c859f32fd,084d33dc-daa7-4544-9155-bfc9e2fc2cd4,650e4b5e-f1a2-4a67-a1ce-067c053d5a63,d47cdd1e-551e-4606-b9ee-f47a17a7f323,t,,LEDGER|AGREEMENT|f89e90ab-2bb1-47a9-ab06-51e2377eb825|db751598-e704-4939-ba87-7673f384584d,,3b703dae-2955-40a1-affa-f94478da505f,2026-07-28 08:44:20.568533
4a512382-cd9c-4c22-b866-37f65e8f0bda,598a895e-5a20-48cc-95bd-a52fe5d4bb65,f89e90ab-2bb1-47a9-ab06-51e2377eb825,AGREEMENT,f89e90ab-2bb1-47a9-ab06-51e2377eb825,CREDIT,5000.00,TRY,2026-02,OFF_INVOICE,NKA,b39ade6a-ea33-413f-95a0-281c859f32fd,084d33dc-daa7-4544-9155-bfc9e2fc2cd4,650e4b5e-f1a2-4a67-a1ce-067c053d5a63,d47cdd1e-551e-4606-b9ee-f47a17a7f323,f,cc092788-dadd-4327-aecc-eb01894b1cdb,REVERSAL|LEDGER|cc092788-dadd-4327-aecc-eb01894b1cdb,Reversal of ledger entry cc092788-dadd-4327-aecc-eb01894b1cdb,3b703dae-2955-40a1-affa-f94478da505f,2026-07-28 08:44:20.600072
3097ff44-b908-4fba-8894-9dd3617fb617,598a895e-5a20-48cc-95bd-a52fe5d4bb65,7b47f8c3-fe14-4a3a-ba51-a42d095534cd,AGREEMENT,7b47f8c3-fe14-4a3a-ba51-a42d095534cd,DEBIT,12000.00,TRY,2026-02,OFF_INVOICE,NKA,b39ade6a-ea33-413f-95a0-281c859f32fd,084d33dc-daa7-4544-9155-bfc9e2fc2cd4,650e4b5e-f1a2-4a67-a1ce-067c053d5a63,d47cdd1e-551e-4606-b9ee-f47a17a7f323,f,,LEDGER|AGREEMENT|7b47f8c3-fe14-4a3a-ba51-a42d095534cd|23c4cfc8-3970-4da2-9442-25bda750a336,,3b703dae-2955-40a1-affa-f94478da505f,2026-07-28 08:44:27.200522
9fe8ab8d-e264-46df-b1df-99667c6f7f15,598a895e-5a20-48cc-95bd-a52fe5d4bb65,3bd0b2a3-68be-4fd4-bed1-097a79c54cae,AGREEMENT,3bd0b2a3-68be-4fd4-bed1-097a79c54cae,DEBIT,4000.00,TRY,2026-02,OFF_INVOICE,NKA,b39ade6a-ea33-413f-95a0-281c859f32fd,084d33dc-daa7-4544-9155-bfc9e2fc2cd4,650e4b5e-f1a2-4a67-a1ce-067c053d5a63,d47cdd1e-551e-4606-b9ee-f47a17a7f323,t,,LEDGER|AGREEMENT|3bd0b2a3-68be-4fd4-bed1-097a79c54cae|0abb1cb4-f605-4b80-8839-917ceb6e1626,,3b703dae-2955-40a1-affa-f94478da505f,2026-07-28 08:44:27.961514
0012592f-83cb-4ccf-a710-1d594542c243,598a895e-5a20-48cc-95bd-a52fe5d4bb65,3bd0b2a3-68be-4fd4-bed1-097a79c54cae,AGREEMENT,3bd0b2a3-68be-4fd4-bed1-097a79c54cae,CREDIT,4000.00,TRY,2026-02,OFF_INVOICE,NKA,b39ade6a-ea33-413f-95a0-281c859f32fd,084d33dc-daa7-4544-9155-bfc9e2fc2cd4,650e4b5e-f1a2-4a67-a1ce-067c053d5a63,d47cdd1e-551e-4606-b9ee-f47a17a7f323,f,9fe8ab8d-e264-46df-b1df-99667c6f7f15,REVERSAL|LEDGER|9fe8ab8d-e264-46df-b1df-99667c6f7f15,Reversal of ledger entry 9fe8ab8d-e264-46df-b1df-99667c6f7f15,3b703dae-2955-40a1-affa-f94478da505f,2026-07-28 08:44:27.973743
ddedc1c8-9308-49a9-803e-9b3b32939782,598a895e-5a20-48cc-95bd-a52fe5d4bb65,d8d33710-519a-4954-9f8c-720ce08abb7f,AGREEMENT,d8d33710-519a-4954-9f8c-720ce08abb7f,DEBIT,5000.00,TRY,2026-02,OFF_INVOICE,NKA,b39ade6a-ea33-413f-95a0-281c859f32fd,084d33dc-daa7-4544-9155-bfc9e2fc2cd4,650e4b5e-f1a2-4a67-a1ce-067c053d5a63,d47cdd1e-551e-4606-b9ee-f47a17a7f323,f,,LEDGER|AGREEMENT|d8d33710-519a-4954-9f8c-720ce08abb7f|3d74790d-fb03-4cf1-9729-87b5b4634e76,,3b703dae-2955-40a1-affa-f94478da505f,2026-07-28 09:19:35.0757
84d030ca-33c7-42a1-92be-e68b0aaea0ed,598a895e-5a20-48cc-95bd-a52fe5d4bb65,134509f3-d1fd-429c-abae-70b77315c226,AGREEMENT,134509f3-d1fd-429c-abae-70b77315c226,DEBIT,3000.00,TRY,2026-02,OFF_INVOICE,NKA,b39ade6a-ea33-413f-95a0-281c859f32fd,084d33dc-daa7-4544-9155-bfc9e2fc2cd4,650e4b5e-f1a2-4a67-a1ce-067c053d5a63,d47cdd1e-551e-4606-b9ee-f47a17a7f323,t,,LEDGER|AGREEMENT|134509f3-d1fd-429c-abae-70b77315c226|d372454c-dba6-4414-85ac-fc8a1f64bdce,,3b703dae-2955-40a1-affa-f94478da505f,2026-07-28 09:19:35.176513
ef6e0b27-a30f-48b2-b3c2-d909dd9235b1,598a895e-5a20-48cc-95bd-a52fe5d4bb65,134509f3-d1fd-429c-abae-70b77315c226,AGREEMENT,134509f3-d1fd-429c-abae-70b77315c226,CREDIT,3000.00,TRY,2026-02,OFF_INVOICE,NKA,b39ade6a-ea33-413f-95a0-281c859f32fd,084d33dc-daa7-4544-9155-bfc9e2fc2cd4,650e4b5e-f1a2-4a67-a1ce-067c053d5a63,d47cdd1e-551e-4606-b9ee-f47a17a7f323,f,84d030ca-33c7-42a1-92be-e68b0aaea0ed,REVERSAL|LEDGER|84d030ca-33c7-42a1-92be-e68b0aaea0ed,Reversal of ledger entry 84d030ca-33c7-42a1-92be-e68b0aaea0ed,3b703dae-2955-40a1-affa-f94478da505f,2026-07-28 09:19:35.183913
82456b86-d909-4814-a7df-6e214eb076a5,598a895e-5a20-48cc-95bd-a52fe5d4bb65,a8601ce8-1028-4bc5-b60c-0f28a8ba6c9c,AGREEMENT,a8601ce8-1028-4bc5-b60c-0f28a8ba6c9c,DEBIT,5000.00,TRY,2026-02,OFF_INVOICE,NKA,b39ade6a-ea33-413f-95a0-281c859f32fd,084d33dc-daa7-4544-9155-bfc9e2fc2cd4,650e4b5e-f1a2-4a67-a1ce-067c053d5a63,d47cdd1e-551e-4606-b9ee-f47a17a7f323,f,,LEDGER|AGREEMENT|a8601ce8-1028-4bc5-b60c-0f28a8ba6c9c|83da0060-d6ca-4f6f-8337-362e2a7e3f16,,3b703dae-2955-40a1-affa-f94478da505f,2026-07-28 09:20:47.461653
916b6486-1bce-4360-ae10-5aa4d9c14775,598a895e-5a20-48cc-95bd-a52fe5d4bb65,1f4390fd-4626-4153-bcf1-a448d937061f,AGREEMENT,1f4390fd-4626-4153-bcf1-a448d937061f,DEBIT,3000.00,TRY,2026-02,OFF_INVOICE,NKA,b39ade6a-ea33-413f-95a0-281c859f32fd,084d33dc-daa7-4544-9155-bfc9e2fc2cd4,650e4b5e-f1a2-4a67-a1ce-067c053d5a63,d47cdd1e-551e-4606-b9ee-f47a17a7f323,t,,LEDGER|AGREEMENT|1f4390fd-4626-4153-bcf1-a448d937061f|0c012bc3-dfe2-48ad-9978-79aa81e25b14,,3b703dae-2955-40a1-affa-f94478da505f,2026-07-28 09:20:47.545026
c25f00db-1130-4f3c-b9e0-9d6e82e8820a,598a895e-5a20-48cc-95bd-a52fe5d4bb65,1f4390fd-4626-4153-bcf1-a448d937061f,AGREEMENT,1f4390fd-4626-4153-bcf1-a448d937061f,CREDIT,3000.00,TRY,2026-02,OFF_INVOICE,NKA,b39ade6a-ea33-413f-95a0-281c859f32fd,084d33dc-daa7-4544-9155-bfc9e2fc2cd4,650e4b5e-f1a2-4a67-a1ce-067c053d5a63,d47cdd1e-551e-4606-b9ee-f47a17a7f323,f,916b6486-1bce-4360-ae10-5aa4d9c14775,REVERSAL|LEDGER|916b6486-1bce-4360-ae10-5aa4d9c14775,Reversal of ledger entry 916b6486-1bce-4360-ae10-5aa4d9c14775,3b703dae-2955-40a1-affa-f94478da505f,2026-07-28 09:20:47.552
ebc02b63-bce0-4326-a846-31a4dec04843,598a895e-5a20-48cc-95bd-a52fe5d4bb65,ca635406-b1ed-44d9-ba8c-09d92f00c423,AGREEMENT,ca635406-b1ed-44d9-ba8c-09d92f00c423,DEBIT,5000.00,TRY,2026-02,OFF_INVOICE,NKA,b39ade6a-ea33-413f-95a0-281c859f32fd,084d33dc-daa7-4544-9155-bfc9e2fc2cd4,650e4b5e-f1a2-4a67-a1ce-067c053d5a63,d47cdd1e-551e-4606-b9ee-f47a17a7f323,t,,LEDGER|AGREEMENT|ca635406-b1ed-44d9-ba8c-09d92f00c423|646250d6-d5bb-409b-a0af-4f035e72502f,,3b703dae-2955-40a1-affa-f94478da505f,2026-07-28 09:20:48.877491
58ecb45f-967c-4272-b732-cf6632978f61,598a895e-5a20-48cc-95bd-a52fe5d4bb65,ca635406-b1ed-44d9-ba8c-09d92f00c423,AGREEMENT,ca635406-b1ed-44d9-ba8c-09d92f00c423,CREDIT,5000.00,TRY,2026-02,OFF_INVOICE,NKA,b39ade6a-ea33-413f-95a0-281c859f32fd,084d33dc-daa7-4544-9155-bfc9e2fc2cd4,650e4b5e-f1a2-4a67-a1ce-067c053d5a63,d47cdd1e-551e-4606-b9ee-f47a17a7f323,f,ebc02b63-bce0-4326-a846-31a4dec04843,REVERSAL|LEDGER|ebc02b63-bce0-4326-a846-31a4dec04843,Reversal of ledger entry ebc02b63-bce0-4326-a846-31a4dec04843,3b703dae-2955-40a1-affa-f94478da505f,2026-07-28 09:20:48.883807
ca80dc0e-80a5-4484-8700-b470b4ccba1e,598a895e-5a20-48cc-95bd-a52fe5d4bb65,ca635406-b1ed-44d9-ba8c-09d92f00c423,AGREEMENT,ca635406-b1ed-44d9-ba8c-09d92f00c423,DEBIT,5000.00,TRY,2026-02,OFF_INVOICE,NKA,b39ade6a-ea33-413f-95a0-281c859f32fd,084d33dc-daa7-4544-9155-bfc9e2fc2cd4,650e4b5e-f1a2-4a67-a1ce-067c053d5a63,d47cdd1e-551e-4606-b9ee-f47a17a7f323,t,,LEDGER|AGREEMENT|ca635406-b1ed-44d9-ba8c-09d92f00c423|682020eb-f2ad-4de8-a00d-3f4478bc64b8,,3b703dae-2955-40a1-affa-f94478da505f,2026-07-28 09:20:49.000292
1b77f63c-c0df-483c-b2cf-db5d93b7feed,598a895e-5a20-48cc-95bd-a52fe5d4bb65,ca635406-b1ed-44d9-ba8c-09d92f00c423,AGREEMENT,ca635406-b1ed-44d9-ba8c-09d92f00c423,CREDIT,5000.00,TRY,2026-02,OFF_INVOICE,NKA,b39ade6a-ea33-413f-95a0-281c859f32fd,084d33dc-daa7-4544-9155-bfc9e2fc2cd4,650e4b5e-f1a2-4a67-a1ce-067c053d5a63,d47cdd1e-551e-4606-b9ee-f47a17a7f323,f,ca80dc0e-80a5-4484-8700-b470b4ccba1e,REVERSAL|LEDGER|ca80dc0e-80a5-4484-8700-b470b4ccba1e,Reversal of ledger entry ca80dc0e-80a5-4484-8700-b470b4ccba1e,0e23990b-31a0-4ac2-be89-a46ebc8200d4,2026-07-28 09:20:49.009546
8ab22ed5-24dc-419e-80c7-66ec2e79b6ac,598a895e-5a20-48cc-95bd-a52fe5d4bb65,ca635406-b1ed-44d9-ba8c-09d92f00c423,AGREEMENT,ca635406-b1ed-44d9-ba8c-09d92f00c423,DEBIT,5000.00,TRY,2026-02,OFF_INVOICE,NKA,b39ade6a-ea33-413f-95a0-281c859f32fd,084d33dc-daa7-4544-9155-bfc9e2fc2cd4,650e4b5e-f1a2-4a67-a1ce-067c053d5a63,d47cdd1e-551e-4606-b9ee-f47a17a7f323,t,,LEDGER|AGREEMENT|ca635406-b1ed-44d9-ba8c-09d92f00c423|ab5a4858-6b0d-423d-a47b-320efde18b8e,,3b703dae-2955-40a1-affa-f94478da505f,2026-07-28 09:20:49.03367
d358869e-e933-42b0-958b-c83dfa685d85,598a895e-5a20-48cc-95bd-a52fe5d4bb65,ca635406-b1ed-44d9-ba8c-09d92f00c423,AGREEMENT,ca635406-b1ed-44d9-ba8c-09d92f00c423,CREDIT,5000.00,TRY,2026-02,OFF_INVOICE,NKA,b39ade6a-ea33-413f-95a0-281c859f32fd,084d33dc-daa7-4544-9155-bfc9e2fc2cd4,650e4b5e-f1a2-4a67-a1ce-067c053d5a63,d47cdd1e-551e-4606-b9ee-f47a17a7f323,f,8ab22ed5-24dc-419e-80c7-66ec2e79b6ac,REVERSAL|LEDGER|8ab22ed5-24dc-419e-80c7-66ec2e79b6ac,Reversal of ledger entry 8ab22ed5-24dc-419e-80c7-66ec2e79b6ac,3b703dae-2955-40a1-affa-f94478da505f,2026-07-28 09:20:49.036534
66a1508d-e34f-4c67-beb3-0e2bc83db7ab,598a895e-5a20-48cc-95bd-a52fe5d4bb65,ca635406-b1ed-44d9-ba8c-09d92f00c423,AGREEMENT,ca635406-b1ed-44d9-ba8c-09d92f00c423,DEBIT,5000.00,TRY,2026-02,OFF_INVOICE,NKA,b39ade6a-ea33-413f-95a0-281c859f32fd,084d33dc-daa7-4544-9155-bfc9e2fc2cd4,650e4b5e-f1a2-4a67-a1ce-067c053d5a63,d47cdd1e-551e-4606-b9ee-f47a17a7f323,t,,LEDGER|AGREEMENT|ca635406-b1ed-44d9-ba8c-09d92f00c423|feff263c-fe4f-4468-a331-359b933f49ab,,3b703dae-2955-40a1-affa-f94478da505f,2026-07-28 09:20:49.068809
b0cf7b08-7469-437c-a11e-f7485d8f4f69,598a895e-5a20-48cc-95bd-a52fe5d4bb65,ca635406-b1ed-44d9-ba8c-09d92f00c423,AGREEMENT,ca635406-b1ed-44d9-ba8c-09d92f00c423,CREDIT,5000.00,TRY,2026-02,OFF_INVOICE,NKA,b39ade6a-ea33-413f-95a0-281c859f32fd,084d33dc-daa7-4544-9155-bfc9e2fc2cd4,650e4b5e-f1a2-4a67-a1ce-067c053d5a63,d47cdd1e-551e-4606-b9ee-f47a17a7f323,f,66a1508d-e34f-4c67-beb3-0e2bc83db7ab,REVERSAL|LEDGER|66a1508d-e34f-4c67-beb3-0e2bc83db7ab,Reversal of ledger entry 66a1508d-e34f-4c67-beb3-0e2bc83db7ab,3b703dae-2955-40a1-affa-f94478da505f,2026-07-28 09:20:49.073983
84a07fd8-0490-4856-9e3d-91668bbc9ff4,598a895e-5a20-48cc-95bd-a52fe5d4bb65,19fa6275-0426-43a9-bb06-f3bd9067580f,AGREEMENT,19fa6275-0426-43a9-bb06-f3bd9067580f,DEBIT,5000.00,TRY,2026-02,OFF_INVOICE,NKA,b39ade6a-ea33-413f-95a0-281c859f32fd,084d33dc-daa7-4544-9155-bfc9e2fc2cd4,650e4b5e-f1a2-4a67-a1ce-067c053d5a63,d47cdd1e-551e-4606-b9ee-f47a17a7f323,f,,LEDGER|AGREEMENT|19fa6275-0426-43a9-bb06-f3bd9067580f|3c5433b5-dd6d-4080-90fa-de4d207a7487,,3b703dae-2955-40a1-affa-f94478da505f,2026-07-28 09:24:26.687354
f66dabdf-ecc1-4126-b64f-c24c8a3a5fe8,598a895e-5a20-48cc-95bd-a52fe5d4bb65,d56df591-09e7-4248-be15-573907d4657a,AGREEMENT,d56df591-09e7-4248-be15-573907d4657a,DEBIT,3000.00,TRY,2026-02,OFF_INVOICE,NKA,b39ade6a-ea33-413f-95a0-281c859f32fd,084d33dc-daa7-4544-9155-bfc9e2fc2cd4,650e4b5e-f1a2-4a67-a1ce-067c053d5a63,d47cdd1e-551e-4606-b9ee-f47a17a7f323,t,,LEDGER|AGREEMENT|d56df591-09e7-4248-be15-573907d4657a|cff419ee-1d6c-44a2-8371-def8a2fad878,,3b703dae-2955-40a1-affa-f94478da505f,2026-07-28 09:24:27.136909
1d474ce3-8c6d-49a0-9e5c-3ef490987d38,598a895e-5a20-48cc-95bd-a52fe5d4bb65,d56df591-09e7-4248-be15-573907d4657a,AGREEMENT,d56df591-09e7-4248-be15-573907d4657a,CREDIT,3000.00,TRY,2026-02,OFF_INVOICE,NKA,b39ade6a-ea33-413f-95a0-281c859f32fd,084d33dc-daa7-4544-9155-bfc9e2fc2cd4,650e4b5e-f1a2-4a67-a1ce-067c053d5a63,d47cdd1e-551e-4606-b9ee-f47a17a7f323,f,f66dabdf-ecc1-4126-b64f-c24c8a3a5fe8,REVERSAL|LEDGER|f66dabdf-ecc1-4126-b64f-c24c8a3a5fe8,Reversal of ledger entry f66dabdf-ecc1-4126-b64f-c24c8a3a5fe8,3b703dae-2955-40a1-affa-f94478da505f,2026-07-28 09:24:27.164513
c75b14db-ca9d-4b4f-9eab-30aadf8faaa3,598a895e-5a20-48cc-95bd-a52fe5d4bb65,f839d16b-79ac-4903-9be4-c47e1fecc447,AGREEMENT,f839d16b-79ac-4903-9be4-c47e1fecc447,DEBIT,5000.00,TRY,2026-02,OFF_INVOICE,NKA,b39ade6a-ea33-413f-95a0-281c859f32fd,084d33dc-daa7-4544-9155-bfc9e2fc2cd4,650e4b5e-f1a2-4a67-a1ce-067c053d5a63,d47cdd1e-551e-4606-b9ee-f47a17a7f323,f,,LEDGER|AGREEMENT|f839d16b-79ac-4903-9be4-c47e1fecc447|65547111-4ae0-4a68-a617-f50f26c15505,,3b703dae-2955-40a1-affa-f94478da505f,2026-07-28 09:25:47.527363
2c793601-a875-4c99-ab07-25dbfde983b7,598a895e-5a20-48cc-95bd-a52fe5d4bb65,0df9eebe-9ca5-4380-85c7-6f1f3aef2e9a,AGREEMENT,0df9eebe-9ca5-4380-85c7-6f1f3aef2e9a,DEBIT,3000.00,TRY,2026-02,OFF_INVOICE,NKA,b39ade6a-ea33-413f-95a0-281c859f32fd,084d33dc-daa7-4544-9155-bfc9e2fc2cd4,650e4b5e-f1a2-4a67-a1ce-067c053d5a63,d47cdd1e-551e-4606-b9ee-f47a17a7f323,t,,LEDGER|AGREEMENT|0df9eebe-9ca5-4380-85c7-6f1f3aef2e9a|6ead8333-4684-4104-ba76-cdc09e6d9e2a,,3b703dae-2955-40a1-affa-f94478da505f,2026-07-28 09:25:47.90515
2c070a2b-7a47-476d-97d6-e43ea274b662,598a895e-5a20-48cc-95bd-a52fe5d4bb65,0df9eebe-9ca5-4380-85c7-6f1f3aef2e9a,AGREEMENT,0df9eebe-9ca5-4380-85c7-6f1f3aef2e9a,CREDIT,3000.00,TRY,2026-02,OFF_INVOICE,NKA,b39ade6a-ea33-413f-95a0-281c859f32fd,084d33dc-daa7-4544-9155-bfc9e2fc2cd4,650e4b5e-f1a2-4a67-a1ce-067c053d5a63,d47cdd1e-551e-4606-b9ee-f47a17a7f323,f,2c793601-a875-4c99-ab07-25dbfde983b7,REVERSAL|LEDGER|2c793601-a875-4c99-ab07-25dbfde983b7,Reversal of ledger entry 2c793601-a875-4c99-ab07-25dbfde983b7,3b703dae-2955-40a1-affa-f94478da505f,2026-07-28 09:25:47.921987
728489a5-bf30-4f9d-a19b-4e6786970f21,598a895e-5a20-48cc-95bd-a52fe5d4bb65,b4ed3eef-05fa-48dc-9f28-d2554a5c6a53,AGREEMENT,b4ed3eef-05fa-48dc-9f28-d2554a5c6a53,DEBIT,12000.00,TRY,2026-02,OFF_INVOICE,NKA,b39ade6a-ea33-413f-95a0-281c859f32fd,084d33dc-daa7-4544-9155-bfc9e2fc2cd4,650e4b5e-f1a2-4a67-a1ce-067c053d5a63,d47cdd1e-551e-4606-b9ee-f47a17a7f323,f,,LEDGER|AGREEMENT|b4ed3eef-05fa-48dc-9f28-d2554a5c6a53|9c0b16c5-4ee5-432d-ba86-c23393f03d2c,,3b703dae-2955-40a1-affa-f94478da505f,2026-07-28 09:28:03.732061
77603a73-cd3f-4a75-a429-02e3373aa195,598a895e-5a20-48cc-95bd-a52fe5d4bb65,b20bbc9b-43cb-4bbf-97f1-9d760ca172b0,AGREEMENT,b20bbc9b-43cb-4bbf-97f1-9d760ca172b0,DEBIT,4000.00,TRY,2026-02,OFF_INVOICE,NKA,b39ade6a-ea33-413f-95a0-281c859f32fd,084d33dc-daa7-4544-9155-bfc9e2fc2cd4,650e4b5e-f1a2-4a67-a1ce-067c053d5a63,d47cdd1e-551e-4606-b9ee-f47a17a7f323,t,,LEDGER|AGREEMENT|b20bbc9b-43cb-4bbf-97f1-9d760ca172b0|4f8c19f3-9632-46a5-8466-38114b813043,,3b703dae-2955-40a1-affa-f94478da505f,2026-07-28 09:28:04.746338
b6aa3192-013b-4ce1-aeb0-deb9101e9b3c,598a895e-5a20-48cc-95bd-a52fe5d4bb65,b20bbc9b-43cb-4bbf-97f1-9d760ca172b0,AGREEMENT,b20bbc9b-43cb-4bbf-97f1-9d760ca172b0,CREDIT,4000.00,TRY,2026-02,OFF_INVOICE,NKA,b39ade6a-ea33-413f-95a0-281c859f32fd,084d33dc-daa7-4544-9155-bfc9e2fc2cd4,650e4b5e-f1a2-4a67-a1ce-067c053d5a63,d47cdd1e-551e-4606-b9ee-f47a17a7f323,f,77603a73-cd3f-4a75-a429-02e3373aa195,REVERSAL|LEDGER|77603a73-cd3f-4a75-a429-02e3373aa195,Reversal of ledger entry 77603a73-cd3f-4a75-a429-02e3373aa195,3b703dae-2955-40a1-affa-f94478da505f,2026-07-28 09:28:04.760058
cb9750a2-094c-419b-b424-7f03c1753c23,598a895e-5a20-48cc-95bd-a52fe5d4bb65,7a4a8754-2222-46cf-996d-595e042956b3,AGREEMENT,7a4a8754-2222-46cf-996d-595e042956b3,DEBIT,5000.00,TRY,2026-02,OFF_INVOICE,NKA,b39ade6a-ea33-413f-95a0-281c859f32fd,084d33dc-daa7-4544-9155-bfc9e2fc2cd4,650e4b5e-f1a2-4a67-a1ce-067c053d5a63,d47cdd1e-551e-4606-b9ee-f47a17a7f323,f,,LEDGER|AGREEMENT|7a4a8754-2222-46cf-996d-595e042956b3|c5821aae-f98a-45a4-b9a2-15e208f9bdff,,3b703dae-2955-40a1-affa-f94478da505f,2026-07-28 09:28:24.275912
7ab5e0ab-bc3c-4d1c-bb27-049da8ac98f0,598a895e-5a20-48cc-95bd-a52fe5d4bb65,02e164f7-3b5d-4933-9ec8-00c555366c34,AGREEMENT,02e164f7-3b5d-4933-9ec8-00c555366c34,DEBIT,3000.00,TRY,2026-02,OFF_INVOICE,NKA,b39ade6a-ea33-413f-95a0-281c859f32fd,084d33dc-daa7-4544-9155-bfc9e2fc2cd4,650e4b5e-f1a2-4a67-a1ce-067c053d5a63,d47cdd1e-551e-4606-b9ee-f47a17a7f323,t,,LEDGER|AGREEMENT|02e164f7-3b5d-4933-9ec8-00c555366c34|23cc1404-c996-4eba-874b-53fa4e6ef661,,3b703dae-2955-40a1-affa-f94478da505f,2026-07-28 09:28:24.546659
1f9c28c4-bdd8-431a-b733-807b5d2f3874,598a895e-5a20-48cc-95bd-a52fe5d4bb65,02e164f7-3b5d-4933-9ec8-00c555366c34,AGREEMENT,02e164f7-3b5d-4933-9ec8-00c555366c34,CREDIT,3000.00,TRY,2026-02,OFF_INVOICE,NKA,b39ade6a-ea33-413f-95a0-281c859f32fd,084d33dc-daa7-4544-9155-bfc9e2fc2cd4,650e4b5e-f1a2-4a67-a1ce-067c053d5a63,d47cdd1e-551e-4606-b9ee-f47a17a7f323,f,7ab5e0ab-bc3c-4d1c-bb27-049da8ac98f0,REVERSAL|LEDGER|7ab5e0ab-bc3c-4d1c-bb27-049da8ac98f0,Reversal of ledger entry 7ab5e0ab-bc3c-4d1c-bb27-049da8ac98f0,3b703dae-2955-40a1-affa-f94478da505f,2026-07-28 09:28:24.577564
15892ae4-7183-4234-a240-038404f2caa7,598a895e-5a20-48cc-95bd-a52fe5d4bb65,0df9eebe-9ca5-4380-85c7-6f1f3aef2e9a,AGREEMENT,0df9eebe-9ca5-4380-85c7-6f1f3aef2e9a,DEBIT,5000.00,TRY,2026-02,OFF_INVOICE,NKA,b39ade6a-ea33-413f-95a0-281c859f32fd,084d33dc-daa7-4544-9155-bfc9e2fc2cd4,650e4b5e-f1a2-4a67-a1ce-067c053d5a63,d47cdd1e-551e-4606-b9ee-f47a17a7f323,t,,LEDGER|AGREEMENT|0df9eebe-9ca5-4380-85c7-6f1f3aef2e9a|7a1b43ff-ea3e-4002-b3e2-e1227d185e0b,,3b703dae-2955-40a1-affa-f94478da505f,2026-07-28 09:34:16.914852
09f4b6da-f6b8-4a6a-96ca-1c9da049561b,598a895e-5a20-48cc-95bd-a52fe5d4bb65,0df9eebe-9ca5-4380-85c7-6f1f3aef2e9a,AGREEMENT,0df9eebe-9ca5-4380-85c7-6f1f3aef2e9a,CREDIT,5000.00,TRY,2026-02,OFF_INVOICE,NKA,b39ade6a-ea33-413f-95a0-281c859f32fd,084d33dc-daa7-4544-9155-bfc9e2fc2cd4,650e4b5e-f1a2-4a67-a1ce-067c053d5a63,d47cdd1e-551e-4606-b9ee-f47a17a7f323,f,15892ae4-7183-4234-a240-038404f2caa7,REVERSAL|LEDGER|15892ae4-7183-4234-a240-038404f2caa7,Reversal of ledger entry 15892ae4-7183-4234-a240-038404f2caa7,3b703dae-2955-40a1-affa-f94478da505f,2026-07-28 09:34:16.931523
8d1ef2f9-7d25-4ab8-b93c-da8aef156998,598a895e-5a20-48cc-95bd-a52fe5d4bb65,0df9eebe-9ca5-4380-85c7-6f1f3aef2e9a,AGREEMENT,0df9eebe-9ca5-4380-85c7-6f1f3aef2e9a,DEBIT,5000.00,TRY,2026-02,OFF_INVOICE,NKA,b39ade6a-ea33-413f-95a0-281c859f32fd,084d33dc-daa7-4544-9155-bfc9e2fc2cd4,650e4b5e-f1a2-4a67-a1ce-067c053d5a63,d47cdd1e-551e-4606-b9ee-f47a17a7f323,t,,LEDGER|AGREEMENT|0df9eebe-9ca5-4380-85c7-6f1f3aef2e9a|f8938830-3996-49fd-a364-e66a3bc7c892,,3b703dae-2955-40a1-affa-f94478da505f,2026-07-28 09:34:17.13447
44172a58-9430-4f6b-ba05-018db991f125,598a895e-5a20-48cc-95bd-a52fe5d4bb65,0df9eebe-9ca5-4380-85c7-6f1f3aef2e9a,AGREEMENT,0df9eebe-9ca5-4380-85c7-6f1f3aef2e9a,CREDIT,5000.00,TRY,2026-02,OFF_INVOICE,NKA,b39ade6a-ea33-413f-95a0-281c859f32fd,084d33dc-daa7-4544-9155-bfc9e2fc2cd4,650e4b5e-f1a2-4a67-a1ce-067c053d5a63,d47cdd1e-551e-4606-b9ee-f47a17a7f323,f,8d1ef2f9-7d25-4ab8-b93c-da8aef156998,REVERSAL|LEDGER|8d1ef2f9-7d25-4ab8-b93c-da8aef156998,Reversal of ledger entry 8d1ef2f9-7d25-4ab8-b93c-da8aef156998,0e23990b-31a0-4ac2-be89-a46ebc8200d4,2026-07-28 09:34:17.141801
fadd0e6c-2e32-41d0-9120-a1925133a025,598a895e-5a20-48cc-95bd-a52fe5d4bb65,0df9eebe-9ca5-4380-85c7-6f1f3aef2e9a,AGREEMENT,0df9eebe-9ca5-4380-85c7-6f1f3aef2e9a,DEBIT,5000.00,TRY,2026-02,OFF_INVOICE,NKA,b39ade6a-ea33-413f-95a0-281c859f32fd,084d33dc-daa7-4544-9155-bfc9e2fc2cd4,650e4b5e-f1a2-4a67-a1ce-067c053d5a63,d47cdd1e-551e-4606-b9ee-f47a17a7f323,t,,LEDGER|AGREEMENT|0df9eebe-9ca5-4380-85c7-6f1f3aef2e9a|283eb0b4-69c0-4349-be2d-14d166dc049f,,3b703dae-2955-40a1-affa-f94478da505f,2026-07-28 09:34:17.185836
81d128dc-4790-4c6e-9b09-3e7335f8af53,598a895e-5a20-48cc-95bd-a52fe5d4bb65,0df9eebe-9ca5-4380-85c7-6f1f3aef2e9a,AGREEMENT,0df9eebe-9ca5-4380-85c7-6f1f3aef2e9a,CREDIT,5000.00,TRY,2026-02,OFF_INVOICE,NKA,b39ade6a-ea33-413f-95a0-281c859f32fd,084d33dc-daa7-4544-9155-bfc9e2fc2cd4,650e4b5e-f1a2-4a67-a1ce-067c053d5a63,d47cdd1e-551e-4606-b9ee-f47a17a7f323,f,fadd0e6c-2e32-41d0-9120-a1925133a025,REVERSAL|LEDGER|fadd0e6c-2e32-41d0-9120-a1925133a025,Reversal of ledger entry fadd0e6c-2e32-41d0-9120-a1925133a025,3b703dae-2955-40a1-affa-f94478da505f,2026-07-28 09:34:17.191603
b3a336a6-2d01-4f8b-a40a-5adfb5e89287,598a895e-5a20-48cc-95bd-a52fe5d4bb65,0df9eebe-9ca5-4380-85c7-6f1f3aef2e9a,AGREEMENT,0df9eebe-9ca5-4380-85c7-6f1f3aef2e9a,DEBIT,5000.00,TRY,2026-02,OFF_INVOICE,NKA,b39ade6a-ea33-413f-95a0-281c859f32fd,084d33dc-daa7-4544-9155-bfc9e2fc2cd4,650e4b5e-f1a2-4a67-a1ce-067c053d5a63,d47cdd1e-551e-4606-b9ee-f47a17a7f323,t,,LEDGER|AGREEMENT|0df9eebe-9ca5-4380-85c7-6f1f3aef2e9a|7894e714-96b2-430c-a9dd-22ec901a205c,,3b703dae-2955-40a1-affa-f94478da505f,2026-07-28 09:34:17.236679
3f326285-5237-4fbe-877b-1f2413656dfd,598a895e-5a20-48cc-95bd-a52fe5d4bb65,0df9eebe-9ca5-4380-85c7-6f1f3aef2e9a,AGREEMENT,0df9eebe-9ca5-4380-85c7-6f1f3aef2e9a,CREDIT,5000.00,TRY,2026-02,OFF_INVOICE,NKA,b39ade6a-ea33-413f-95a0-281c859f32fd,084d33dc-daa7-4544-9155-bfc9e2fc2cd4,650e4b5e-f1a2-4a67-a1ce-067c053d5a63,d47cdd1e-551e-4606-b9ee-f47a17a7f323,f,b3a336a6-2d01-4f8b-a40a-5adfb5e89287,REVERSAL|LEDGER|b3a336a6-2d01-4f8b-a40a-5adfb5e89287,Reversal of ledger entry b3a336a6-2d01-4f8b-a40a-5adfb5e89287,3b703dae-2955-40a1-affa-f94478da505f,2026-07-28 09:34:17.246048
f0aaa277-4ddd-48e0-a33d-9f0f1d91c456,598a895e-5a20-48cc-95bd-a52fe5d4bb65,a8bde0b4-fd71-43f4-94cf-859df65ca186,AGREEMENT,a8bde0b4-fd71-43f4-94cf-859df65ca186,DEBIT,5000.00,TRY,2026-02,OFF_INVOICE,NKA,b39ade6a-ea33-413f-95a0-281c859f32fd,084d33dc-daa7-4544-9155-bfc9e2fc2cd4,650e4b5e-f1a2-4a67-a1ce-067c053d5a63,d47cdd1e-551e-4606-b9ee-f47a17a7f323,f,,LEDGER|AGREEMENT|a8bde0b4-fd71-43f4-94cf-859df65ca186|8b474a22-018a-4e45-a356-86ca78abf124,,3b703dae-2955-40a1-affa-f94478da505f,2026-07-28 09:34:26.683427
d7405c2a-3532-46f0-b888-5c2b49bb9853,598a895e-5a20-48cc-95bd-a52fe5d4bb65,be852701-14d6-4e85-b879-6bd38e4167bf,AGREEMENT,be852701-14d6-4e85-b879-6bd38e4167bf,DEBIT,3000.00,TRY,2026-02,OFF_INVOICE,NKA,b39ade6a-ea33-413f-95a0-281c859f32fd,084d33dc-daa7-4544-9155-bfc9e2fc2cd4,650e4b5e-f1a2-4a67-a1ce-067c053d5a63,d47cdd1e-551e-4606-b9ee-f47a17a7f323,t,,LEDGER|AGREEMENT|be852701-14d6-4e85-b879-6bd38e4167bf|4a6b1980-4c7c-44dd-84f6-53df1910650e,,3b703dae-2955-40a1-affa-f94478da505f,2026-07-28 09:34:26.812576
d042f3b9-a166-4b81-86d6-1d8e788e5439,598a895e-5a20-48cc-95bd-a52fe5d4bb65,be852701-14d6-4e85-b879-6bd38e4167bf,AGREEMENT,be852701-14d6-4e85-b879-6bd38e4167bf,CREDIT,3000.00,TRY,2026-02,OFF_INVOICE,NKA,b39ade6a-ea33-413f-95a0-281c859f32fd,084d33dc-daa7-4544-9155-bfc9e2fc2cd4,650e4b5e-f1a2-4a67-a1ce-067c053d5a63,d47cdd1e-551e-4606-b9ee-f47a17a7f323,f,d7405c2a-3532-46f0-b888-5c2b49bb9853,REVERSAL|LEDGER|d7405c2a-3532-46f0-b888-5c2b49bb9853,Reversal of ledger entry d7405c2a-3532-46f0-b888-5c2b49bb9853,3b703dae-2955-40a1-affa-f94478da505f,2026-07-28 09:34:26.822697
e0b002bf-9cb9-430b-bb0c-d7b117db22de,598a895e-5a20-48cc-95bd-a52fe5d4bb65,e27ce924-c322-4fd1-a50b-eb045ba709b0,AGREEMENT,e27ce924-c322-4fd1-a50b-eb045ba709b0,DEBIT,12000.00,TRY,2026-02,OFF_INVOICE,NKA,b39ade6a-ea33-413f-95a0-281c859f32fd,084d33dc-daa7-4544-9155-bfc9e2fc2cd4,650e4b5e-f1a2-4a67-a1ce-067c053d5a63,d47cdd1e-551e-4606-b9ee-f47a17a7f323,f,,LEDGER|AGREEMENT|e27ce924-c322-4fd1-a50b-eb045ba709b0|c6d5c3c4-92b7-43ce-ae9a-fc00166e7814,,3b703dae-2955-40a1-affa-f94478da505f,2026-07-28 09:34:29.473118
571cab2b-57ba-4b07-9cc3-758645e3256c,598a895e-5a20-48cc-95bd-a52fe5d4bb65,0cc8fd69-b633-4b37-ac2b-ae2a4c27473e,AGREEMENT,0cc8fd69-b633-4b37-ac2b-ae2a4c27473e,DEBIT,4000.00,TRY,2026-02,OFF_INVOICE,NKA,b39ade6a-ea33-413f-95a0-281c859f32fd,084d33dc-daa7-4544-9155-bfc9e2fc2cd4,650e4b5e-f1a2-4a67-a1ce-067c053d5a63,d47cdd1e-551e-4606-b9ee-f47a17a7f323,t,,LEDGER|AGREEMENT|0cc8fd69-b633-4b37-ac2b-ae2a4c27473e|62146d0e-53f3-47d5-95d7-1ec5da63e8f1,,3b703dae-2955-40a1-affa-f94478da505f,2026-07-28 09:34:29.805385
c51b638a-b4b4-4236-a36d-c84e9e984bb1,598a895e-5a20-48cc-95bd-a52fe5d4bb65,0cc8fd69-b633-4b37-ac2b-ae2a4c27473e,AGREEMENT,0cc8fd69-b633-4b37-ac2b-ae2a4c27473e,CREDIT,4000.00,TRY,2026-02,OFF_INVOICE,NKA,b39ade6a-ea33-413f-95a0-281c859f32fd,084d33dc-daa7-4544-9155-bfc9e2fc2cd4,650e4b5e-f1a2-4a67-a1ce-067c053d5a63,d47cdd1e-551e-4606-b9ee-f47a17a7f323,f,571cab2b-57ba-4b07-9cc3-758645e3256c,REVERSAL|LEDGER|571cab2b-57ba-4b07-9cc3-758645e3256c,Reversal of ledger entry 571cab2b-57ba-4b07-9cc3-758645e3256c,3b703dae-2955-40a1-affa-f94478da505f,2026-07-28 09:34:29.810505
8283c683-b0b5-4358-8dcb-d3fa4f1c71b5,598a895e-5a20-48cc-95bd-a52fe5d4bb65,a9fa7a2f-03d1-40ae-aa93-cfa739d32629,AGREEMENT,a9fa7a2f-03d1-40ae-aa93-cfa739d32629,DEBIT,5000.00,TRY,2026-02,OFF_INVOICE,NKA,b39ade6a-ea33-413f-95a0-281c859f32fd,084d33dc-daa7-4544-9155-bfc9e2fc2cd4,650e4b5e-f1a2-4a67-a1ce-067c053d5a63,d47cdd1e-551e-4606-b9ee-f47a17a7f323,f,,LEDGER|AGREEMENT|a9fa7a2f-03d1-40ae-aa93-cfa739d32629|badbc681-7888-4125-9e0e-70d799e40fff,,3b703dae-2955-40a1-affa-f94478da505f,2026-07-28 09:35:52.1654
aa959c9a-bd8d-4461-9740-83a154794d70,598a895e-5a20-48cc-95bd-a52fe5d4bb65,0ea261fc-1bb3-4b40-8f22-d8c86ca96857,AGREEMENT,0ea261fc-1bb3-4b40-8f22-d8c86ca96857,DEBIT,3000.00,TRY,2026-02,OFF_INVOICE,NKA,b39ade6a-ea33-413f-95a0-281c859f32fd,084d33dc-daa7-4544-9155-bfc9e2fc2cd4,650e4b5e-f1a2-4a67-a1ce-067c053d5a63,d47cdd1e-551e-4606-b9ee-f47a17a7f323,t,,LEDGER|AGREEMENT|0ea261fc-1bb3-4b40-8f22-d8c86ca96857|899fcec7-6aab-47e5-b8e4-5f174bf68580,,3b703dae-2955-40a1-affa-f94478da505f,2026-07-28 09:35:52.27121
61d16c8e-0a20-44c8-ac1d-5164dc69595e,598a895e-5a20-48cc-95bd-a52fe5d4bb65,0ea261fc-1bb3-4b40-8f22-d8c86ca96857,AGREEMENT,0ea261fc-1bb3-4b40-8f22-d8c86ca96857,CREDIT,3000.00,TRY,2026-02,OFF_INVOICE,NKA,b39ade6a-ea33-413f-95a0-281c859f32fd,084d33dc-daa7-4544-9155-bfc9e2fc2cd4,650e4b5e-f1a2-4a67-a1ce-067c053d5a63,d47cdd1e-551e-4606-b9ee-f47a17a7f323,f,aa959c9a-bd8d-4461-9740-83a154794d70,REVERSAL|LEDGER|aa959c9a-bd8d-4461-9740-83a154794d70,Reversal of ledger entry aa959c9a-bd8d-4461-9740-83a154794d70,3b703dae-2955-40a1-affa-f94478da505f,2026-07-28 09:35:52.279199
52c5ea0f-ae29-4cb7-b080-f3bb0f7f1d57,598a895e-5a20-48cc-95bd-a52fe5d4bb65,be852701-14d6-4e85-b879-6bd38e4167bf,AGREEMENT,be852701-14d6-4e85-b879-6bd38e4167bf,DEBIT,5000.00,TRY,2026-02,OFF_INVOICE,NKA,b39ade6a-ea33-413f-95a0-281c859f32fd,084d33dc-daa7-4544-9155-bfc9e2fc2cd4,650e4b5e-f1a2-4a67-a1ce-067c053d5a63,d47cdd1e-551e-4606-b9ee-f47a17a7f323,t,,LEDGER|AGREEMENT|be852701-14d6-4e85-b879-6bd38e4167bf|e4570e9d-9374-4387-bf28-a160f82cc128,,3b703dae-2955-40a1-affa-f94478da505f,2026-07-28 09:35:54.104747
4db4e142-7ccc-4669-91f1-d9f5e17cd60c,598a895e-5a20-48cc-95bd-a52fe5d4bb65,be852701-14d6-4e85-b879-6bd38e4167bf,AGREEMENT,be852701-14d6-4e85-b879-6bd38e4167bf,CREDIT,5000.00,TRY,2026-02,OFF_INVOICE,NKA,b39ade6a-ea33-413f-95a0-281c859f32fd,084d33dc-daa7-4544-9155-bfc9e2fc2cd4,650e4b5e-f1a2-4a67-a1ce-067c053d5a63,d47cdd1e-551e-4606-b9ee-f47a17a7f323,f,52c5ea0f-ae29-4cb7-b080-f3bb0f7f1d57,REVERSAL|LEDGER|52c5ea0f-ae29-4cb7-b080-f3bb0f7f1d57,Reversal of ledger entry 52c5ea0f-ae29-4cb7-b080-f3bb0f7f1d57,3b703dae-2955-40a1-affa-f94478da505f,2026-07-28 09:35:54.110973
cd53e459-84fa-4697-8f52-a00194a02aaf,598a895e-5a20-48cc-95bd-a52fe5d4bb65,be852701-14d6-4e85-b879-6bd38e4167bf,AGREEMENT,be852701-14d6-4e85-b879-6bd38e4167bf,DEBIT,5000.00,TRY,2026-02,OFF_INVOICE,NKA,b39ade6a-ea33-413f-95a0-281c859f32fd,084d33dc-daa7-4544-9155-bfc9e2fc2cd4,650e4b5e-f1a2-4a67-a1ce-067c053d5a63,d47cdd1e-551e-4606-b9ee-f47a17a7f323,t,,LEDGER|AGREEMENT|be852701-14d6-4e85-b879-6bd38e4167bf|537a751f-5fdb-4c93-8372-45581ecac7fc,,3b703dae-2955-40a1-affa-f94478da505f,2026-07-28 09:35:54.27053
728ea2ec-5450-4e02-90f7-e63c1d276f3e,598a895e-5a20-48cc-95bd-a52fe5d4bb65,be852701-14d6-4e85-b879-6bd38e4167bf,AGREEMENT,be852701-14d6-4e85-b879-6bd38e4167bf,CREDIT,5000.00,TRY,2026-02,OFF_INVOICE,NKA,b39ade6a-ea33-413f-95a0-281c859f32fd,084d33dc-daa7-4544-9155-bfc9e2fc2cd4,650e4b5e-f1a2-4a67-a1ce-067c053d5a63,d47cdd1e-551e-4606-b9ee-f47a17a7f323,f,cd53e459-84fa-4697-8f52-a00194a02aaf,REVERSAL|LEDGER|cd53e459-84fa-4697-8f52-a00194a02aaf,Reversal of ledger entry cd53e459-84fa-4697-8f52-a00194a02aaf,0e23990b-31a0-4ac2-be89-a46ebc8200d4,2026-07-28 09:35:54.276571
016f14fe-a628-4d6d-b387-f51e817bce3c,598a895e-5a20-48cc-95bd-a52fe5d4bb65,be852701-14d6-4e85-b879-6bd38e4167bf,AGREEMENT,be852701-14d6-4e85-b879-6bd38e4167bf,DEBIT,5000.00,TRY,2026-02,OFF_INVOICE,NKA,b39ade6a-ea33-413f-95a0-281c859f32fd,084d33dc-daa7-4544-9155-bfc9e2fc2cd4,650e4b5e-f1a2-4a67-a1ce-067c053d5a63,d47cdd1e-551e-4606-b9ee-f47a17a7f323,t,,LEDGER|AGREEMENT|be852701-14d6-4e85-b879-6bd38e4167bf|d1b7184b-a5d1-4197-8cd9-11bc4d11b0a7,,3b703dae-2955-40a1-affa-f94478da505f,2026-07-28 09:35:54.326884
5cfd5781-19bc-4337-9521-0e88285c81ac,598a895e-5a20-48cc-95bd-a52fe5d4bb65,be852701-14d6-4e85-b879-6bd38e4167bf,AGREEMENT,be852701-14d6-4e85-b879-6bd38e4167bf,CREDIT,5000.00,TRY,2026-02,OFF_INVOICE,NKA,b39ade6a-ea33-413f-95a0-281c859f32fd,084d33dc-daa7-4544-9155-bfc9e2fc2cd4,650e4b5e-f1a2-4a67-a1ce-067c053d5a63,d47cdd1e-551e-4606-b9ee-f47a17a7f323,f,016f14fe-a628-4d6d-b387-f51e817bce3c,REVERSAL|LEDGER|016f14fe-a628-4d6d-b387-f51e817bce3c,Reversal of ledger entry 016f14fe-a628-4d6d-b387-f51e817bce3c,3b703dae-2955-40a1-affa-f94478da505f,2026-07-28 09:35:54.332646
fa5c13b2-7be0-4259-9aa7-72169c75231d,598a895e-5a20-48cc-95bd-a52fe5d4bb65,be852701-14d6-4e85-b879-6bd38e4167bf,AGREEMENT,be852701-14d6-4e85-b879-6bd38e4167bf,DEBIT,5000.00,TRY,2026-02,OFF_INVOICE,NKA,b39ade6a-ea33-413f-95a0-281c859f32fd,084d33dc-daa7-4544-9155-bfc9e2fc2cd4,650e4b5e-f1a2-4a67-a1ce-067c053d5a63,d47cdd1e-551e-4606-b9ee-f47a17a7f323,t,,LEDGER|AGREEMENT|be852701-14d6-4e85-b879-6bd38e4167bf|4c22c023-8eca-4b8d-a975-c41d4788bad6,,3b703dae-2955-40a1-affa-f94478da505f,2026-07-28 09:35:54.372197
9c34a737-edb2-4173-bc56-3e37626ae844,598a895e-5a20-48cc-95bd-a52fe5d4bb65,be852701-14d6-4e85-b879-6bd38e4167bf,AGREEMENT,be852701-14d6-4e85-b879-6bd38e4167bf,CREDIT,5000.00,TRY,2026-02,OFF_INVOICE,NKA,b39ade6a-ea33-413f-95a0-281c859f32fd,084d33dc-daa7-4544-9155-bfc9e2fc2cd4,650e4b5e-f1a2-4a67-a1ce-067c053d5a63,d47cdd1e-551e-4606-b9ee-f47a17a7f323,f,fa5c13b2-7be0-4259-9aa7-72169c75231d,REVERSAL|LEDGER|fa5c13b2-7be0-4259-9aa7-72169c75231d,Reversal of ledger entry fa5c13b2-7be0-4259-9aa7-72169c75231d,3b703dae-2955-40a1-affa-f94478da505f,2026-07-28 09:35:54.381479
6fa7980b-8d82-4715-85e0-a2766f389c8a,598a895e-5a20-48cc-95bd-a52fe5d4bb65,790d4d08-0f06-4992-adab-2e138003e570,AGREEMENT,790d4d08-0f06-4992-adab-2e138003e570,DEBIT,12000.00,TRY,2026-02,OFF_INVOICE,NKA,b39ade6a-ea33-413f-95a0-281c859f32fd,084d33dc-daa7-4544-9155-bfc9e2fc2cd4,650e4b5e-f1a2-4a67-a1ce-067c053d5a63,d47cdd1e-551e-4606-b9ee-f47a17a7f323,f,,LEDGER|AGREEMENT|790d4d08-0f06-4992-adab-2e138003e570|700ab4e8-f183-489e-bda0-0fb3fae1db32,,3b703dae-2955-40a1-affa-f94478da505f,2026-07-28 09:36:00.390908
b950b9cd-fd5d-42f9-8793-bea0c8953815,598a895e-5a20-48cc-95bd-a52fe5d4bb65,2ea90778-d748-4b3f-88ef-04c4ac0afc47,AGREEMENT,2ea90778-d748-4b3f-88ef-04c4ac0afc47,DEBIT,4000.00,TRY,2026-02,OFF_INVOICE,NKA,b39ade6a-ea33-413f-95a0-281c859f32fd,084d33dc-daa7-4544-9155-bfc9e2fc2cd4,650e4b5e-f1a2-4a67-a1ce-067c053d5a63,d47cdd1e-551e-4606-b9ee-f47a17a7f323,t,,LEDGER|AGREEMENT|2ea90778-d748-4b3f-88ef-04c4ac0afc47|f6f35743-190b-4e3b-bfec-fb8b19c5f6eb,,3b703dae-2955-40a1-affa-f94478da505f,2026-07-28 09:36:01.435866
a744d937-da36-400f-a132-0d3756ae1acf,598a895e-5a20-48cc-95bd-a52fe5d4bb65,2ea90778-d748-4b3f-88ef-04c4ac0afc47,AGREEMENT,2ea90778-d748-4b3f-88ef-04c4ac0afc47,CREDIT,4000.00,TRY,2026-02,OFF_INVOICE,NKA,b39ade6a-ea33-413f-95a0-281c859f32fd,084d33dc-daa7-4544-9155-bfc9e2fc2cd4,650e4b5e-f1a2-4a67-a1ce-067c053d5a63,d47cdd1e-551e-4606-b9ee-f47a17a7f323,f,b950b9cd-fd5d-42f9-8793-bea0c8953815,REVERSAL|LEDGER|b950b9cd-fd5d-42f9-8793-bea0c8953815,Reversal of ledger entry b950b9cd-fd5d-42f9-8793-bea0c8953815,3b703dae-2955-40a1-affa-f94478da505f,2026-07-28 09:36:01.457053
e2a04579-fe59-423f-9402-837643fff0b4,598a895e-5a20-48cc-95bd-a52fe5d4bb65,6d195fd4-3cf4-49e7-9427-a42a940fa9be,AGREEMENT,6d195fd4-3cf4-49e7-9427-a42a940fa9be,DEBIT,5000.00,TRY,2026-02,OFF_INVOICE,NKA,b39ade6a-ea33-413f-95a0-281c859f32fd,084d33dc-daa7-4544-9155-bfc9e2fc2cd4,650e4b5e-f1a2-4a67-a1ce-067c053d5a63,d47cdd1e-551e-4606-b9ee-f47a17a7f323,f,,LEDGER|AGREEMENT|6d195fd4-3cf4-49e7-9427-a42a940fa9be|8c1e3343-2dd5-4f67-ba05-8570202cabe3,,3b703dae-2955-40a1-affa-f94478da505f,2026-07-28 09:38:54.33993
90dc89c6-329f-4f37-9cce-b7b13b545b36,598a895e-5a20-48cc-95bd-a52fe5d4bb65,cefaf57c-7230-42a9-a8b4-22ec3dfb06a9,AGREEMENT,cefaf57c-7230-42a9-a8b4-22ec3dfb06a9,DEBIT,3000.00,TRY,2026-02,OFF_INVOICE,NKA,b39ade6a-ea33-413f-95a0-281c859f32fd,084d33dc-daa7-4544-9155-bfc9e2fc2cd4,650e4b5e-f1a2-4a67-a1ce-067c053d5a63,d47cdd1e-551e-4606-b9ee-f47a17a7f323,t,,LEDGER|AGREEMENT|cefaf57c-7230-42a9-a8b4-22ec3dfb06a9|57b90b42-3021-498d-819e-531e02649f61,,3b703dae-2955-40a1-affa-f94478da505f,2026-07-28 09:38:54.500606
f51231e5-943e-4d66-aaec-f9830d3d92de,598a895e-5a20-48cc-95bd-a52fe5d4bb65,cefaf57c-7230-42a9-a8b4-22ec3dfb06a9,AGREEMENT,cefaf57c-7230-42a9-a8b4-22ec3dfb06a9,CREDIT,3000.00,TRY,2026-02,OFF_INVOICE,NKA,b39ade6a-ea33-413f-95a0-281c859f32fd,084d33dc-daa7-4544-9155-bfc9e2fc2cd4,650e4b5e-f1a2-4a67-a1ce-067c053d5a63,d47cdd1e-551e-4606-b9ee-f47a17a7f323,f,90dc89c6-329f-4f37-9cce-b7b13b545b36,REVERSAL|LEDGER|90dc89c6-329f-4f37-9cce-b7b13b545b36,Reversal of ledger entry 90dc89c6-329f-4f37-9cce-b7b13b545b36,3b703dae-2955-40a1-affa-f94478da505f,2026-07-28 09:38:54.509261
991075a3-c636-42e9-bf2e-40adaf222d0d,598a895e-5a20-48cc-95bd-a52fe5d4bb65,f65ef4c5-6dcb-4275-b43f-fc9f77831c54,AGREEMENT,f65ef4c5-6dcb-4275-b43f-fc9f77831c54,DEBIT,12000.00,TRY,2026-02,OFF_INVOICE,NKA,b39ade6a-ea33-413f-95a0-281c859f32fd,084d33dc-daa7-4544-9155-bfc9e2fc2cd4,650e4b5e-f1a2-4a67-a1ce-067c053d5a63,d47cdd1e-551e-4606-b9ee-f47a17a7f323,f,,LEDGER|AGREEMENT|f65ef4c5-6dcb-4275-b43f-fc9f77831c54|420966ca-a515-47f1-8818-8bb5075c4e53,,3b703dae-2955-40a1-affa-f94478da505f,2026-07-28 09:38:56.240041
223d623b-96f8-462e-8163-3eec18a06848,598a895e-5a20-48cc-95bd-a52fe5d4bb65,161247e7-cd28-40d5-9ba6-5e3f3876010b,AGREEMENT,161247e7-cd28-40d5-9ba6-5e3f3876010b,DEBIT,4000.00,TRY,2026-02,OFF_INVOICE,NKA,b39ade6a-ea33-413f-95a0-281c859f32fd,084d33dc-daa7-4544-9155-bfc9e2fc2cd4,650e4b5e-f1a2-4a67-a1ce-067c053d5a63,d47cdd1e-551e-4606-b9ee-f47a17a7f323,t,,LEDGER|AGREEMENT|161247e7-cd28-40d5-9ba6-5e3f3876010b|acd91dd1-0159-4a16-a4bf-69966148688b,,3b703dae-2955-40a1-affa-f94478da505f,2026-07-28 09:38:56.77626
72bee01a-16eb-4446-8220-c1626c703c0d,598a895e-5a20-48cc-95bd-a52fe5d4bb65,161247e7-cd28-40d5-9ba6-5e3f3876010b,AGREEMENT,161247e7-cd28-40d5-9ba6-5e3f3876010b,CREDIT,4000.00,TRY,2026-02,OFF_INVOICE,NKA,b39ade6a-ea33-413f-95a0-281c859f32fd,084d33dc-daa7-4544-9155-bfc9e2fc2cd4,650e4b5e-f1a2-4a67-a1ce-067c053d5a63,d47cdd1e-551e-4606-b9ee-f47a17a7f323,f,223d623b-96f8-462e-8163-3eec18a06848,REVERSAL|LEDGER|223d623b-96f8-462e-8163-3eec18a06848,Reversal of ledger entry 223d623b-96f8-462e-8163-3eec18a06848,3b703dae-2955-40a1-affa-f94478da505f,2026-07-28 09:38:56.784205
744bdaad-d4f8-4ee5-a584-fab48367ed70,598a895e-5a20-48cc-95bd-a52fe5d4bb65,ca635406-b1ed-44d9-ba8c-09d92f00c423,AGREEMENT,ca635406-b1ed-44d9-ba8c-09d92f00c423,DEBIT,5000.00,TRY,2026-02,OFF_INVOICE,NKA,b39ade6a-ea33-413f-95a0-281c859f32fd,084d33dc-daa7-4544-9155-bfc9e2fc2cd4,650e4b5e-f1a2-4a67-a1ce-067c053d5a63,d47cdd1e-551e-4606-b9ee-f47a17a7f323,t,,LEDGER|AGREEMENT|ca635406-b1ed-44d9-ba8c-09d92f00c423|04f828bc-5b31-4ad0-b1f5-e214b9c4a1d9,,3b703dae-2955-40a1-affa-f94478da505f,2026-07-28 09:38:59.227732
35153d99-65ba-44ce-8796-b42cf828dd5d,598a895e-5a20-48cc-95bd-a52fe5d4bb65,ca635406-b1ed-44d9-ba8c-09d92f00c423,AGREEMENT,ca635406-b1ed-44d9-ba8c-09d92f00c423,CREDIT,5000.00,TRY,2026-02,OFF_INVOICE,NKA,b39ade6a-ea33-413f-95a0-281c859f32fd,084d33dc-daa7-4544-9155-bfc9e2fc2cd4,650e4b5e-f1a2-4a67-a1ce-067c053d5a63,d47cdd1e-551e-4606-b9ee-f47a17a7f323,f,744bdaad-d4f8-4ee5-a584-fab48367ed70,REVERSAL|LEDGER|744bdaad-d4f8-4ee5-a584-fab48367ed70,Reversal of ledger entry 744bdaad-d4f8-4ee5-a584-fab48367ed70,3b703dae-2955-40a1-affa-f94478da505f,2026-07-28 09:38:59.234486
067c5755-9d24-4c05-baf9-9f84ed1fd27c,598a895e-5a20-48cc-95bd-a52fe5d4bb65,ca635406-b1ed-44d9-ba8c-09d92f00c423,AGREEMENT,ca635406-b1ed-44d9-ba8c-09d92f00c423,DEBIT,5000.00,TRY,2026-02,OFF_INVOICE,NKA,b39ade6a-ea33-413f-95a0-281c859f32fd,084d33dc-daa7-4544-9155-bfc9e2fc2cd4,650e4b5e-f1a2-4a67-a1ce-067c053d5a63,d47cdd1e-551e-4606-b9ee-f47a17a7f323,t,,LEDGER|AGREEMENT|ca635406-b1ed-44d9-ba8c-09d92f00c423|f1b6a992-70d8-4921-bdca-a012b14a0476,,3b703dae-2955-40a1-affa-f94478da505f,2026-07-28 09:38:59.390768
6e33463e-1613-4840-918f-990e6611ffb7,598a895e-5a20-48cc-95bd-a52fe5d4bb65,ca635406-b1ed-44d9-ba8c-09d92f00c423,AGREEMENT,ca635406-b1ed-44d9-ba8c-09d92f00c423,CREDIT,5000.00,TRY,2026-02,OFF_INVOICE,NKA,b39ade6a-ea33-413f-95a0-281c859f32fd,084d33dc-daa7-4544-9155-bfc9e2fc2cd4,650e4b5e-f1a2-4a67-a1ce-067c053d5a63,d47cdd1e-551e-4606-b9ee-f47a17a7f323,f,067c5755-9d24-4c05-baf9-9f84ed1fd27c,REVERSAL|LEDGER|067c5755-9d24-4c05-baf9-9f84ed1fd27c,Reversal of ledger entry 067c5755-9d24-4c05-baf9-9f84ed1fd27c,0e23990b-31a0-4ac2-be89-a46ebc8200d4,2026-07-28 09:38:59.396
2c23f175-7605-4523-abe8-c6264e17b5f2,598a895e-5a20-48cc-95bd-a52fe5d4bb65,ca635406-b1ed-44d9-ba8c-09d92f00c423,AGREEMENT,ca635406-b1ed-44d9-ba8c-09d92f00c423,DEBIT,5000.00,TRY,2026-02,OFF_INVOICE,NKA,b39ade6a-ea33-413f-95a0-281c859f32fd,084d33dc-daa7-4544-9155-bfc9e2fc2cd4,650e4b5e-f1a2-4a67-a1ce-067c053d5a63,d47cdd1e-551e-4606-b9ee-f47a17a7f323,t,,LEDGER|AGREEMENT|ca635406-b1ed-44d9-ba8c-09d92f00c423|112f3430-44ec-4608-9f68-ab3961ad0da7,,3b703dae-2955-40a1-affa-f94478da505f,2026-07-28 09:38:59.449999
f479ff74-98fd-4b1b-9884-30b6a3206114,598a895e-5a20-48cc-95bd-a52fe5d4bb65,ca635406-b1ed-44d9-ba8c-09d92f00c423,AGREEMENT,ca635406-b1ed-44d9-ba8c-09d92f00c423,CREDIT,5000.00,TRY,2026-02,OFF_INVOICE,NKA,b39ade6a-ea33-413f-95a0-281c859f32fd,084d33dc-daa7-4544-9155-bfc9e2fc2cd4,650e4b5e-f1a2-4a67-a1ce-067c053d5a63,d47cdd1e-551e-4606-b9ee-f47a17a7f323,f,2c23f175-7605-4523-abe8-c6264e17b5f2,REVERSAL|LEDGER|2c23f175-7605-4523-abe8-c6264e17b5f2,Reversal of ledger entry 2c23f175-7605-4523-abe8-c6264e17b5f2,3b703dae-2955-40a1-affa-f94478da505f,2026-07-28 09:38:59.454972
bbf359dd-bfc3-4657-b524-5a5f3455b13a,598a895e-5a20-48cc-95bd-a52fe5d4bb65,ca635406-b1ed-44d9-ba8c-09d92f00c423,AGREEMENT,ca635406-b1ed-44d9-ba8c-09d92f00c423,DEBIT,5000.00,TRY,2026-02,OFF_INVOICE,NKA,b39ade6a-ea33-413f-95a0-281c859f32fd,084d33dc-daa7-4544-9155-bfc9e2fc2cd4,650e4b5e-f1a2-4a67-a1ce-067c053d5a63,d47cdd1e-551e-4606-b9ee-f47a17a7f323,t,,LEDGER|AGREEMENT|ca635406-b1ed-44d9-ba8c-09d92f00c423|37be0313-105e-4e24-a493-cddbf43fd09b,,3b703dae-2955-40a1-affa-f94478da505f,2026-07-28 09:38:59.492484
29cba20d-58d2-41c0-9e9d-af062d6029ea,598a895e-5a20-48cc-95bd-a52fe5d4bb65,ca635406-b1ed-44d9-ba8c-09d92f00c423,AGREEMENT,ca635406-b1ed-44d9-ba8c-09d92f00c423,CREDIT,5000.00,TRY,2026-02,OFF_INVOICE,NKA,b39ade6a-ea33-413f-95a0-281c859f32fd,084d33dc-daa7-4544-9155-bfc9e2fc2cd4,650e4b5e-f1a2-4a67-a1ce-067c053d5a63,d47cdd1e-551e-4606-b9ee-f47a17a7f323,f,bbf359dd-bfc3-4657-b524-5a5f3455b13a,REVERSAL|LEDGER|bbf359dd-bfc3-4657-b524-5a5f3455b13a,Reversal of ledger entry bbf359dd-bfc3-4657-b524-5a5f3455b13a,3b703dae-2955-40a1-affa-f94478da505f,2026-07-28 09:38:59.500222
de8dc3a1-2d39-4b78-9187-978fe71e4e9a,598a895e-5a20-48cc-95bd-a52fe5d4bb65,ed155980-6ea9-419c-b4f1-3f849b46b7f7,AGREEMENT,ed155980-6ea9-419c-b4f1-3f849b46b7f7,DEBIT,5000.00,TRY,2026-02,OFF_INVOICE,NKA,b39ade6a-ea33-413f-95a0-281c859f32fd,084d33dc-daa7-4544-9155-bfc9e2fc2cd4,650e4b5e-f1a2-4a67-a1ce-067c053d5a63,d47cdd1e-551e-4606-b9ee-f47a17a7f323,f,,LEDGER|AGREEMENT|ed155980-6ea9-419c-b4f1-3f849b46b7f7|2fc4d68f-9969-47db-9866-c5ff337c94d1,,3b703dae-2955-40a1-affa-f94478da505f,2026-07-28 09:42:24.351489
c29d9436-060f-4aea-bd05-015e0329124a,598a895e-5a20-48cc-95bd-a52fe5d4bb65,9abd6a12-db1e-4793-a9f9-ebb9753f2b0d,AGREEMENT,9abd6a12-db1e-4793-a9f9-ebb9753f2b0d,DEBIT,3000.00,TRY,2026-02,OFF_INVOICE,NKA,b39ade6a-ea33-413f-95a0-281c859f32fd,084d33dc-daa7-4544-9155-bfc9e2fc2cd4,650e4b5e-f1a2-4a67-a1ce-067c053d5a63,d47cdd1e-551e-4606-b9ee-f47a17a7f323,t,,LEDGER|AGREEMENT|9abd6a12-db1e-4793-a9f9-ebb9753f2b0d|e518b1a5-2c07-4e72-9d99-65ae7deeaa47,,3b703dae-2955-40a1-affa-f94478da505f,2026-07-28 09:42:24.452982
b301f0ed-3039-40fa-82b0-8151cb21e10c,598a895e-5a20-48cc-95bd-a52fe5d4bb65,9abd6a12-db1e-4793-a9f9-ebb9753f2b0d,AGREEMENT,9abd6a12-db1e-4793-a9f9-ebb9753f2b0d,CREDIT,3000.00,TRY,2026-02,OFF_INVOICE,NKA,b39ade6a-ea33-413f-95a0-281c859f32fd,084d33dc-daa7-4544-9155-bfc9e2fc2cd4,650e4b5e-f1a2-4a67-a1ce-067c053d5a63,d47cdd1e-551e-4606-b9ee-f47a17a7f323,f,c29d9436-060f-4aea-bd05-015e0329124a,REVERSAL|LEDGER|c29d9436-060f-4aea-bd05-015e0329124a,Reversal of ledger entry c29d9436-060f-4aea-bd05-015e0329124a,3b703dae-2955-40a1-affa-f94478da505f,2026-07-28 09:42:24.461611
99d70924-841b-4648-a6cf-6ae2ff68f7de,598a895e-5a20-48cc-95bd-a52fe5d4bb65,b1f1bd61-e68e-4807-9a89-90117ee605e0,AGREEMENT,b1f1bd61-e68e-4807-9a89-90117ee605e0,DEBIT,12000.00,TRY,2026-02,OFF_INVOICE,NKA,b39ade6a-ea33-413f-95a0-281c859f32fd,084d33dc-daa7-4544-9155-bfc9e2fc2cd4,650e4b5e-f1a2-4a67-a1ce-067c053d5a63,d47cdd1e-551e-4606-b9ee-f47a17a7f323,f,,LEDGER|AGREEMENT|b1f1bd61-e68e-4807-9a89-90117ee605e0|c27c07dd-cc73-401a-a5fb-2c37196cffe6,,3b703dae-2955-40a1-affa-f94478da505f,2026-07-28 09:42:27.626817
a2c43155-f302-4f27-8fbe-ea189f86a82d,598a895e-5a20-48cc-95bd-a52fe5d4bb65,0726c9a4-0b7a-4bdc-819f-3a523547bedd,AGREEMENT,0726c9a4-0b7a-4bdc-819f-3a523547bedd,DEBIT,4000.00,TRY,2026-02,OFF_INVOICE,NKA,b39ade6a-ea33-413f-95a0-281c859f32fd,084d33dc-daa7-4544-9155-bfc9e2fc2cd4,650e4b5e-f1a2-4a67-a1ce-067c053d5a63,d47cdd1e-551e-4606-b9ee-f47a17a7f323,t,,LEDGER|AGREEMENT|0726c9a4-0b7a-4bdc-819f-3a523547bedd|f0de7edd-b9de-446b-b3eb-15937785dd50,,3b703dae-2955-40a1-affa-f94478da505f,2026-07-28 09:42:27.97927
499c7bbb-0047-44f4-9c58-ddc32dd01ae8,598a895e-5a20-48cc-95bd-a52fe5d4bb65,0726c9a4-0b7a-4bdc-819f-3a523547bedd,AGREEMENT,0726c9a4-0b7a-4bdc-819f-3a523547bedd,CREDIT,4000.00,TRY,2026-02,OFF_INVOICE,NKA,b39ade6a-ea33-413f-95a0-281c859f32fd,084d33dc-daa7-4544-9155-bfc9e2fc2cd4,650e4b5e-f1a2-4a67-a1ce-067c053d5a63,d47cdd1e-551e-4606-b9ee-f47a17a7f323,f,a2c43155-f302-4f27-8fbe-ea189f86a82d,REVERSAL|LEDGER|a2c43155-f302-4f27-8fbe-ea189f86a82d,Reversal of ledger entry a2c43155-f302-4f27-8fbe-ea189f86a82d,3b703dae-2955-40a1-affa-f94478da505f,2026-07-28 09:42:27.985119
4f096024-a647-439f-be19-c29f0e33b894,598a895e-5a20-48cc-95bd-a52fe5d4bb65,ca635406-b1ed-44d9-ba8c-09d92f00c423,AGREEMENT,ca635406-b1ed-44d9-ba8c-09d92f00c423,DEBIT,5000.00,TRY,2026-02,OFF_INVOICE,NKA,b39ade6a-ea33-413f-95a0-281c859f32fd,084d33dc-daa7-4544-9155-bfc9e2fc2cd4,650e4b5e-f1a2-4a67-a1ce-067c053d5a63,d47cdd1e-551e-4606-b9ee-f47a17a7f323,t,,LEDGER|AGREEMENT|ca635406-b1ed-44d9-ba8c-09d92f00c423|da02b491-43ba-4e53-a830-e90f981f3a29,,3b703dae-2955-40a1-affa-f94478da505f,2026-07-28 09:42:33.095808
ab97c25c-e11a-4c40-b52b-625d9f4c8f3a,598a895e-5a20-48cc-95bd-a52fe5d4bb65,ca635406-b1ed-44d9-ba8c-09d92f00c423,AGREEMENT,ca635406-b1ed-44d9-ba8c-09d92f00c423,CREDIT,5000.00,TRY,2026-02,OFF_INVOICE,NKA,b39ade6a-ea33-413f-95a0-281c859f32fd,084d33dc-daa7-4544-9155-bfc9e2fc2cd4,650e4b5e-f1a2-4a67-a1ce-067c053d5a63,d47cdd1e-551e-4606-b9ee-f47a17a7f323,f,4f096024-a647-439f-be19-c29f0e33b894,REVERSAL|LEDGER|4f096024-a647-439f-be19-c29f0e33b894,Reversal of ledger entry 4f096024-a647-439f-be19-c29f0e33b894,3b703dae-2955-40a1-affa-f94478da505f,2026-07-28 09:42:33.102422
d3027803-f38c-4dbc-a003-2f3159d96a73,598a895e-5a20-48cc-95bd-a52fe5d4bb65,ca635406-b1ed-44d9-ba8c-09d92f00c423,AGREEMENT,ca635406-b1ed-44d9-ba8c-09d92f00c423,DEBIT,5000.00,TRY,2026-02,OFF_INVOICE,NKA,b39ade6a-ea33-413f-95a0-281c859f32fd,084d33dc-daa7-4544-9155-bfc9e2fc2cd4,650e4b5e-f1a2-4a67-a1ce-067c053d5a63,d47cdd1e-551e-4606-b9ee-f47a17a7f323,t,,LEDGER|AGREEMENT|ca635406-b1ed-44d9-ba8c-09d92f00c423|009097cc-f7e6-4e93-a468-707532efc590,,3b703dae-2955-40a1-affa-f94478da505f,2026-07-28 09:42:33.255608
a6989f44-2ee0-45ec-a2a3-8df77a222255,598a895e-5a20-48cc-95bd-a52fe5d4bb65,ca635406-b1ed-44d9-ba8c-09d92f00c423,AGREEMENT,ca635406-b1ed-44d9-ba8c-09d92f00c423,CREDIT,5000.00,TRY,2026-02,OFF_INVOICE,NKA,b39ade6a-ea33-413f-95a0-281c859f32fd,084d33dc-daa7-4544-9155-bfc9e2fc2cd4,650e4b5e-f1a2-4a67-a1ce-067c053d5a63,d47cdd1e-551e-4606-b9ee-f47a17a7f323,f,d3027803-f38c-4dbc-a003-2f3159d96a73,REVERSAL|LEDGER|d3027803-f38c-4dbc-a003-2f3159d96a73,Reversal of ledger entry d3027803-f38c-4dbc-a003-2f3159d96a73,0e23990b-31a0-4ac2-be89-a46ebc8200d4,2026-07-28 09:42:33.260207
7a5699b3-5211-4419-ac44-860664a7d3bf,598a895e-5a20-48cc-95bd-a52fe5d4bb65,ca635406-b1ed-44d9-ba8c-09d92f00c423,AGREEMENT,ca635406-b1ed-44d9-ba8c-09d92f00c423,DEBIT,5000.00,TRY,2026-02,OFF_INVOICE,NKA,b39ade6a-ea33-413f-95a0-281c859f32fd,084d33dc-daa7-4544-9155-bfc9e2fc2cd4,650e4b5e-f1a2-4a67-a1ce-067c053d5a63,d47cdd1e-551e-4606-b9ee-f47a17a7f323,t,,LEDGER|AGREEMENT|ca635406-b1ed-44d9-ba8c-09d92f00c423|23b2cd63-cb12-4f5b-b138-5575d1d72cef,,3b703dae-2955-40a1-affa-f94478da505f,2026-07-28 09:42:33.292603
45acfec2-553b-4bfa-b4b2-4ca45549f87f,598a895e-5a20-48cc-95bd-a52fe5d4bb65,ca635406-b1ed-44d9-ba8c-09d92f00c423,AGREEMENT,ca635406-b1ed-44d9-ba8c-09d92f00c423,CREDIT,5000.00,TRY,2026-02,OFF_INVOICE,NKA,b39ade6a-ea33-413f-95a0-281c859f32fd,084d33dc-daa7-4544-9155-bfc9e2fc2cd4,650e4b5e-f1a2-4a67-a1ce-067c053d5a63,d47cdd1e-551e-4606-b9ee-f47a17a7f323,f,7a5699b3-5211-4419-ac44-860664a7d3bf,REVERSAL|LEDGER|7a5699b3-5211-4419-ac44-860664a7d3bf,Reversal of ledger entry 7a5699b3-5211-4419-ac44-860664a7d3bf,3b703dae-2955-40a1-affa-f94478da505f,2026-07-28 09:42:33.296758
4392330c-0c4b-42dc-974c-f81933da0b65,598a895e-5a20-48cc-95bd-a52fe5d4bb65,ca635406-b1ed-44d9-ba8c-09d92f00c423,AGREEMENT,ca635406-b1ed-44d9-ba8c-09d92f00c423,DEBIT,5000.00,TRY,2026-02,OFF_INVOICE,NKA,b39ade6a-ea33-413f-95a0-281c859f32fd,084d33dc-daa7-4544-9155-bfc9e2fc2cd4,650e4b5e-f1a2-4a67-a1ce-067c053d5a63,d47cdd1e-551e-4606-b9ee-f47a17a7f323,t,,LEDGER|AGREEMENT|ca635406-b1ed-44d9-ba8c-09d92f00c423|b1ee5483-d487-4583-8d63-b1c9ed340b69,,3b703dae-2955-40a1-affa-f94478da505f,2026-07-28 09:42:33.330768
3fe389b3-6038-428f-9a24-a6a86df3d2ab,598a895e-5a20-48cc-95bd-a52fe5d4bb65,ca635406-b1ed-44d9-ba8c-09d92f00c423,AGREEMENT,ca635406-b1ed-44d9-ba8c-09d92f00c423,CREDIT,5000.00,TRY,2026-02,OFF_INVOICE,NKA,b39ade6a-ea33-413f-95a0-281c859f32fd,084d33dc-daa7-4544-9155-bfc9e2fc2cd4,650e4b5e-f1a2-4a67-a1ce-067c053d5a63,d47cdd1e-551e-4606-b9ee-f47a17a7f323,f,4392330c-0c4b-42dc-974c-f81933da0b65,REVERSAL|LEDGER|4392330c-0c4b-42dc-974c-f81933da0b65,Reversal of ledger entry 4392330c-0c4b-42dc-974c-f81933da0b65,3b703dae-2955-40a1-affa-f94478da505f,2026-07-28 09:42:33.338173
db71f84d-2f9c-4a59-ac18-f96a9ab78974,598a895e-5a20-48cc-95bd-a52fe5d4bb65,15b960d2-90ce-43ea-afc2-4de527b7eea4,AGREEMENT,15b960d2-90ce-43ea-afc2-4de527b7eea4,DEBIT,5000.00,TRY,2026-02,OFF_INVOICE,NKA,b39ade6a-ea33-413f-95a0-281c859f32fd,084d33dc-daa7-4544-9155-bfc9e2fc2cd4,650e4b5e-f1a2-4a67-a1ce-067c053d5a63,d47cdd1e-551e-4606-b9ee-f47a17a7f323,f,,LEDGER|AGREEMENT|15b960d2-90ce-43ea-afc2-4de527b7eea4|3db9cb87-87ba-44c2-a0f3-c4136b074186,,3b703dae-2955-40a1-affa-f94478da505f,2026-07-28 09:44:01.07455
1617497d-8faf-4be3-a6d8-a00621743014,598a895e-5a20-48cc-95bd-a52fe5d4bb65,31217771-e8dd-4ecb-86a6-5d3972d6f0eb,AGREEMENT,31217771-e8dd-4ecb-86a6-5d3972d6f0eb,DEBIT,3000.00,TRY,2026-02,OFF_INVOICE,NKA,b39ade6a-ea33-413f-95a0-281c859f32fd,084d33dc-daa7-4544-9155-bfc9e2fc2cd4,650e4b5e-f1a2-4a67-a1ce-067c053d5a63,d47cdd1e-551e-4606-b9ee-f47a17a7f323,t,,LEDGER|AGREEMENT|31217771-e8dd-4ecb-86a6-5d3972d6f0eb|231d7acf-0b0f-4269-9fb9-e5e1f169e73b,,3b703dae-2955-40a1-affa-f94478da505f,2026-07-28 09:44:01.193212
5dc2d721-8c95-4ae5-8073-87fe14d31b7c,598a895e-5a20-48cc-95bd-a52fe5d4bb65,31217771-e8dd-4ecb-86a6-5d3972d6f0eb,AGREEMENT,31217771-e8dd-4ecb-86a6-5d3972d6f0eb,CREDIT,3000.00,TRY,2026-02,OFF_INVOICE,NKA,b39ade6a-ea33-413f-95a0-281c859f32fd,084d33dc-daa7-4544-9155-bfc9e2fc2cd4,650e4b5e-f1a2-4a67-a1ce-067c053d5a63,d47cdd1e-551e-4606-b9ee-f47a17a7f323,f,1617497d-8faf-4be3-a6d8-a00621743014,REVERSAL|LEDGER|1617497d-8faf-4be3-a6d8-a00621743014,Reversal of ledger entry 1617497d-8faf-4be3-a6d8-a00621743014,3b703dae-2955-40a1-affa-f94478da505f,2026-07-28 09:44:01.201535
0a9a30a4-eafd-4ee7-9125-b72aa4055271,598a895e-5a20-48cc-95bd-a52fe5d4bb65,df02fb46-46d0-4c35-854a-8bb8b98e5ba4,AGREEMENT,df02fb46-46d0-4c35-854a-8bb8b98e5ba4,DEBIT,12000.00,TRY,2026-02,OFF_INVOICE,NKA,b39ade6a-ea33-413f-95a0-281c859f32fd,084d33dc-daa7-4544-9155-bfc9e2fc2cd4,650e4b5e-f1a2-4a67-a1ce-067c053d5a63,d47cdd1e-551e-4606-b9ee-f47a17a7f323,f,,LEDGER|AGREEMENT|df02fb46-46d0-4c35-854a-8bb8b98e5ba4|4b7730bc-38b0-4617-b6ea-c9cb422eb9e1,,3b703dae-2955-40a1-affa-f94478da505f,2026-07-28 09:44:03.19709
90a9ef33-5c0d-47c9-9474-ae1ac099be20,598a895e-5a20-48cc-95bd-a52fe5d4bb65,3c46da1e-b7e9-4c82-a19c-fd6f2a078458,AGREEMENT,3c46da1e-b7e9-4c82-a19c-fd6f2a078458,DEBIT,4000.00,TRY,2026-02,OFF_INVOICE,NKA,b39ade6a-ea33-413f-95a0-281c859f32fd,084d33dc-daa7-4544-9155-bfc9e2fc2cd4,650e4b5e-f1a2-4a67-a1ce-067c053d5a63,d47cdd1e-551e-4606-b9ee-f47a17a7f323,t,,LEDGER|AGREEMENT|3c46da1e-b7e9-4c82-a19c-fd6f2a078458|d66fcc35-48d4-43aa-aaa2-a3764146e8c2,,3b703dae-2955-40a1-affa-f94478da505f,2026-07-28 09:44:03.62043
c94b5746-77a8-4c48-a33b-7c929cecbf8c,598a895e-5a20-48cc-95bd-a52fe5d4bb65,3c46da1e-b7e9-4c82-a19c-fd6f2a078458,AGREEMENT,3c46da1e-b7e9-4c82-a19c-fd6f2a078458,CREDIT,4000.00,TRY,2026-02,OFF_INVOICE,NKA,b39ade6a-ea33-413f-95a0-281c859f32fd,084d33dc-daa7-4544-9155-bfc9e2fc2cd4,650e4b5e-f1a2-4a67-a1ce-067c053d5a63,d47cdd1e-551e-4606-b9ee-f47a17a7f323,f,90a9ef33-5c0d-47c9-9474-ae1ac099be20,REVERSAL|LEDGER|90a9ef33-5c0d-47c9-9474-ae1ac099be20,Reversal of ledger entry 90a9ef33-5c0d-47c9-9474-ae1ac099be20,3b703dae-2955-40a1-affa-f94478da505f,2026-07-28 09:44:03.626952
9c488220-544b-45fe-a4d2-a1b76aa90c99,598a895e-5a20-48cc-95bd-a52fe5d4bb65,ca635406-b1ed-44d9-ba8c-09d92f00c423,AGREEMENT,ca635406-b1ed-44d9-ba8c-09d92f00c423,DEBIT,5000.00,TRY,2026-02,OFF_INVOICE,NKA,b39ade6a-ea33-413f-95a0-281c859f32fd,084d33dc-daa7-4544-9155-bfc9e2fc2cd4,650e4b5e-f1a2-4a67-a1ce-067c053d5a63,d47cdd1e-551e-4606-b9ee-f47a17a7f323,t,,LEDGER|AGREEMENT|ca635406-b1ed-44d9-ba8c-09d92f00c423|c69becf5-7715-4922-92ae-ff3de650aa29,,3b703dae-2955-40a1-affa-f94478da505f,2026-07-28 09:44:06.024273
43d81155-a960-47b8-92af-6bb3d7710451,598a895e-5a20-48cc-95bd-a52fe5d4bb65,ca635406-b1ed-44d9-ba8c-09d92f00c423,AGREEMENT,ca635406-b1ed-44d9-ba8c-09d92f00c423,CREDIT,5000.00,TRY,2026-02,OFF_INVOICE,NKA,b39ade6a-ea33-413f-95a0-281c859f32fd,084d33dc-daa7-4544-9155-bfc9e2fc2cd4,650e4b5e-f1a2-4a67-a1ce-067c053d5a63,d47cdd1e-551e-4606-b9ee-f47a17a7f323,f,9c488220-544b-45fe-a4d2-a1b76aa90c99,REVERSAL|LEDGER|9c488220-544b-45fe-a4d2-a1b76aa90c99,Reversal of ledger entry 9c488220-544b-45fe-a4d2-a1b76aa90c99,3b703dae-2955-40a1-affa-f94478da505f,2026-07-28 09:44:06.03028
cc347a8a-67fd-4872-9176-227072257279,598a895e-5a20-48cc-95bd-a52fe5d4bb65,ca635406-b1ed-44d9-ba8c-09d92f00c423,AGREEMENT,ca635406-b1ed-44d9-ba8c-09d92f00c423,DEBIT,5000.00,TRY,2026-02,OFF_INVOICE,NKA,b39ade6a-ea33-413f-95a0-281c859f32fd,084d33dc-daa7-4544-9155-bfc9e2fc2cd4,650e4b5e-f1a2-4a67-a1ce-067c053d5a63,d47cdd1e-551e-4606-b9ee-f47a17a7f323,t,,LEDGER|AGREEMENT|ca635406-b1ed-44d9-ba8c-09d92f00c423|91f47ff1-b4e7-482e-ae73-ac86b7cc164b,,3b703dae-2955-40a1-affa-f94478da505f,2026-07-28 09:44:06.187533
1bbaadae-f53d-4012-b50c-59a5ee8f89e1,598a895e-5a20-48cc-95bd-a52fe5d4bb65,ca635406-b1ed-44d9-ba8c-09d92f00c423,AGREEMENT,ca635406-b1ed-44d9-ba8c-09d92f00c423,CREDIT,5000.00,TRY,2026-02,OFF_INVOICE,NKA,b39ade6a-ea33-413f-95a0-281c859f32fd,084d33dc-daa7-4544-9155-bfc9e2fc2cd4,650e4b5e-f1a2-4a67-a1ce-067c053d5a63,d47cdd1e-551e-4606-b9ee-f47a17a7f323,f,cc347a8a-67fd-4872-9176-227072257279,REVERSAL|LEDGER|cc347a8a-67fd-4872-9176-227072257279,Reversal of ledger entry cc347a8a-67fd-4872-9176-227072257279,0e23990b-31a0-4ac2-be89-a46ebc8200d4,2026-07-28 09:44:06.193526
c4689f3a-73b6-44fe-a60f-b444456eb90c,598a895e-5a20-48cc-95bd-a52fe5d4bb65,ca635406-b1ed-44d9-ba8c-09d92f00c423,AGREEMENT,ca635406-b1ed-44d9-ba8c-09d92f00c423,DEBIT,5000.00,TRY,2026-02,OFF_INVOICE,NKA,b39ade6a-ea33-413f-95a0-281c859f32fd,084d33dc-daa7-4544-9155-bfc9e2fc2cd4,650e4b5e-f1a2-4a67-a1ce-067c053d5a63,d47cdd1e-551e-4606-b9ee-f47a17a7f323,t,,LEDGER|AGREEMENT|ca635406-b1ed-44d9-ba8c-09d92f00c423|b68c1731-c23c-4136-b10c-7b597fc26f88,,3b703dae-2955-40a1-affa-f94478da505f,2026-07-28 09:44:06.232334
baa31a3e-b18a-4f52-a920-c04cf14a493b,598a895e-5a20-48cc-95bd-a52fe5d4bb65,ca635406-b1ed-44d9-ba8c-09d92f00c423,AGREEMENT,ca635406-b1ed-44d9-ba8c-09d92f00c423,CREDIT,5000.00,TRY,2026-02,OFF_INVOICE,NKA,b39ade6a-ea33-413f-95a0-281c859f32fd,084d33dc-daa7-4544-9155-bfc9e2fc2cd4,650e4b5e-f1a2-4a67-a1ce-067c053d5a63,d47cdd1e-551e-4606-b9ee-f47a17a7f323,f,c4689f3a-73b6-44fe-a60f-b444456eb90c,REVERSAL|LEDGER|c4689f3a-73b6-44fe-a60f-b444456eb90c,Reversal of ledger entry c4689f3a-73b6-44fe-a60f-b444456eb90c,3b703dae-2955-40a1-affa-f94478da505f,2026-07-28 09:44:06.23749
b85a6c31-04c0-4181-8ccf-f5de5af45c81,598a895e-5a20-48cc-95bd-a52fe5d4bb65,ca635406-b1ed-44d9-ba8c-09d92f00c423,AGREEMENT,ca635406-b1ed-44d9-ba8c-09d92f00c423,DEBIT,5000.00,TRY,2026-02,OFF_INVOICE,NKA,b39ade6a-ea33-413f-95a0-281c859f32fd,084d33dc-daa7-4544-9155-bfc9e2fc2cd4,650e4b5e-f1a2-4a67-a1ce-067c053d5a63,d47cdd1e-551e-4606-b9ee-f47a17a7f323,t,,LEDGER|AGREEMENT|ca635406-b1ed-44d9-ba8c-09d92f00c423|997e5614-c9b5-471e-9f10-3776f2a5e8c5,,3b703dae-2955-40a1-affa-f94478da505f,2026-07-28 09:44:06.275605
1c14dccc-ba1b-45df-b9e0-dad2f98f62ac,598a895e-5a20-48cc-95bd-a52fe5d4bb65,ca635406-b1ed-44d9-ba8c-09d92f00c423,AGREEMENT,ca635406-b1ed-44d9-ba8c-09d92f00c423,CREDIT,5000.00,TRY,2026-02,OFF_INVOICE,NKA,b39ade6a-ea33-413f-95a0-281c859f32fd,084d33dc-daa7-4544-9155-bfc9e2fc2cd4,650e4b5e-f1a2-4a67-a1ce-067c053d5a63,d47cdd1e-551e-4606-b9ee-f47a17a7f323,f,b85a6c31-04c0-4181-8ccf-f5de5af45c81,REVERSAL|LEDGER|b85a6c31-04c0-4181-8ccf-f5de5af45c81,Reversal of ledger entry b85a6c31-04c0-4181-8ccf-f5de5af45c81,3b703dae-2955-40a1-affa-f94478da505f,2026-07-28 09:44:06.28735
417d263a-0249-4535-a8b6-ca30e543d199,598a895e-5a20-48cc-95bd-a52fe5d4bb65,0c946427-436b-406c-b591-9836446154c5,AGREEMENT,0c946427-436b-406c-b591-9836446154c5,DEBIT,5000.00,TRY,2026-02,OFF_INVOICE,NKA,b39ade6a-ea33-413f-95a0-281c859f32fd,084d33dc-daa7-4544-9155-bfc9e2fc2cd4,650e4b5e-f1a2-4a67-a1ce-067c053d5a63,d47cdd1e-551e-4606-b9ee-f47a17a7f323,f,,LEDGER|AGREEMENT|0c946427-436b-406c-b591-9836446154c5|99e65d03-e85e-4bd4-9ee2-324642ba3d00,,3b703dae-2955-40a1-affa-f94478da505f,2026-07-28 13:43:28.443705
80ed2e2e-519a-413d-9aad-681e22d085c4,598a895e-5a20-48cc-95bd-a52fe5d4bb65,47d8598b-7e3c-432e-a740-749481378e99,AGREEMENT,47d8598b-7e3c-432e-a740-749481378e99,DEBIT,3000.00,TRY,2026-02,OFF_INVOICE,NKA,b39ade6a-ea33-413f-95a0-281c859f32fd,084d33dc-daa7-4544-9155-bfc9e2fc2cd4,650e4b5e-f1a2-4a67-a1ce-067c053d5a63,d47cdd1e-551e-4606-b9ee-f47a17a7f323,t,,LEDGER|AGREEMENT|47d8598b-7e3c-432e-a740-749481378e99|78ddd54c-7c9e-4ff4-a45a-5b6a1f7bcece,,3b703dae-2955-40a1-affa-f94478da505f,2026-07-28 13:43:28.56931
bbbd710b-c3ca-4adb-8ab5-902d9220d0ad,598a895e-5a20-48cc-95bd-a52fe5d4bb65,47d8598b-7e3c-432e-a740-749481378e99,AGREEMENT,47d8598b-7e3c-432e-a740-749481378e99,CREDIT,3000.00,TRY,2026-02,OFF_INVOICE,NKA,b39ade6a-ea33-413f-95a0-281c859f32fd,084d33dc-daa7-4544-9155-bfc9e2fc2cd4,650e4b5e-f1a2-4a67-a1ce-067c053d5a63,d47cdd1e-551e-4606-b9ee-f47a17a7f323,f,80ed2e2e-519a-413d-9aad-681e22d085c4,REVERSAL|LEDGER|80ed2e2e-519a-413d-9aad-681e22d085c4,Reversal of ledger entry 80ed2e2e-519a-413d-9aad-681e22d085c4,3b703dae-2955-40a1-affa-f94478da505f,2026-07-28 13:43:28.577263
ae510ebc-71ff-4f1c-8dbe-df7b0bfc5be7,598a895e-5a20-48cc-95bd-a52fe5d4bb65,17f32e51-5066-4822-8432-3a5133637e69,AGREEMENT,17f32e51-5066-4822-8432-3a5133637e69,DEBIT,12000.00,TRY,2026-02,OFF_INVOICE,NKA,b39ade6a-ea33-413f-95a0-281c859f32fd,084d33dc-daa7-4544-9155-bfc9e2fc2cd4,650e4b5e-f1a2-4a67-a1ce-067c053d5a63,d47cdd1e-551e-4606-b9ee-f47a17a7f323,f,,LEDGER|AGREEMENT|17f32e51-5066-4822-8432-3a5133637e69|a900f130-c605-4e91-8005-cae79aa170e8,,3b703dae-2955-40a1-affa-f94478da505f,2026-07-28 13:43:30.865268
724f945e-3d23-4112-a08a-30e87bb9b6e8,598a895e-5a20-48cc-95bd-a52fe5d4bb65,3761c272-8bed-4d8f-a0f3-65a0096f6b73,AGREEMENT,3761c272-8bed-4d8f-a0f3-65a0096f6b73,DEBIT,4000.00,TRY,2026-02,OFF_INVOICE,NKA,b39ade6a-ea33-413f-95a0-281c859f32fd,084d33dc-daa7-4544-9155-bfc9e2fc2cd4,650e4b5e-f1a2-4a67-a1ce-067c053d5a63,d47cdd1e-551e-4606-b9ee-f47a17a7f323,t,,LEDGER|AGREEMENT|3761c272-8bed-4d8f-a0f3-65a0096f6b73|de793026-1ec0-47b3-9477-fac45a7ab106,,3b703dae-2955-40a1-affa-f94478da505f,2026-07-28 13:43:31.154926
bc0bfcc4-cce8-4d5c-912b-70e2acfc358d,598a895e-5a20-48cc-95bd-a52fe5d4bb65,3761c272-8bed-4d8f-a0f3-65a0096f6b73,AGREEMENT,3761c272-8bed-4d8f-a0f3-65a0096f6b73,CREDIT,4000.00,TRY,2026-02,OFF_INVOICE,NKA,b39ade6a-ea33-413f-95a0-281c859f32fd,084d33dc-daa7-4544-9155-bfc9e2fc2cd4,650e4b5e-f1a2-4a67-a1ce-067c053d5a63,d47cdd1e-551e-4606-b9ee-f47a17a7f323,f,724f945e-3d23-4112-a08a-30e87bb9b6e8,REVERSAL|LEDGER|724f945e-3d23-4112-a08a-30e87bb9b6e8,Reversal of ledger entry 724f945e-3d23-4112-a08a-30e87bb9b6e8,3b703dae-2955-40a1-affa-f94478da505f,2026-07-28 13:43:31.159001
eefa5ceb-8419-4081-9c37-99c71b41652c,598a895e-5a20-48cc-95bd-a52fe5d4bb65,ca635406-b1ed-44d9-ba8c-09d92f00c423,AGREEMENT,ca635406-b1ed-44d9-ba8c-09d92f00c423,DEBIT,5000.00,TRY,2026-02,OFF_INVOICE,NKA,b39ade6a-ea33-413f-95a0-281c859f32fd,084d33dc-daa7-4544-9155-bfc9e2fc2cd4,650e4b5e-f1a2-4a67-a1ce-067c053d5a63,d47cdd1e-551e-4606-b9ee-f47a17a7f323,t,,LEDGER|AGREEMENT|ca635406-b1ed-44d9-ba8c-09d92f00c423|4aea70b1-d052-4293-aa4c-77b052d0d49e,,3b703dae-2955-40a1-affa-f94478da505f,2026-07-28 13:43:33.563637
d3073488-82ff-40c3-8070-e1cb954670c9,598a895e-5a20-48cc-95bd-a52fe5d4bb65,ca635406-b1ed-44d9-ba8c-09d92f00c423,AGREEMENT,ca635406-b1ed-44d9-ba8c-09d92f00c423,CREDIT,5000.00,TRY,2026-02,OFF_INVOICE,NKA,b39ade6a-ea33-413f-95a0-281c859f32fd,084d33dc-daa7-4544-9155-bfc9e2fc2cd4,650e4b5e-f1a2-4a67-a1ce-067c053d5a63,d47cdd1e-551e-4606-b9ee-f47a17a7f323,f,eefa5ceb-8419-4081-9c37-99c71b41652c,REVERSAL|LEDGER|eefa5ceb-8419-4081-9c37-99c71b41652c,Reversal of ledger entry eefa5ceb-8419-4081-9c37-99c71b41652c,3b703dae-2955-40a1-affa-f94478da505f,2026-07-28 13:43:33.569398
f7e12523-e929-42e1-8e5a-6e5b42f0420c,598a895e-5a20-48cc-95bd-a52fe5d4bb65,ca635406-b1ed-44d9-ba8c-09d92f00c423,AGREEMENT,ca635406-b1ed-44d9-ba8c-09d92f00c423,DEBIT,5000.00,TRY,2026-02,OFF_INVOICE,NKA,b39ade6a-ea33-413f-95a0-281c859f32fd,084d33dc-daa7-4544-9155-bfc9e2fc2cd4,650e4b5e-f1a2-4a67-a1ce-067c053d5a63,d47cdd1e-551e-4606-b9ee-f47a17a7f323,t,,LEDGER|AGREEMENT|ca635406-b1ed-44d9-ba8c-09d92f00c423|0c2b7049-72ee-4fe7-bd04-a4f8b3655dbf,,3b703dae-2955-40a1-affa-f94478da505f,2026-07-28 13:43:33.676308
a6c3edb7-4a8c-44d1-8e05-c0192ff6a6e8,598a895e-5a20-48cc-95bd-a52fe5d4bb65,ca635406-b1ed-44d9-ba8c-09d92f00c423,AGREEMENT,ca635406-b1ed-44d9-ba8c-09d92f00c423,CREDIT,5000.00,TRY,2026-02,OFF_INVOICE,NKA,b39ade6a-ea33-413f-95a0-281c859f32fd,084d33dc-daa7-4544-9155-bfc9e2fc2cd4,650e4b5e-f1a2-4a67-a1ce-067c053d5a63,d47cdd1e-551e-4606-b9ee-f47a17a7f323,f,f7e12523-e929-42e1-8e5a-6e5b42f0420c,REVERSAL|LEDGER|f7e12523-e929-42e1-8e5a-6e5b42f0420c,Reversal of ledger entry f7e12523-e929-42e1-8e5a-6e5b42f0420c,0e23990b-31a0-4ac2-be89-a46ebc8200d4,2026-07-28 13:43:33.679195
8c21a510-0a00-4e7a-871f-919d9750521c,598a895e-5a20-48cc-95bd-a52fe5d4bb65,ca635406-b1ed-44d9-ba8c-09d92f00c423,AGREEMENT,ca635406-b1ed-44d9-ba8c-09d92f00c423,DEBIT,5000.00,TRY,2026-02,OFF_INVOICE,NKA,b39ade6a-ea33-413f-95a0-281c859f32fd,084d33dc-daa7-4544-9155-bfc9e2fc2cd4,650e4b5e-f1a2-4a67-a1ce-067c053d5a63,d47cdd1e-551e-4606-b9ee-f47a17a7f323,t,,LEDGER|AGREEMENT|ca635406-b1ed-44d9-ba8c-09d92f00c423|f5414f78-8693-489e-811a-651a0eb5d8fe,,3b703dae-2955-40a1-affa-f94478da505f,2026-07-28 13:43:33.698843
fb5b0bcd-9688-46ab-b1b8-b3d02e7924df,598a895e-5a20-48cc-95bd-a52fe5d4bb65,ca635406-b1ed-44d9-ba8c-09d92f00c423,AGREEMENT,ca635406-b1ed-44d9-ba8c-09d92f00c423,CREDIT,5000.00,TRY,2026-02,OFF_INVOICE,NKA,b39ade6a-ea33-413f-95a0-281c859f32fd,084d33dc-daa7-4544-9155-bfc9e2fc2cd4,650e4b5e-f1a2-4a67-a1ce-067c053d5a63,d47cdd1e-551e-4606-b9ee-f47a17a7f323,f,8c21a510-0a00-4e7a-871f-919d9750521c,REVERSAL|LEDGER|8c21a510-0a00-4e7a-871f-919d9750521c,Reversal of ledger entry 8c21a510-0a00-4e7a-871f-919d9750521c,3b703dae-2955-40a1-affa-f94478da505f,2026-07-28 13:43:33.701658
a5770bc8-c998-4d63-b598-46db75f27912,598a895e-5a20-48cc-95bd-a52fe5d4bb65,ca635406-b1ed-44d9-ba8c-09d92f00c423,AGREEMENT,ca635406-b1ed-44d9-ba8c-09d92f00c423,DEBIT,5000.00,TRY,2026-02,OFF_INVOICE,NKA,b39ade6a-ea33-413f-95a0-281c859f32fd,084d33dc-daa7-4544-9155-bfc9e2fc2cd4,650e4b5e-f1a2-4a67-a1ce-067c053d5a63,d47cdd1e-551e-4606-b9ee-f47a17a7f323,t,,LEDGER|AGREEMENT|ca635406-b1ed-44d9-ba8c-09d92f00c423|48801a4a-5930-4a79-96d1-78f8610303cb,,3b703dae-2955-40a1-affa-f94478da505f,2026-07-28 13:43:33.721762
1224dedc-1f85-4329-8b71-ae20ac0e08f7,598a895e-5a20-48cc-95bd-a52fe5d4bb65,ca635406-b1ed-44d9-ba8c-09d92f00c423,AGREEMENT,ca635406-b1ed-44d9-ba8c-09d92f00c423,CREDIT,5000.00,TRY,2026-02,OFF_INVOICE,NKA,b39ade6a-ea33-413f-95a0-281c859f32fd,084d33dc-daa7-4544-9155-bfc9e2fc2cd4,650e4b5e-f1a2-4a67-a1ce-067c053d5a63,d47cdd1e-551e-4606-b9ee-f47a17a7f323,f,a5770bc8-c998-4d63-b598-46db75f27912,REVERSAL|LEDGER|a5770bc8-c998-4d63-b598-46db75f27912,Reversal of ledger entry a5770bc8-c998-4d63-b598-46db75f27912,3b703dae-2955-40a1-affa-f94478da505f,2026-07-28 13:43:33.726075
69b62a62-5fe7-4e32-aa67-6c4df53d89af,598a895e-5a20-48cc-95bd-a52fe5d4bb65,79b94d04-b7ee-41a5-ac26-ab447257735c,AGREEMENT,79b94d04-b7ee-41a5-ac26-ab447257735c,DEBIT,5000.00,TRY,2026-02,OFF_INVOICE,NKA,b39ade6a-ea33-413f-95a0-281c859f32fd,084d33dc-daa7-4544-9155-bfc9e2fc2cd4,650e4b5e-f1a2-4a67-a1ce-067c053d5a63,d47cdd1e-551e-4606-b9ee-f47a17a7f323,f,,LEDGER|AGREEMENT|79b94d04-b7ee-41a5-ac26-ab447257735c|edd1ac10-4aab-4adb-9ebf-2978cf14bf53,,3b703dae-2955-40a1-affa-f94478da505f,2026-07-28 13:44:47.272412
d9510e06-0ce1-49c7-b63b-85c219a55201,598a895e-5a20-48cc-95bd-a52fe5d4bb65,fa7f729c-0d1e-421e-a4d9-60285f853134,AGREEMENT,fa7f729c-0d1e-421e-a4d9-60285f853134,DEBIT,3000.00,TRY,2026-02,OFF_INVOICE,NKA,b39ade6a-ea33-413f-95a0-281c859f32fd,084d33dc-daa7-4544-9155-bfc9e2fc2cd4,650e4b5e-f1a2-4a67-a1ce-067c053d5a63,d47cdd1e-551e-4606-b9ee-f47a17a7f323,t,,LEDGER|AGREEMENT|fa7f729c-0d1e-421e-a4d9-60285f853134|4c0aab0a-d5e3-4d5f-89d9-61b466b44bfc,,3b703dae-2955-40a1-affa-f94478da505f,2026-07-28 13:44:47.362722
6245cff5-a363-4103-99c8-f7fd0428dafd,598a895e-5a20-48cc-95bd-a52fe5d4bb65,fa7f729c-0d1e-421e-a4d9-60285f853134,AGREEMENT,fa7f729c-0d1e-421e-a4d9-60285f853134,CREDIT,3000.00,TRY,2026-02,OFF_INVOICE,NKA,b39ade6a-ea33-413f-95a0-281c859f32fd,084d33dc-daa7-4544-9155-bfc9e2fc2cd4,650e4b5e-f1a2-4a67-a1ce-067c053d5a63,d47cdd1e-551e-4606-b9ee-f47a17a7f323,f,d9510e06-0ce1-49c7-b63b-85c219a55201,REVERSAL|LEDGER|d9510e06-0ce1-49c7-b63b-85c219a55201,Reversal of ledger entry d9510e06-0ce1-49c7-b63b-85c219a55201,3b703dae-2955-40a1-affa-f94478da505f,2026-07-28 13:44:47.369917
9e86e275-7c03-4ad9-804a-d70a6c231275,598a895e-5a20-48cc-95bd-a52fe5d4bb65,31d7f692-051e-480b-92c3-03ecd82e8ecf,AGREEMENT,31d7f692-051e-480b-92c3-03ecd82e8ecf,DEBIT,12000.00,TRY,2026-02,OFF_INVOICE,NKA,b39ade6a-ea33-413f-95a0-281c859f32fd,084d33dc-daa7-4544-9155-bfc9e2fc2cd4,650e4b5e-f1a2-4a67-a1ce-067c053d5a63,d47cdd1e-551e-4606-b9ee-f47a17a7f323,f,,LEDGER|AGREEMENT|31d7f692-051e-480b-92c3-03ecd82e8ecf|600cc5bf-2afe-4fee-83ea-f69f4ce62794,,3b703dae-2955-40a1-affa-f94478da505f,2026-07-28 13:44:49.662186
29305cfb-29d7-4900-9338-b344cb8ac9f0,598a895e-5a20-48cc-95bd-a52fe5d4bb65,8e3e9385-30f1-40ae-93c2-225dffa0c35c,AGREEMENT,8e3e9385-30f1-40ae-93c2-225dffa0c35c,DEBIT,4000.00,TRY,2026-02,OFF_INVOICE,NKA,b39ade6a-ea33-413f-95a0-281c859f32fd,084d33dc-daa7-4544-9155-bfc9e2fc2cd4,650e4b5e-f1a2-4a67-a1ce-067c053d5a63,d47cdd1e-551e-4606-b9ee-f47a17a7f323,t,,LEDGER|AGREEMENT|8e3e9385-30f1-40ae-93c2-225dffa0c35c|f904f96e-1bd0-4efe-a1bf-d4450ac7568a,,3b703dae-2955-40a1-affa-f94478da505f,2026-07-28 13:44:49.945881
88a859f9-457e-4c41-8b37-ebb20d21b5dd,598a895e-5a20-48cc-95bd-a52fe5d4bb65,8e3e9385-30f1-40ae-93c2-225dffa0c35c,AGREEMENT,8e3e9385-30f1-40ae-93c2-225dffa0c35c,CREDIT,4000.00,TRY,2026-02,OFF_INVOICE,NKA,b39ade6a-ea33-413f-95a0-281c859f32fd,084d33dc-daa7-4544-9155-bfc9e2fc2cd4,650e4b5e-f1a2-4a67-a1ce-067c053d5a63,d47cdd1e-551e-4606-b9ee-f47a17a7f323,f,29305cfb-29d7-4900-9338-b344cb8ac9f0,REVERSAL|LEDGER|29305cfb-29d7-4900-9338-b344cb8ac9f0,Reversal of ledger entry 29305cfb-29d7-4900-9338-b344cb8ac9f0,3b703dae-2955-40a1-affa-f94478da505f,2026-07-28 13:44:49.949964
97a7cc8e-a38b-479f-a5ba-c48558c873c4,598a895e-5a20-48cc-95bd-a52fe5d4bb65,ca635406-b1ed-44d9-ba8c-09d92f00c423,AGREEMENT,ca635406-b1ed-44d9-ba8c-09d92f00c423,DEBIT,5000.00,TRY,2026-02,OFF_INVOICE,NKA,b39ade6a-ea33-413f-95a0-281c859f32fd,084d33dc-daa7-4544-9155-bfc9e2fc2cd4,650e4b5e-f1a2-4a67-a1ce-067c053d5a63,d47cdd1e-551e-4606-b9ee-f47a17a7f323,t,,LEDGER|AGREEMENT|ca635406-b1ed-44d9-ba8c-09d92f00c423|65a005c3-14ba-4039-aa1b-a6e6e0f6d9dd,,3b703dae-2955-40a1-affa-f94478da505f,2026-07-28 13:44:52.444887
4e7f8429-89ef-4bbf-b367-a2d6d07737e2,598a895e-5a20-48cc-95bd-a52fe5d4bb65,ca635406-b1ed-44d9-ba8c-09d92f00c423,AGREEMENT,ca635406-b1ed-44d9-ba8c-09d92f00c423,CREDIT,5000.00,TRY,2026-02,OFF_INVOICE,NKA,b39ade6a-ea33-413f-95a0-281c859f32fd,084d33dc-daa7-4544-9155-bfc9e2fc2cd4,650e4b5e-f1a2-4a67-a1ce-067c053d5a63,d47cdd1e-551e-4606-b9ee-f47a17a7f323,f,97a7cc8e-a38b-479f-a5ba-c48558c873c4,REVERSAL|LEDGER|97a7cc8e-a38b-479f-a5ba-c48558c873c4,Reversal of ledger entry 97a7cc8e-a38b-479f-a5ba-c48558c873c4,3b703dae-2955-40a1-affa-f94478da505f,2026-07-28 13:44:52.448336
4482f9a1-673e-4755-9ed4-0c3c4f217d5d,598a895e-5a20-48cc-95bd-a52fe5d4bb65,ca635406-b1ed-44d9-ba8c-09d92f00c423,AGREEMENT,ca635406-b1ed-44d9-ba8c-09d92f00c423,DEBIT,5000.00,TRY,2026-02,OFF_INVOICE,NKA,b39ade6a-ea33-413f-95a0-281c859f32fd,084d33dc-daa7-4544-9155-bfc9e2fc2cd4,650e4b5e-f1a2-4a67-a1ce-067c053d5a63,d47cdd1e-551e-4606-b9ee-f47a17a7f323,t,,LEDGER|AGREEMENT|ca635406-b1ed-44d9-ba8c-09d92f00c423|82eb5754-96d0-42b2-8905-d5a26233a698,,3b703dae-2955-40a1-affa-f94478da505f,2026-07-28 13:44:52.573107
2c58dc83-4ca7-473e-bf57-629926b58f2b,598a895e-5a20-48cc-95bd-a52fe5d4bb65,ca635406-b1ed-44d9-ba8c-09d92f00c423,AGREEMENT,ca635406-b1ed-44d9-ba8c-09d92f00c423,CREDIT,5000.00,TRY,2026-02,OFF_INVOICE,NKA,b39ade6a-ea33-413f-95a0-281c859f32fd,084d33dc-daa7-4544-9155-bfc9e2fc2cd4,650e4b5e-f1a2-4a67-a1ce-067c053d5a63,d47cdd1e-551e-4606-b9ee-f47a17a7f323,f,4482f9a1-673e-4755-9ed4-0c3c4f217d5d,REVERSAL|LEDGER|4482f9a1-673e-4755-9ed4-0c3c4f217d5d,Reversal of ledger entry 4482f9a1-673e-4755-9ed4-0c3c4f217d5d,0e23990b-31a0-4ac2-be89-a46ebc8200d4,2026-07-28 13:44:52.585886
7c48ef47-b445-4649-9e4b-62b4d816f575,598a895e-5a20-48cc-95bd-a52fe5d4bb65,ca635406-b1ed-44d9-ba8c-09d92f00c423,AGREEMENT,ca635406-b1ed-44d9-ba8c-09d92f00c423,DEBIT,5000.00,TRY,2026-02,OFF_INVOICE,NKA,b39ade6a-ea33-413f-95a0-281c859f32fd,084d33dc-daa7-4544-9155-bfc9e2fc2cd4,650e4b5e-f1a2-4a67-a1ce-067c053d5a63,d47cdd1e-551e-4606-b9ee-f47a17a7f323,t,,LEDGER|AGREEMENT|ca635406-b1ed-44d9-ba8c-09d92f00c423|cb5d509f-a4b7-44f5-8311-8f1ee93e5d5c,,3b703dae-2955-40a1-affa-f94478da505f,2026-07-28 13:44:52.62223
f31ce4c4-db90-4cf1-90e8-9f21ebdf0a3e,598a895e-5a20-48cc-95bd-a52fe5d4bb65,ca635406-b1ed-44d9-ba8c-09d92f00c423,AGREEMENT,ca635406-b1ed-44d9-ba8c-09d92f00c423,CREDIT,5000.00,TRY,2026-02,OFF_INVOICE,NKA,b39ade6a-ea33-413f-95a0-281c859f32fd,084d33dc-daa7-4544-9155-bfc9e2fc2cd4,650e4b5e-f1a2-4a67-a1ce-067c053d5a63,d47cdd1e-551e-4606-b9ee-f47a17a7f323,f,7c48ef47-b445-4649-9e4b-62b4d816f575,REVERSAL|LEDGER|7c48ef47-b445-4649-9e4b-62b4d816f575,Reversal of ledger entry 7c48ef47-b445-4649-9e4b-62b4d816f575,3b703dae-2955-40a1-affa-f94478da505f,2026-07-28 13:44:52.625806
e6f10918-3e90-4528-93e5-f25abcdfb3c6,598a895e-5a20-48cc-95bd-a52fe5d4bb65,ca635406-b1ed-44d9-ba8c-09d92f00c423,AGREEMENT,ca635406-b1ed-44d9-ba8c-09d92f00c423,DEBIT,5000.00,TRY,2026-02,OFF_INVOICE,NKA,b39ade6a-ea33-413f-95a0-281c859f32fd,084d33dc-daa7-4544-9155-bfc9e2fc2cd4,650e4b5e-f1a2-4a67-a1ce-067c053d5a63,d47cdd1e-551e-4606-b9ee-f47a17a7f323,t,,LEDGER|AGREEMENT|ca635406-b1ed-44d9-ba8c-09d92f00c423|5e07bbcb-bbe0-4572-98c4-d938821cfb87,,3b703dae-2955-40a1-affa-f94478da505f,2026-07-28 13:44:52.6513
cf93c3fc-dcd8-4714-a30c-a33d6119c780,598a895e-5a20-48cc-95bd-a52fe5d4bb65,ca635406-b1ed-44d9-ba8c-09d92f00c423,AGREEMENT,ca635406-b1ed-44d9-ba8c-09d92f00c423,CREDIT,5000.00,TRY,2026-02,OFF_INVOICE,NKA,b39ade6a-ea33-413f-95a0-281c859f32fd,084d33dc-daa7-4544-9155-bfc9e2fc2cd4,650e4b5e-f1a2-4a67-a1ce-067c053d5a63,d47cdd1e-551e-4606-b9ee-f47a17a7f323,f,e6f10918-3e90-4528-93e5-f25abcdfb3c6,REVERSAL|LEDGER|e6f10918-3e90-4528-93e5-f25abcdfb3c6,Reversal of ledger entry e6f10918-3e90-4528-93e5-f25abcdfb3c6,3b703dae-2955-40a1-affa-f94478da505f,2026-07-28 13:44:52.656705
984d0efe-b5b8-4c8e-b47f-988b5a9909a0,598a895e-5a20-48cc-95bd-a52fe5d4bb65,c18aac84-4949-4112-a651-b719a3c726da,AGREEMENT,c18aac84-4949-4112-a651-b719a3c726da,DEBIT,5000.00,TRY,2026-02,OFF_INVOICE,NKA,b39ade6a-ea33-413f-95a0-281c859f32fd,084d33dc-daa7-4544-9155-bfc9e2fc2cd4,650e4b5e-f1a2-4a67-a1ce-067c053d5a63,d47cdd1e-551e-4606-b9ee-f47a17a7f323,f,,LEDGER|AGREEMENT|c18aac84-4949-4112-a651-b719a3c726da|f70de207-82bf-4348-ba7b-51fa3a1918de,,3b703dae-2955-40a1-affa-f94478da505f,2026-07-28 13:47:40.178772
399ed856-b15f-47a9-bc10-7d77a5e76705,598a895e-5a20-48cc-95bd-a52fe5d4bb65,1501586f-b323-45a4-982b-d2cde3163000,AGREEMENT,1501586f-b323-45a4-982b-d2cde3163000,DEBIT,3000.00,TRY,2026-02,OFF_INVOICE,NKA,b39ade6a-ea33-413f-95a0-281c859f32fd,084d33dc-daa7-4544-9155-bfc9e2fc2cd4,650e4b5e-f1a2-4a67-a1ce-067c053d5a63,d47cdd1e-551e-4606-b9ee-f47a17a7f323,t,,LEDGER|AGREEMENT|1501586f-b323-45a4-982b-d2cde3163000|fc3ca958-c75d-4e53-a6aa-fe902b10aadd,,3b703dae-2955-40a1-affa-f94478da505f,2026-07-28 13:47:40.258174
42b6b195-3986-44ef-8250-e604998dda51,598a895e-5a20-48cc-95bd-a52fe5d4bb65,1501586f-b323-45a4-982b-d2cde3163000,AGREEMENT,1501586f-b323-45a4-982b-d2cde3163000,CREDIT,3000.00,TRY,2026-02,OFF_INVOICE,NKA,b39ade6a-ea33-413f-95a0-281c859f32fd,084d33dc-daa7-4544-9155-bfc9e2fc2cd4,650e4b5e-f1a2-4a67-a1ce-067c053d5a63,d47cdd1e-551e-4606-b9ee-f47a17a7f323,f,399ed856-b15f-47a9-bc10-7d77a5e76705,REVERSAL|LEDGER|399ed856-b15f-47a9-bc10-7d77a5e76705,Reversal of ledger entry 399ed856-b15f-47a9-bc10-7d77a5e76705,3b703dae-2955-40a1-affa-f94478da505f,2026-07-28 13:47:40.267721
f3ee3884-9fd8-47a7-a8dc-6807548250ca,598a895e-5a20-48cc-95bd-a52fe5d4bb65,a6a0f213-62b5-4686-bd63-27c5c9e4f45b,AGREEMENT,a6a0f213-62b5-4686-bd63-27c5c9e4f45b,DEBIT,12000.00,TRY,2026-02,OFF_INVOICE,NKA,b39ade6a-ea33-413f-95a0-281c859f32fd,084d33dc-daa7-4544-9155-bfc9e2fc2cd4,650e4b5e-f1a2-4a67-a1ce-067c053d5a63,d47cdd1e-551e-4606-b9ee-f47a17a7f323,f,,LEDGER|AGREEMENT|a6a0f213-62b5-4686-bd63-27c5c9e4f45b|e5f02282-ea1c-4095-abd3-985951cf19bd,,3b703dae-2955-40a1-affa-f94478da505f,2026-07-28 13:47:42.28794
77dfa68b-0614-4b52-b313-db898cc35f98,598a895e-5a20-48cc-95bd-a52fe5d4bb65,0a50d55d-080f-4218-9730-ec3bc5c00931,AGREEMENT,0a50d55d-080f-4218-9730-ec3bc5c00931,DEBIT,4000.00,TRY,2026-02,OFF_INVOICE,NKA,b39ade6a-ea33-413f-95a0-281c859f32fd,084d33dc-daa7-4544-9155-bfc9e2fc2cd4,650e4b5e-f1a2-4a67-a1ce-067c053d5a63,d47cdd1e-551e-4606-b9ee-f47a17a7f323,t,,LEDGER|AGREEMENT|0a50d55d-080f-4218-9730-ec3bc5c00931|2bc5ef05-e8b0-4976-b77a-09f72182b7bd,,3b703dae-2955-40a1-affa-f94478da505f,2026-07-28 13:47:42.597264
880f16c5-e4e9-4a6c-9210-6b63e65c3dc8,598a895e-5a20-48cc-95bd-a52fe5d4bb65,0a50d55d-080f-4218-9730-ec3bc5c00931,AGREEMENT,0a50d55d-080f-4218-9730-ec3bc5c00931,CREDIT,4000.00,TRY,2026-02,OFF_INVOICE,NKA,b39ade6a-ea33-413f-95a0-281c859f32fd,084d33dc-daa7-4544-9155-bfc9e2fc2cd4,650e4b5e-f1a2-4a67-a1ce-067c053d5a63,d47cdd1e-551e-4606-b9ee-f47a17a7f323,f,77dfa68b-0614-4b52-b313-db898cc35f98,REVERSAL|LEDGER|77dfa68b-0614-4b52-b313-db898cc35f98,Reversal of ledger entry 77dfa68b-0614-4b52-b313-db898cc35f98,3b703dae-2955-40a1-affa-f94478da505f,2026-07-28 13:47:42.602759
db820070-bdfb-4ebb-ae4c-065a86d92975,598a895e-5a20-48cc-95bd-a52fe5d4bb65,ca635406-b1ed-44d9-ba8c-09d92f00c423,AGREEMENT,ca635406-b1ed-44d9-ba8c-09d92f00c423,DEBIT,5000.00,TRY,2026-02,OFF_INVOICE,NKA,b39ade6a-ea33-413f-95a0-281c859f32fd,084d33dc-daa7-4544-9155-bfc9e2fc2cd4,650e4b5e-f1a2-4a67-a1ce-067c053d5a63,d47cdd1e-551e-4606-b9ee-f47a17a7f323,t,,LEDGER|AGREEMENT|ca635406-b1ed-44d9-ba8c-09d92f00c423|e63abb61-49c9-41ab-93c4-4c520db21b5e,,3b703dae-2955-40a1-affa-f94478da505f,2026-07-28 13:47:43.237032
d2e05894-a031-444e-a972-61fa26578f29,598a895e-5a20-48cc-95bd-a52fe5d4bb65,ca635406-b1ed-44d9-ba8c-09d92f00c423,AGREEMENT,ca635406-b1ed-44d9-ba8c-09d92f00c423,CREDIT,5000.00,TRY,2026-02,OFF_INVOICE,NKA,b39ade6a-ea33-413f-95a0-281c859f32fd,084d33dc-daa7-4544-9155-bfc9e2fc2cd4,650e4b5e-f1a2-4a67-a1ce-067c053d5a63,d47cdd1e-551e-4606-b9ee-f47a17a7f323,f,db820070-bdfb-4ebb-ae4c-065a86d92975,REVERSAL|LEDGER|db820070-bdfb-4ebb-ae4c-065a86d92975,Reversal of ledger entry db820070-bdfb-4ebb-ae4c-065a86d92975,3b703dae-2955-40a1-affa-f94478da505f,2026-07-28 13:47:43.240664
5f98f775-d577-4d0a-9224-bf3ce6c388c0,598a895e-5a20-48cc-95bd-a52fe5d4bb65,ca635406-b1ed-44d9-ba8c-09d92f00c423,AGREEMENT,ca635406-b1ed-44d9-ba8c-09d92f00c423,DEBIT,5000.00,TRY,2026-02,OFF_INVOICE,NKA,b39ade6a-ea33-413f-95a0-281c859f32fd,084d33dc-daa7-4544-9155-bfc9e2fc2cd4,650e4b5e-f1a2-4a67-a1ce-067c053d5a63,d47cdd1e-551e-4606-b9ee-f47a17a7f323,t,,LEDGER|AGREEMENT|ca635406-b1ed-44d9-ba8c-09d92f00c423|084cb751-6463-422c-8306-322c1fe7e8a1,,3b703dae-2955-40a1-affa-f94478da505f,2026-07-28 13:47:43.327689
0c78cb9c-45c3-4002-bf88-90d1c078d036,598a895e-5a20-48cc-95bd-a52fe5d4bb65,ca635406-b1ed-44d9-ba8c-09d92f00c423,AGREEMENT,ca635406-b1ed-44d9-ba8c-09d92f00c423,CREDIT,5000.00,TRY,2026-02,OFF_INVOICE,NKA,b39ade6a-ea33-413f-95a0-281c859f32fd,084d33dc-daa7-4544-9155-bfc9e2fc2cd4,650e4b5e-f1a2-4a67-a1ce-067c053d5a63,d47cdd1e-551e-4606-b9ee-f47a17a7f323,f,5f98f775-d577-4d0a-9224-bf3ce6c388c0,REVERSAL|LEDGER|5f98f775-d577-4d0a-9224-bf3ce6c388c0,Reversal of ledger entry 5f98f775-d577-4d0a-9224-bf3ce6c388c0,0e23990b-31a0-4ac2-be89-a46ebc8200d4,2026-07-28 13:47:43.330384
287e8d49-cf92-4098-8a4b-9857c1882757,598a895e-5a20-48cc-95bd-a52fe5d4bb65,ca635406-b1ed-44d9-ba8c-09d92f00c423,AGREEMENT,ca635406-b1ed-44d9-ba8c-09d92f00c423,DEBIT,5000.00,TRY,2026-02,OFF_INVOICE,NKA,b39ade6a-ea33-413f-95a0-281c859f32fd,084d33dc-daa7-4544-9155-bfc9e2fc2cd4,650e4b5e-f1a2-4a67-a1ce-067c053d5a63,d47cdd1e-551e-4606-b9ee-f47a17a7f323,t,,LEDGER|AGREEMENT|ca635406-b1ed-44d9-ba8c-09d92f00c423|195e7f89-d822-41f1-b0c2-f8fd5127db32,,3b703dae-2955-40a1-affa-f94478da505f,2026-07-28 13:47:43.345861
65698ade-c7ca-4589-9762-137b1445f6ea,598a895e-5a20-48cc-95bd-a52fe5d4bb65,ca635406-b1ed-44d9-ba8c-09d92f00c423,AGREEMENT,ca635406-b1ed-44d9-ba8c-09d92f00c423,CREDIT,5000.00,TRY,2026-02,OFF_INVOICE,NKA,b39ade6a-ea33-413f-95a0-281c859f32fd,084d33dc-daa7-4544-9155-bfc9e2fc2cd4,650e4b5e-f1a2-4a67-a1ce-067c053d5a63,d47cdd1e-551e-4606-b9ee-f47a17a7f323,f,287e8d49-cf92-4098-8a4b-9857c1882757,REVERSAL|LEDGER|287e8d49-cf92-4098-8a4b-9857c1882757,Reversal of ledger entry 287e8d49-cf92-4098-8a4b-9857c1882757,3b703dae-2955-40a1-affa-f94478da505f,2026-07-28 13:47:43.348326
87c1f7ba-4c99-41ca-b52f-4c1b383fc19a,598a895e-5a20-48cc-95bd-a52fe5d4bb65,ca635406-b1ed-44d9-ba8c-09d92f00c423,AGREEMENT,ca635406-b1ed-44d9-ba8c-09d92f00c423,DEBIT,5000.00,TRY,2026-02,OFF_INVOICE,NKA,b39ade6a-ea33-413f-95a0-281c859f32fd,084d33dc-daa7-4544-9155-bfc9e2fc2cd4,650e4b5e-f1a2-4a67-a1ce-067c053d5a63,d47cdd1e-551e-4606-b9ee-f47a17a7f323,t,,LEDGER|AGREEMENT|ca635406-b1ed-44d9-ba8c-09d92f00c423|c898a561-5719-4085-96eb-2bdd754e69b6,,3b703dae-2955-40a1-affa-f94478da505f,2026-07-28 13:47:43.366605
c0f42a65-e199-44ad-960d-45af474dfd01,598a895e-5a20-48cc-95bd-a52fe5d4bb65,ca635406-b1ed-44d9-ba8c-09d92f00c423,AGREEMENT,ca635406-b1ed-44d9-ba8c-09d92f00c423,CREDIT,5000.00,TRY,2026-02,OFF_INVOICE,NKA,b39ade6a-ea33-413f-95a0-281c859f32fd,084d33dc-daa7-4544-9155-bfc9e2fc2cd4,650e4b5e-f1a2-4a67-a1ce-067c053d5a63,d47cdd1e-551e-4606-b9ee-f47a17a7f323,f,87c1f7ba-4c99-41ca-b52f-4c1b383fc19a,REVERSAL|LEDGER|87c1f7ba-4c99-41ca-b52f-4c1b383fc19a,Reversal of ledger entry 87c1f7ba-4c99-41ca-b52f-4c1b383fc19a,3b703dae-2955-40a1-affa-f94478da505f,2026-07-28 13:47:43.370963
8dd8cb83-1f04-48e8-bddc-d0e8b77f65c9,598a895e-5a20-48cc-95bd-a52fe5d4bb65,9170192a-24c8-4ab4-9e84-642a0a19881a,AGREEMENT,9170192a-24c8-4ab4-9e84-642a0a19881a,DEBIT,5000.00,TRY,2026-02,OFF_INVOICE,NKA,b39ade6a-ea33-413f-95a0-281c859f32fd,084d33dc-daa7-4544-9155-bfc9e2fc2cd4,650e4b5e-f1a2-4a67-a1ce-067c053d5a63,d47cdd1e-551e-4606-b9ee-f47a17a7f323,f,,LEDGER|AGREEMENT|9170192a-24c8-4ab4-9e84-642a0a19881a|ba3fc8f9-d63a-4863-9774-da9e242fab2d,,3b703dae-2955-40a1-affa-f94478da505f,2026-07-28 13:49:21.417854
aaac68cf-23ed-4f62-92e5-df477bb36530,598a895e-5a20-48cc-95bd-a52fe5d4bb65,7a043d76-2da7-47e3-b137-760dcaa6f64e,AGREEMENT,7a043d76-2da7-47e3-b137-760dcaa6f64e,DEBIT,3000.00,TRY,2026-02,OFF_INVOICE,NKA,b39ade6a-ea33-413f-95a0-281c859f32fd,084d33dc-daa7-4544-9155-bfc9e2fc2cd4,650e4b5e-f1a2-4a67-a1ce-067c053d5a63,d47cdd1e-551e-4606-b9ee-f47a17a7f323,t,,LEDGER|AGREEMENT|7a043d76-2da7-47e3-b137-760dcaa6f64e|71d49aea-8519-474f-8b24-98c316e18a17,,3b703dae-2955-40a1-affa-f94478da505f,2026-07-28 13:49:21.488835
e63c4f58-664c-4455-8dd1-04a5d3498803,598a895e-5a20-48cc-95bd-a52fe5d4bb65,7a043d76-2da7-47e3-b137-760dcaa6f64e,AGREEMENT,7a043d76-2da7-47e3-b137-760dcaa6f64e,CREDIT,3000.00,TRY,2026-02,OFF_INVOICE,NKA,b39ade6a-ea33-413f-95a0-281c859f32fd,084d33dc-daa7-4544-9155-bfc9e2fc2cd4,650e4b5e-f1a2-4a67-a1ce-067c053d5a63,d47cdd1e-551e-4606-b9ee-f47a17a7f323,f,aaac68cf-23ed-4f62-92e5-df477bb36530,REVERSAL|LEDGER|aaac68cf-23ed-4f62-92e5-df477bb36530,Reversal of ledger entry aaac68cf-23ed-4f62-92e5-df477bb36530,3b703dae-2955-40a1-affa-f94478da505f,2026-07-28 13:49:21.494064
d6cefbb4-11dc-48e4-ad4c-9db1d9cd81a6,598a895e-5a20-48cc-95bd-a52fe5d4bb65,24846a9f-77ff-4d4b-a330-ff6c075c24e2,AGREEMENT,24846a9f-77ff-4d4b-a330-ff6c075c24e2,DEBIT,12000.00,TRY,2026-02,OFF_INVOICE,NKA,b39ade6a-ea33-413f-95a0-281c859f32fd,084d33dc-daa7-4544-9155-bfc9e2fc2cd4,650e4b5e-f1a2-4a67-a1ce-067c053d5a63,d47cdd1e-551e-4606-b9ee-f47a17a7f323,f,,LEDGER|AGREEMENT|24846a9f-77ff-4d4b-a330-ff6c075c24e2|9ec97ca8-655c-4052-b944-106f129ea24d,,3b703dae-2955-40a1-affa-f94478da505f,2026-07-28 13:49:23.032677
c14cb653-c218-44cc-9f2c-538e911e4e5b,598a895e-5a20-48cc-95bd-a52fe5d4bb65,bbf54494-abd5-4279-9a04-26fcaa56d42d,AGREEMENT,bbf54494-abd5-4279-9a04-26fcaa56d42d,DEBIT,4000.00,TRY,2026-02,OFF_INVOICE,NKA,b39ade6a-ea33-413f-95a0-281c859f32fd,084d33dc-daa7-4544-9155-bfc9e2fc2cd4,650e4b5e-f1a2-4a67-a1ce-067c053d5a63,d47cdd1e-551e-4606-b9ee-f47a17a7f323,t,,LEDGER|AGREEMENT|bbf54494-abd5-4279-9a04-26fcaa56d42d|b3907a19-9b1d-43db-a67b-a5ce5537726c,,3b703dae-2955-40a1-affa-f94478da505f,2026-07-28 13:49:23.500056
530cfedd-6227-48b4-9fc3-a264e58243aa,598a895e-5a20-48cc-95bd-a52fe5d4bb65,bbf54494-abd5-4279-9a04-26fcaa56d42d,AGREEMENT,bbf54494-abd5-4279-9a04-26fcaa56d42d,CREDIT,4000.00,TRY,2026-02,OFF_INVOICE,NKA,b39ade6a-ea33-413f-95a0-281c859f32fd,084d33dc-daa7-4544-9155-bfc9e2fc2cd4,650e4b5e-f1a2-4a67-a1ce-067c053d5a63,d47cdd1e-551e-4606-b9ee-f47a17a7f323,f,c14cb653-c218-44cc-9f2c-538e911e4e5b,REVERSAL|LEDGER|c14cb653-c218-44cc-9f2c-538e911e4e5b,Reversal of ledger entry c14cb653-c218-44cc-9f2c-538e911e4e5b,3b703dae-2955-40a1-affa-f94478da505f,2026-07-28 13:49:23.503754
a99fabb8-1907-4d49-8491-fa6fb5d38013,598a895e-5a20-48cc-95bd-a52fe5d4bb65,ca635406-b1ed-44d9-ba8c-09d92f00c423,AGREEMENT,ca635406-b1ed-44d9-ba8c-09d92f00c423,DEBIT,5000.00,TRY,2026-02,OFF_INVOICE,NKA,b39ade6a-ea33-413f-95a0-281c859f32fd,084d33dc-daa7-4544-9155-bfc9e2fc2cd4,650e4b5e-f1a2-4a67-a1ce-067c053d5a63,d47cdd1e-551e-4606-b9ee-f47a17a7f323,t,,LEDGER|AGREEMENT|ca635406-b1ed-44d9-ba8c-09d92f00c423|cbce3d75-1cd2-49ab-b500-9e4af06aea5f,,3b703dae-2955-40a1-affa-f94478da505f,2026-07-28 13:49:28.776697
d57a7ebc-70ff-4d09-be61-fb439fbe0c04,598a895e-5a20-48cc-95bd-a52fe5d4bb65,ca635406-b1ed-44d9-ba8c-09d92f00c423,AGREEMENT,ca635406-b1ed-44d9-ba8c-09d92f00c423,CREDIT,5000.00,TRY,2026-02,OFF_INVOICE,NKA,b39ade6a-ea33-413f-95a0-281c859f32fd,084d33dc-daa7-4544-9155-bfc9e2fc2cd4,650e4b5e-f1a2-4a67-a1ce-067c053d5a63,d47cdd1e-551e-4606-b9ee-f47a17a7f323,f,a99fabb8-1907-4d49-8491-fa6fb5d38013,REVERSAL|LEDGER|a99fabb8-1907-4d49-8491-fa6fb5d38013,Reversal of ledger entry a99fabb8-1907-4d49-8491-fa6fb5d38013,3b703dae-2955-40a1-affa-f94478da505f,2026-07-28 13:49:28.78272
3a4d49cb-6b99-4bc1-aac8-e30973cecebe,598a895e-5a20-48cc-95bd-a52fe5d4bb65,ca635406-b1ed-44d9-ba8c-09d92f00c423,AGREEMENT,ca635406-b1ed-44d9-ba8c-09d92f00c423,DEBIT,5000.00,TRY,2026-02,OFF_INVOICE,NKA,b39ade6a-ea33-413f-95a0-281c859f32fd,084d33dc-daa7-4544-9155-bfc9e2fc2cd4,650e4b5e-f1a2-4a67-a1ce-067c053d5a63,d47cdd1e-551e-4606-b9ee-f47a17a7f323,t,,LEDGER|AGREEMENT|ca635406-b1ed-44d9-ba8c-09d92f00c423|b6f8e57d-41b3-49b5-af79-0d1e6daf4fc2,,3b703dae-2955-40a1-affa-f94478da505f,2026-07-28 13:49:28.880007
bbe07403-c6d9-49a7-8c77-7dd16890b7c6,598a895e-5a20-48cc-95bd-a52fe5d4bb65,ca635406-b1ed-44d9-ba8c-09d92f00c423,AGREEMENT,ca635406-b1ed-44d9-ba8c-09d92f00c423,CREDIT,5000.00,TRY,2026-02,OFF_INVOICE,NKA,b39ade6a-ea33-413f-95a0-281c859f32fd,084d33dc-daa7-4544-9155-bfc9e2fc2cd4,650e4b5e-f1a2-4a67-a1ce-067c053d5a63,d47cdd1e-551e-4606-b9ee-f47a17a7f323,f,3a4d49cb-6b99-4bc1-aac8-e30973cecebe,REVERSAL|LEDGER|3a4d49cb-6b99-4bc1-aac8-e30973cecebe,Reversal of ledger entry 3a4d49cb-6b99-4bc1-aac8-e30973cecebe,0e23990b-31a0-4ac2-be89-a46ebc8200d4,2026-07-28 13:49:28.884173
20d5bd56-527e-4612-907e-dc3f7581e0ac,598a895e-5a20-48cc-95bd-a52fe5d4bb65,ca635406-b1ed-44d9-ba8c-09d92f00c423,AGREEMENT,ca635406-b1ed-44d9-ba8c-09d92f00c423,DEBIT,5000.00,TRY,2026-02,OFF_INVOICE,NKA,b39ade6a-ea33-413f-95a0-281c859f32fd,084d33dc-daa7-4544-9155-bfc9e2fc2cd4,650e4b5e-f1a2-4a67-a1ce-067c053d5a63,d47cdd1e-551e-4606-b9ee-f47a17a7f323,t,,LEDGER|AGREEMENT|ca635406-b1ed-44d9-ba8c-09d92f00c423|c82aac84-65c4-4b6e-8d4a-d590a15fcfe2,,3b703dae-2955-40a1-affa-f94478da505f,2026-07-28 13:49:28.905406
9ee0a5ec-5aaf-42a3-97aa-9a4a47d8c0d7,598a895e-5a20-48cc-95bd-a52fe5d4bb65,ca635406-b1ed-44d9-ba8c-09d92f00c423,AGREEMENT,ca635406-b1ed-44d9-ba8c-09d92f00c423,CREDIT,5000.00,TRY,2026-02,OFF_INVOICE,NKA,b39ade6a-ea33-413f-95a0-281c859f32fd,084d33dc-daa7-4544-9155-bfc9e2fc2cd4,650e4b5e-f1a2-4a67-a1ce-067c053d5a63,d47cdd1e-551e-4606-b9ee-f47a17a7f323,f,20d5bd56-527e-4612-907e-dc3f7581e0ac,REVERSAL|LEDGER|20d5bd56-527e-4612-907e-dc3f7581e0ac,Reversal of ledger entry 20d5bd56-527e-4612-907e-dc3f7581e0ac,3b703dae-2955-40a1-affa-f94478da505f,2026-07-28 13:49:28.908194
f8a9ef98-846d-42c1-bc6a-8573106ef59a,598a895e-5a20-48cc-95bd-a52fe5d4bb65,ca635406-b1ed-44d9-ba8c-09d92f00c423,AGREEMENT,ca635406-b1ed-44d9-ba8c-09d92f00c423,DEBIT,5000.00,TRY,2026-02,OFF_INVOICE,NKA,b39ade6a-ea33-413f-95a0-281c859f32fd,084d33dc-daa7-4544-9155-bfc9e2fc2cd4,650e4b5e-f1a2-4a67-a1ce-067c053d5a63,d47cdd1e-551e-4606-b9ee-f47a17a7f323,t,,LEDGER|AGREEMENT|ca635406-b1ed-44d9-ba8c-09d92f00c423|ddddfb9f-3a83-4571-b60f-1d4967bc0124,,3b703dae-2955-40a1-affa-f94478da505f,2026-07-28 13:49:28.932081
22df6f71-2991-4548-893e-bfd586a0f31f,598a895e-5a20-48cc-95bd-a52fe5d4bb65,ca635406-b1ed-44d9-ba8c-09d92f00c423,AGREEMENT,ca635406-b1ed-44d9-ba8c-09d92f00c423,CREDIT,5000.00,TRY,2026-02,OFF_INVOICE,NKA,b39ade6a-ea33-413f-95a0-281c859f32fd,084d33dc-daa7-4544-9155-bfc9e2fc2cd4,650e4b5e-f1a2-4a67-a1ce-067c053d5a63,d47cdd1e-551e-4606-b9ee-f47a17a7f323,f,f8a9ef98-846d-42c1-bc6a-8573106ef59a,REVERSAL|LEDGER|f8a9ef98-846d-42c1-bc6a-8573106ef59a,Reversal of ledger entry f8a9ef98-846d-42c1-bc6a-8573106ef59a,3b703dae-2955-40a1-affa-f94478da505f,2026-07-28 13:49:28.937688
498bf700-fc53-4cc4-a7b0-34c2feb83f6a,598a895e-5a20-48cc-95bd-a52fe5d4bb65,3af4786d-f68c-4294-891e-028d80f4ae93,AGREEMENT,3af4786d-f68c-4294-891e-028d80f4ae93,DEBIT,5000.00,TRY,2026-02,OFF_INVOICE,NKA,b39ade6a-ea33-413f-95a0-281c859f32fd,084d33dc-daa7-4544-9155-bfc9e2fc2cd4,650e4b5e-f1a2-4a67-a1ce-067c053d5a63,d47cdd1e-551e-4606-b9ee-f47a17a7f323,f,,LEDGER|AGREEMENT|3af4786d-f68c-4294-891e-028d80f4ae93|7b880c5a-bf22-43e9-9a70-5c541d280789,,3b703dae-2955-40a1-affa-f94478da505f,2026-07-28 14:04:50.953386
cbbc2084-3fb7-4a76-a2d3-9f320b4e73b4,598a895e-5a20-48cc-95bd-a52fe5d4bb65,0e8ba76a-ecb3-4c4b-a4e1-ebef17866180,AGREEMENT,0e8ba76a-ecb3-4c4b-a4e1-ebef17866180,DEBIT,3000.00,TRY,2026-02,OFF_INVOICE,NKA,b39ade6a-ea33-413f-95a0-281c859f32fd,084d33dc-daa7-4544-9155-bfc9e2fc2cd4,650e4b5e-f1a2-4a67-a1ce-067c053d5a63,d47cdd1e-551e-4606-b9ee-f47a17a7f323,t,,LEDGER|AGREEMENT|0e8ba76a-ecb3-4c4b-a4e1-ebef17866180|95f18a1c-72d2-4005-8985-501401ecd13a,,3b703dae-2955-40a1-affa-f94478da505f,2026-07-28 14:04:51.087448
74df8546-0e25-4ba4-bd55-4fdc0ad4cc08,598a895e-5a20-48cc-95bd-a52fe5d4bb65,0e8ba76a-ecb3-4c4b-a4e1-ebef17866180,AGREEMENT,0e8ba76a-ecb3-4c4b-a4e1-ebef17866180,CREDIT,3000.00,TRY,2026-02,OFF_INVOICE,NKA,b39ade6a-ea33-413f-95a0-281c859f32fd,084d33dc-daa7-4544-9155-bfc9e2fc2cd4,650e4b5e-f1a2-4a67-a1ce-067c053d5a63,d47cdd1e-551e-4606-b9ee-f47a17a7f323,f,cbbc2084-3fb7-4a76-a2d3-9f320b4e73b4,REVERSAL|LEDGER|cbbc2084-3fb7-4a76-a2d3-9f320b4e73b4,Reversal of ledger entry cbbc2084-3fb7-4a76-a2d3-9f320b4e73b4,3b703dae-2955-40a1-affa-f94478da505f,2026-07-28 14:04:51.095802
c54e55f2-dd55-4a9e-925b-dc53b479bc6e,598a895e-5a20-48cc-95bd-a52fe5d4bb65,8760028c-a2c9-42f8-b392-5b57fd1de0ec,AGREEMENT,8760028c-a2c9-42f8-b392-5b57fd1de0ec,DEBIT,12000.00,TRY,2026-02,OFF_INVOICE,NKA,b39ade6a-ea33-413f-95a0-281c859f32fd,084d33dc-daa7-4544-9155-bfc9e2fc2cd4,650e4b5e-f1a2-4a67-a1ce-067c053d5a63,d47cdd1e-551e-4606-b9ee-f47a17a7f323,f,,LEDGER|AGREEMENT|8760028c-a2c9-42f8-b392-5b57fd1de0ec|5acdf989-6e93-49b3-91ac-5c14fc17f125,,3b703dae-2955-40a1-affa-f94478da505f,2026-07-28 14:04:52.466385
12fb00e3-2ca3-47de-95a9-e238d6683c06,598a895e-5a20-48cc-95bd-a52fe5d4bb65,04aa9206-7832-4683-b457-1f62649e32f3,AGREEMENT,04aa9206-7832-4683-b457-1f62649e32f3,DEBIT,4000.00,TRY,2026-02,OFF_INVOICE,NKA,b39ade6a-ea33-413f-95a0-281c859f32fd,084d33dc-daa7-4544-9155-bfc9e2fc2cd4,650e4b5e-f1a2-4a67-a1ce-067c053d5a63,d47cdd1e-551e-4606-b9ee-f47a17a7f323,t,,LEDGER|AGREEMENT|04aa9206-7832-4683-b457-1f62649e32f3|de2c8969-c1b0-4057-8aee-92aa5c200526,,3b703dae-2955-40a1-affa-f94478da505f,2026-07-28 14:04:52.730216
7bde5c91-fd2b-4d79-bdd2-741b9c8f681f,598a895e-5a20-48cc-95bd-a52fe5d4bb65,04aa9206-7832-4683-b457-1f62649e32f3,AGREEMENT,04aa9206-7832-4683-b457-1f62649e32f3,CREDIT,4000.00,TRY,2026-02,OFF_INVOICE,NKA,b39ade6a-ea33-413f-95a0-281c859f32fd,084d33dc-daa7-4544-9155-bfc9e2fc2cd4,650e4b5e-f1a2-4a67-a1ce-067c053d5a63,d47cdd1e-551e-4606-b9ee-f47a17a7f323,f,12fb00e3-2ca3-47de-95a9-e238d6683c06,REVERSAL|LEDGER|12fb00e3-2ca3-47de-95a9-e238d6683c06,Reversal of ledger entry 12fb00e3-2ca3-47de-95a9-e238d6683c06,3b703dae-2955-40a1-affa-f94478da505f,2026-07-28 14:04:52.735572
69610095-4197-4dbd-8002-2de11a9062ae,598a895e-5a20-48cc-95bd-a52fe5d4bb65,ca635406-b1ed-44d9-ba8c-09d92f00c423,AGREEMENT,ca635406-b1ed-44d9-ba8c-09d92f00c423,DEBIT,5000.00,TRY,2026-02,OFF_INVOICE,NKA,b39ade6a-ea33-413f-95a0-281c859f32fd,084d33dc-daa7-4544-9155-bfc9e2fc2cd4,650e4b5e-f1a2-4a67-a1ce-067c053d5a63,d47cdd1e-551e-4606-b9ee-f47a17a7f323,t,,LEDGER|AGREEMENT|ca635406-b1ed-44d9-ba8c-09d92f00c423|f68cc0e0-6324-4566-ba6c-1376aa599842,,3b703dae-2955-40a1-affa-f94478da505f,2026-07-28 14:04:54.067058
dac11120-30d6-43ee-9105-f54eded1a79c,598a895e-5a20-48cc-95bd-a52fe5d4bb65,ca635406-b1ed-44d9-ba8c-09d92f00c423,AGREEMENT,ca635406-b1ed-44d9-ba8c-09d92f00c423,CREDIT,5000.00,TRY,2026-02,OFF_INVOICE,NKA,b39ade6a-ea33-413f-95a0-281c859f32fd,084d33dc-daa7-4544-9155-bfc9e2fc2cd4,650e4b5e-f1a2-4a67-a1ce-067c053d5a63,d47cdd1e-551e-4606-b9ee-f47a17a7f323,f,69610095-4197-4dbd-8002-2de11a9062ae,REVERSAL|LEDGER|69610095-4197-4dbd-8002-2de11a9062ae,Reversal of ledger entry 69610095-4197-4dbd-8002-2de11a9062ae,3b703dae-2955-40a1-affa-f94478da505f,2026-07-28 14:04:54.071868
2ff1a2e3-b8ca-4a3e-be5d-82872c84d2e3,598a895e-5a20-48cc-95bd-a52fe5d4bb65,ca635406-b1ed-44d9-ba8c-09d92f00c423,AGREEMENT,ca635406-b1ed-44d9-ba8c-09d92f00c423,DEBIT,5000.00,TRY,2026-02,OFF_INVOICE,NKA,b39ade6a-ea33-413f-95a0-281c859f32fd,084d33dc-daa7-4544-9155-bfc9e2fc2cd4,650e4b5e-f1a2-4a67-a1ce-067c053d5a63,d47cdd1e-551e-4606-b9ee-f47a17a7f323,t,,LEDGER|AGREEMENT|ca635406-b1ed-44d9-ba8c-09d92f00c423|125504b2-038d-4994-a190-ee62cbdeac76,,3b703dae-2955-40a1-affa-f94478da505f,2026-07-28 14:04:54.188618
c1f23130-e217-47d2-846a-fffb27970ff9,598a895e-5a20-48cc-95bd-a52fe5d4bb65,ca635406-b1ed-44d9-ba8c-09d92f00c423,AGREEMENT,ca635406-b1ed-44d9-ba8c-09d92f00c423,CREDIT,5000.00,TRY,2026-02,OFF_INVOICE,NKA,b39ade6a-ea33-413f-95a0-281c859f32fd,084d33dc-daa7-4544-9155-bfc9e2fc2cd4,650e4b5e-f1a2-4a67-a1ce-067c053d5a63,d47cdd1e-551e-4606-b9ee-f47a17a7f323,f,2ff1a2e3-b8ca-4a3e-be5d-82872c84d2e3,REVERSAL|LEDGER|2ff1a2e3-b8ca-4a3e-be5d-82872c84d2e3,Reversal of ledger entry 2ff1a2e3-b8ca-4a3e-be5d-82872c84d2e3,0e23990b-31a0-4ac2-be89-a46ebc8200d4,2026-07-28 14:04:54.198198
b662ed9d-f6a3-47d9-af10-3a1936ccf0d2,598a895e-5a20-48cc-95bd-a52fe5d4bb65,ca635406-b1ed-44d9-ba8c-09d92f00c423,AGREEMENT,ca635406-b1ed-44d9-ba8c-09d92f00c423,DEBIT,5000.00,TRY,2026-02,OFF_INVOICE,NKA,b39ade6a-ea33-413f-95a0-281c859f32fd,084d33dc-daa7-4544-9155-bfc9e2fc2cd4,650e4b5e-f1a2-4a67-a1ce-067c053d5a63,d47cdd1e-551e-4606-b9ee-f47a17a7f323,t,,LEDGER|AGREEMENT|ca635406-b1ed-44d9-ba8c-09d92f00c423|390e7c34-5c3a-4ecc-b26f-7ed7e637a6a6,,3b703dae-2955-40a1-affa-f94478da505f,2026-07-28 14:04:54.224241
aad07392-0285-489c-9670-a2903f056aea,598a895e-5a20-48cc-95bd-a52fe5d4bb65,ca635406-b1ed-44d9-ba8c-09d92f00c423,AGREEMENT,ca635406-b1ed-44d9-ba8c-09d92f00c423,CREDIT,5000.00,TRY,2026-02,OFF_INVOICE,NKA,b39ade6a-ea33-413f-95a0-281c859f32fd,084d33dc-daa7-4544-9155-bfc9e2fc2cd4,650e4b5e-f1a2-4a67-a1ce-067c053d5a63,d47cdd1e-551e-4606-b9ee-f47a17a7f323,f,b662ed9d-f6a3-47d9-af10-3a1936ccf0d2,REVERSAL|LEDGER|b662ed9d-f6a3-47d9-af10-3a1936ccf0d2,Reversal of ledger entry b662ed9d-f6a3-47d9-af10-3a1936ccf0d2,3b703dae-2955-40a1-affa-f94478da505f,2026-07-28 14:04:54.227937
e8dc2a3a-4052-4c1c-b5a7-c9f9ef403e73,598a895e-5a20-48cc-95bd-a52fe5d4bb65,ca635406-b1ed-44d9-ba8c-09d92f00c423,AGREEMENT,ca635406-b1ed-44d9-ba8c-09d92f00c423,DEBIT,5000.00,TRY,2026-02,OFF_INVOICE,NKA,b39ade6a-ea33-413f-95a0-281c859f32fd,084d33dc-daa7-4544-9155-bfc9e2fc2cd4,650e4b5e-f1a2-4a67-a1ce-067c053d5a63,d47cdd1e-551e-4606-b9ee-f47a17a7f323,t,,LEDGER|AGREEMENT|ca635406-b1ed-44d9-ba8c-09d92f00c423|a84190c7-94e5-4356-ab92-0229ec70be15,,3b703dae-2955-40a1-affa-f94478da505f,2026-07-28 14:04:54.250138
32f534b2-f87d-4006-b152-ed8bd7e1abcc,598a895e-5a20-48cc-95bd-a52fe5d4bb65,ca635406-b1ed-44d9-ba8c-09d92f00c423,AGREEMENT,ca635406-b1ed-44d9-ba8c-09d92f00c423,CREDIT,5000.00,TRY,2026-02,OFF_INVOICE,NKA,b39ade6a-ea33-413f-95a0-281c859f32fd,084d33dc-daa7-4544-9155-bfc9e2fc2cd4,650e4b5e-f1a2-4a67-a1ce-067c053d5a63,d47cdd1e-551e-4606-b9ee-f47a17a7f323,f,e8dc2a3a-4052-4c1c-b5a7-c9f9ef403e73,REVERSAL|LEDGER|e8dc2a3a-4052-4c1c-b5a7-c9f9ef403e73,Reversal of ledger entry e8dc2a3a-4052-4c1c-b5a7-c9f9ef403e73,3b703dae-2955-40a1-affa-f94478da505f,2026-07-28 14:04:54.254488
0efbc1b2-498e-4e3f-84d4-31ecf4aa699e,598a895e-5a20-48cc-95bd-a52fe5d4bb65,d396f1b1-5d89-4ca8-9356-cea31e9cdd28,AGREEMENT,d396f1b1-5d89-4ca8-9356-cea31e9cdd28,DEBIT,5000.00,TRY,2026-02,OFF_INVOICE,NKA,b39ade6a-ea33-413f-95a0-281c859f32fd,084d33dc-daa7-4544-9155-bfc9e2fc2cd4,650e4b5e-f1a2-4a67-a1ce-067c053d5a63,d47cdd1e-551e-4606-b9ee-f47a17a7f323,f,,LEDGER|AGREEMENT|d396f1b1-5d89-4ca8-9356-cea31e9cdd28|590b089e-f476-4164-b18f-7c60145828b3,,3b703dae-2955-40a1-affa-f94478da505f,2026-07-28 14:06:08.197767
8006bec8-1c18-4a4e-b69d-f47c43936998,598a895e-5a20-48cc-95bd-a52fe5d4bb65,b621881e-d2e5-468d-9105-5d09c5f06e81,AGREEMENT,b621881e-d2e5-468d-9105-5d09c5f06e81,DEBIT,3000.00,TRY,2026-02,OFF_INVOICE,NKA,b39ade6a-ea33-413f-95a0-281c859f32fd,084d33dc-daa7-4544-9155-bfc9e2fc2cd4,650e4b5e-f1a2-4a67-a1ce-067c053d5a63,d47cdd1e-551e-4606-b9ee-f47a17a7f323,t,,LEDGER|AGREEMENT|b621881e-d2e5-468d-9105-5d09c5f06e81|cdef62f6-62f9-4822-8d70-6ec18b2db8b7,,3b703dae-2955-40a1-affa-f94478da505f,2026-07-28 14:06:08.292642
64eef880-e925-47e2-990a-8a33dd559487,598a895e-5a20-48cc-95bd-a52fe5d4bb65,b621881e-d2e5-468d-9105-5d09c5f06e81,AGREEMENT,b621881e-d2e5-468d-9105-5d09c5f06e81,CREDIT,3000.00,TRY,2026-02,OFF_INVOICE,NKA,b39ade6a-ea33-413f-95a0-281c859f32fd,084d33dc-daa7-4544-9155-bfc9e2fc2cd4,650e4b5e-f1a2-4a67-a1ce-067c053d5a63,d47cdd1e-551e-4606-b9ee-f47a17a7f323,f,8006bec8-1c18-4a4e-b69d-f47c43936998,REVERSAL|LEDGER|8006bec8-1c18-4a4e-b69d-f47c43936998,Reversal of ledger entry 8006bec8-1c18-4a4e-b69d-f47c43936998,3b703dae-2955-40a1-affa-f94478da505f,2026-07-28 14:06:08.299306
eb6fe795-66e2-40c3-ae50-5954601966e7,598a895e-5a20-48cc-95bd-a52fe5d4bb65,f2cf94b4-369a-45a7-9a1e-96abce5d363c,AGREEMENT,f2cf94b4-369a-45a7-9a1e-96abce5d363c,DEBIT,12000.00,TRY,2026-02,OFF_INVOICE,NKA,b39ade6a-ea33-413f-95a0-281c859f32fd,084d33dc-daa7-4544-9155-bfc9e2fc2cd4,650e4b5e-f1a2-4a67-a1ce-067c053d5a63,d47cdd1e-551e-4606-b9ee-f47a17a7f323,f,,LEDGER|AGREEMENT|f2cf94b4-369a-45a7-9a1e-96abce5d363c|84b8bcec-94b9-4a86-a38c-70c1014a84e6,,3b703dae-2955-40a1-affa-f94478da505f,2026-07-28 14:06:09.679873
b1a3c36d-244c-47ed-b43c-aac059153514,598a895e-5a20-48cc-95bd-a52fe5d4bb65,ff3c2eae-10ee-4269-94cd-a0ad7b994909,AGREEMENT,ff3c2eae-10ee-4269-94cd-a0ad7b994909,DEBIT,4000.00,TRY,2026-02,OFF_INVOICE,NKA,b39ade6a-ea33-413f-95a0-281c859f32fd,084d33dc-daa7-4544-9155-bfc9e2fc2cd4,650e4b5e-f1a2-4a67-a1ce-067c053d5a63,d47cdd1e-551e-4606-b9ee-f47a17a7f323,t,,LEDGER|AGREEMENT|ff3c2eae-10ee-4269-94cd-a0ad7b994909|d2c40d90-7bfc-4739-bd8b-f337b53dac1b,,3b703dae-2955-40a1-affa-f94478da505f,2026-07-28 14:06:09.916857
1cc7fba3-2861-4fb5-8e95-b427a332758a,598a895e-5a20-48cc-95bd-a52fe5d4bb65,ff3c2eae-10ee-4269-94cd-a0ad7b994909,AGREEMENT,ff3c2eae-10ee-4269-94cd-a0ad7b994909,CREDIT,4000.00,TRY,2026-02,OFF_INVOICE,NKA,b39ade6a-ea33-413f-95a0-281c859f32fd,084d33dc-daa7-4544-9155-bfc9e2fc2cd4,650e4b5e-f1a2-4a67-a1ce-067c053d5a63,d47cdd1e-551e-4606-b9ee-f47a17a7f323,f,b1a3c36d-244c-47ed-b43c-aac059153514,REVERSAL|LEDGER|b1a3c36d-244c-47ed-b43c-aac059153514,Reversal of ledger entry b1a3c36d-244c-47ed-b43c-aac059153514,3b703dae-2955-40a1-affa-f94478da505f,2026-07-28 14:06:09.920145
31ec6078-c7ca-452c-accf-d45fb28ff906,598a895e-5a20-48cc-95bd-a52fe5d4bb65,ca635406-b1ed-44d9-ba8c-09d92f00c423,AGREEMENT,ca635406-b1ed-44d9-ba8c-09d92f00c423,DEBIT,5000.00,TRY,2026-02,OFF_INVOICE,NKA,b39ade6a-ea33-413f-95a0-281c859f32fd,084d33dc-daa7-4544-9155-bfc9e2fc2cd4,650e4b5e-f1a2-4a67-a1ce-067c053d5a63,d47cdd1e-551e-4606-b9ee-f47a17a7f323,t,,LEDGER|AGREEMENT|ca635406-b1ed-44d9-ba8c-09d92f00c423|ca71a502-14b7-40f0-84bd-ced050464ef5,,3b703dae-2955-40a1-affa-f94478da505f,2026-07-28 14:06:13.975641
3c228f68-1941-4664-9a62-6934e0e6af9d,598a895e-5a20-48cc-95bd-a52fe5d4bb65,ca635406-b1ed-44d9-ba8c-09d92f00c423,AGREEMENT,ca635406-b1ed-44d9-ba8c-09d92f00c423,CREDIT,5000.00,TRY,2026-02,OFF_INVOICE,NKA,b39ade6a-ea33-413f-95a0-281c859f32fd,084d33dc-daa7-4544-9155-bfc9e2fc2cd4,650e4b5e-f1a2-4a67-a1ce-067c053d5a63,d47cdd1e-551e-4606-b9ee-f47a17a7f323,f,31ec6078-c7ca-452c-accf-d45fb28ff906,REVERSAL|LEDGER|31ec6078-c7ca-452c-accf-d45fb28ff906,Reversal of ledger entry 31ec6078-c7ca-452c-accf-d45fb28ff906,3b703dae-2955-40a1-affa-f94478da505f,2026-07-28 14:06:13.97908
96fc3342-dc4c-4164-89b4-e091d8cb69ee,598a895e-5a20-48cc-95bd-a52fe5d4bb65,ca635406-b1ed-44d9-ba8c-09d92f00c423,AGREEMENT,ca635406-b1ed-44d9-ba8c-09d92f00c423,DEBIT,5000.00,TRY,2026-02,OFF_INVOICE,NKA,b39ade6a-ea33-413f-95a0-281c859f32fd,084d33dc-daa7-4544-9155-bfc9e2fc2cd4,650e4b5e-f1a2-4a67-a1ce-067c053d5a63,d47cdd1e-551e-4606-b9ee-f47a17a7f323,t,,LEDGER|AGREEMENT|ca635406-b1ed-44d9-ba8c-09d92f00c423|1d330ae3-f2af-494e-91b8-2bbaef3da46f,,3b703dae-2955-40a1-affa-f94478da505f,2026-07-28 14:06:14.095837
a06af3c6-6d1f-4571-bc47-23b2d5ae1756,598a895e-5a20-48cc-95bd-a52fe5d4bb65,ca635406-b1ed-44d9-ba8c-09d92f00c423,AGREEMENT,ca635406-b1ed-44d9-ba8c-09d92f00c423,CREDIT,5000.00,TRY,2026-02,OFF_INVOICE,NKA,b39ade6a-ea33-413f-95a0-281c859f32fd,084d33dc-daa7-4544-9155-bfc9e2fc2cd4,650e4b5e-f1a2-4a67-a1ce-067c053d5a63,d47cdd1e-551e-4606-b9ee-f47a17a7f323,f,96fc3342-dc4c-4164-89b4-e091d8cb69ee,REVERSAL|LEDGER|96fc3342-dc4c-4164-89b4-e091d8cb69ee,Reversal of ledger entry 96fc3342-dc4c-4164-89b4-e091d8cb69ee,0e23990b-31a0-4ac2-be89-a46ebc8200d4,2026-07-28 14:06:14.099967
28006ae2-b318-4d23-a3ff-7d191834f1ec,598a895e-5a20-48cc-95bd-a52fe5d4bb65,ca635406-b1ed-44d9-ba8c-09d92f00c423,AGREEMENT,ca635406-b1ed-44d9-ba8c-09d92f00c423,DEBIT,5000.00,TRY,2026-02,OFF_INVOICE,NKA,b39ade6a-ea33-413f-95a0-281c859f32fd,084d33dc-daa7-4544-9155-bfc9e2fc2cd4,650e4b5e-f1a2-4a67-a1ce-067c053d5a63,d47cdd1e-551e-4606-b9ee-f47a17a7f323,t,,LEDGER|AGREEMENT|ca635406-b1ed-44d9-ba8c-09d92f00c423|afc38a5a-a91d-4dda-b77f-886adb7e1d35,,3b703dae-2955-40a1-affa-f94478da505f,2026-07-28 14:06:14.120649
8e7e7cff-17ac-4010-8854-3b5ccdebb7cc,598a895e-5a20-48cc-95bd-a52fe5d4bb65,ca635406-b1ed-44d9-ba8c-09d92f00c423,AGREEMENT,ca635406-b1ed-44d9-ba8c-09d92f00c423,CREDIT,5000.00,TRY,2026-02,OFF_INVOICE,NKA,b39ade6a-ea33-413f-95a0-281c859f32fd,084d33dc-daa7-4544-9155-bfc9e2fc2cd4,650e4b5e-f1a2-4a67-a1ce-067c053d5a63,d47cdd1e-551e-4606-b9ee-f47a17a7f323,f,28006ae2-b318-4d23-a3ff-7d191834f1ec,REVERSAL|LEDGER|28006ae2-b318-4d23-a3ff-7d191834f1ec,Reversal of ledger entry 28006ae2-b318-4d23-a3ff-7d191834f1ec,3b703dae-2955-40a1-affa-f94478da505f,2026-07-28 14:06:14.123957
7e91a248-b4ca-46b3-ac87-64b08c4dc96a,598a895e-5a20-48cc-95bd-a52fe5d4bb65,ca635406-b1ed-44d9-ba8c-09d92f00c423,AGREEMENT,ca635406-b1ed-44d9-ba8c-09d92f00c423,DEBIT,5000.00,TRY,2026-02,OFF_INVOICE,NKA,b39ade6a-ea33-413f-95a0-281c859f32fd,084d33dc-daa7-4544-9155-bfc9e2fc2cd4,650e4b5e-f1a2-4a67-a1ce-067c053d5a63,d47cdd1e-551e-4606-b9ee-f47a17a7f323,t,,LEDGER|AGREEMENT|ca635406-b1ed-44d9-ba8c-09d92f00c423|d412c7fe-b136-4823-8d61-b678f37bec5a,,3b703dae-2955-40a1-affa-f94478da505f,2026-07-28 14:06:14.145733
9bac70a5-e451-406c-8077-546d670d23e0,598a895e-5a20-48cc-95bd-a52fe5d4bb65,ca635406-b1ed-44d9-ba8c-09d92f00c423,AGREEMENT,ca635406-b1ed-44d9-ba8c-09d92f00c423,CREDIT,5000.00,TRY,2026-02,OFF_INVOICE,NKA,b39ade6a-ea33-413f-95a0-281c859f32fd,084d33dc-daa7-4544-9155-bfc9e2fc2cd4,650e4b5e-f1a2-4a67-a1ce-067c053d5a63,d47cdd1e-551e-4606-b9ee-f47a17a7f323,f,7e91a248-b4ca-46b3-ac87-64b08c4dc96a,REVERSAL|LEDGER|7e91a248-b4ca-46b3-ac87-64b08c4dc96a,Reversal of ledger entry 7e91a248-b4ca-46b3-ac87-64b08c4dc96a,3b703dae-2955-40a1-affa-f94478da505f,2026-07-28 14:06:14.150334
1d4077bf-add5-4eab-bfbe-466398452b28,598a895e-5a20-48cc-95bd-a52fe5d4bb65,701bbd31-4a81-499d-bc38-5cfd7f962bc6,AGREEMENT,701bbd31-4a81-499d-bc38-5cfd7f962bc6,DEBIT,5000.00,TRY,2026-02,OFF_INVOICE,NKA,b39ade6a-ea33-413f-95a0-281c859f32fd,084d33dc-daa7-4544-9155-bfc9e2fc2cd4,650e4b5e-f1a2-4a67-a1ce-067c053d5a63,d47cdd1e-551e-4606-b9ee-f47a17a7f323,f,,LEDGER|AGREEMENT|701bbd31-4a81-499d-bc38-5cfd7f962bc6|8dcfb420-d0a0-4694-b20f-4705e30d6f4e,,3b703dae-2955-40a1-affa-f94478da505f,2026-07-28 14:07:29.496627
94fb6482-1b94-4b47-9847-1c05fda67edf,598a895e-5a20-48cc-95bd-a52fe5d4bb65,b7d86191-d9c3-48d8-a4fa-97f0e177599c,AGREEMENT,b7d86191-d9c3-48d8-a4fa-97f0e177599c,DEBIT,3000.00,TRY,2026-02,OFF_INVOICE,NKA,b39ade6a-ea33-413f-95a0-281c859f32fd,084d33dc-daa7-4544-9155-bfc9e2fc2cd4,650e4b5e-f1a2-4a67-a1ce-067c053d5a63,d47cdd1e-551e-4606-b9ee-f47a17a7f323,t,,LEDGER|AGREEMENT|b7d86191-d9c3-48d8-a4fa-97f0e177599c|8935782c-36d0-4288-a5a2-921368c8755e,,3b703dae-2955-40a1-affa-f94478da505f,2026-07-28 14:07:29.59017
54d6144d-185b-4ad4-9597-099cb077ddfe,598a895e-5a20-48cc-95bd-a52fe5d4bb65,b7d86191-d9c3-48d8-a4fa-97f0e177599c,AGREEMENT,b7d86191-d9c3-48d8-a4fa-97f0e177599c,CREDIT,3000.00,TRY,2026-02,OFF_INVOICE,NKA,b39ade6a-ea33-413f-95a0-281c859f32fd,084d33dc-daa7-4544-9155-bfc9e2fc2cd4,650e4b5e-f1a2-4a67-a1ce-067c053d5a63,d47cdd1e-551e-4606-b9ee-f47a17a7f323,f,94fb6482-1b94-4b47-9847-1c05fda67edf,REVERSAL|LEDGER|94fb6482-1b94-4b47-9847-1c05fda67edf,Reversal of ledger entry 94fb6482-1b94-4b47-9847-1c05fda67edf,3b703dae-2955-40a1-affa-f94478da505f,2026-07-28 14:07:29.59578
5509b89e-1708-4e4e-b13d-9ec3b7eaca47,598a895e-5a20-48cc-95bd-a52fe5d4bb65,0b35dd88-3e90-4994-8367-93d3ff60605f,AGREEMENT,0b35dd88-3e90-4994-8367-93d3ff60605f,DEBIT,5000.00,TRY,2026-02,OFF_INVOICE,NKA,b39ade6a-ea33-413f-95a0-281c859f32fd,084d33dc-daa7-4544-9155-bfc9e2fc2cd4,650e4b5e-f1a2-4a67-a1ce-067c053d5a63,d47cdd1e-551e-4606-b9ee-f47a17a7f323,f,,LEDGER|AGREEMENT|0b35dd88-3e90-4994-8367-93d3ff60605f|3b2095c4-2689-448f-a557-62f278902c8e,,3b703dae-2955-40a1-affa-f94478da505f,2026-07-28 14:11:44.389134
babb2420-8ea6-4e83-b5c6-04b8e3ccf84f,598a895e-5a20-48cc-95bd-a52fe5d4bb65,ae363533-b975-4b80-8a21-989964c59de0,AGREEMENT,ae363533-b975-4b80-8a21-989964c59de0,DEBIT,3000.00,TRY,2026-02,OFF_INVOICE,NKA,b39ade6a-ea33-413f-95a0-281c859f32fd,084d33dc-daa7-4544-9155-bfc9e2fc2cd4,650e4b5e-f1a2-4a67-a1ce-067c053d5a63,d47cdd1e-551e-4606-b9ee-f47a17a7f323,t,,LEDGER|AGREEMENT|ae363533-b975-4b80-8a21-989964c59de0|7fd1c244-4395-45ec-b8fa-e0f31ca568c3,,3b703dae-2955-40a1-affa-f94478da505f,2026-07-28 14:11:44.48676
b869ddf1-4238-40cc-bab4-15c46576f14e,598a895e-5a20-48cc-95bd-a52fe5d4bb65,ae363533-b975-4b80-8a21-989964c59de0,AGREEMENT,ae363533-b975-4b80-8a21-989964c59de0,CREDIT,3000.00,TRY,2026-02,OFF_INVOICE,NKA,b39ade6a-ea33-413f-95a0-281c859f32fd,084d33dc-daa7-4544-9155-bfc9e2fc2cd4,650e4b5e-f1a2-4a67-a1ce-067c053d5a63,d47cdd1e-551e-4606-b9ee-f47a17a7f323,f,babb2420-8ea6-4e83-b5c6-04b8e3ccf84f,REVERSAL|LEDGER|babb2420-8ea6-4e83-b5c6-04b8e3ccf84f,Reversal of ledger entry babb2420-8ea6-4e83-b5c6-04b8e3ccf84f,3b703dae-2955-40a1-affa-f94478da505f,2026-07-28 14:11:44.494664
50db0e0a-4ead-4952-88a5-c312a3ff58f8,598a895e-5a20-48cc-95bd-a52fe5d4bb65,0c8d0186-6dfd-47ec-a8e3-4230008030d1,AGREEMENT,0c8d0186-6dfd-47ec-a8e3-4230008030d1,DEBIT,12000.00,TRY,2026-02,OFF_INVOICE,NKA,b39ade6a-ea33-413f-95a0-281c859f32fd,084d33dc-daa7-4544-9155-bfc9e2fc2cd4,650e4b5e-f1a2-4a67-a1ce-067c053d5a63,d47cdd1e-551e-4606-b9ee-f47a17a7f323,f,,LEDGER|AGREEMENT|0c8d0186-6dfd-47ec-a8e3-4230008030d1|8bef3e80-e0e3-4a46-815c-7d0e12bbf928,,3b703dae-2955-40a1-affa-f94478da505f,2026-07-28 14:11:46.883677
9368257b-f5b9-4a73-80c4-d07516e45126,598a895e-5a20-48cc-95bd-a52fe5d4bb65,f99c1e6d-1a56-442d-8ae4-cc75a9fb0cb7,AGREEMENT,f99c1e6d-1a56-442d-8ae4-cc75a9fb0cb7,DEBIT,4000.00,TRY,2026-02,OFF_INVOICE,NKA,b39ade6a-ea33-413f-95a0-281c859f32fd,084d33dc-daa7-4544-9155-bfc9e2fc2cd4,650e4b5e-f1a2-4a67-a1ce-067c053d5a63,d47cdd1e-551e-4606-b9ee-f47a17a7f323,t,,LEDGER|AGREEMENT|f99c1e6d-1a56-442d-8ae4-cc75a9fb0cb7|08fc53d2-10c1-45dc-bf33-4441cbb37065,,3b703dae-2955-40a1-affa-f94478da505f,2026-07-28 14:11:47.171524
cf1334f3-0e70-43d5-955b-bbd1412cfac9,598a895e-5a20-48cc-95bd-a52fe5d4bb65,f99c1e6d-1a56-442d-8ae4-cc75a9fb0cb7,AGREEMENT,f99c1e6d-1a56-442d-8ae4-cc75a9fb0cb7,CREDIT,4000.00,TRY,2026-02,OFF_INVOICE,NKA,b39ade6a-ea33-413f-95a0-281c859f32fd,084d33dc-daa7-4544-9155-bfc9e2fc2cd4,650e4b5e-f1a2-4a67-a1ce-067c053d5a63,d47cdd1e-551e-4606-b9ee-f47a17a7f323,f,9368257b-f5b9-4a73-80c4-d07516e45126,REVERSAL|LEDGER|9368257b-f5b9-4a73-80c4-d07516e45126,Reversal of ledger entry 9368257b-f5b9-4a73-80c4-d07516e45126,3b703dae-2955-40a1-affa-f94478da505f,2026-07-28 14:11:47.1767
c90639b1-10b7-486a-b39d-3cd1257a569f,598a895e-5a20-48cc-95bd-a52fe5d4bb65,ae363533-b975-4b80-8a21-989964c59de0,AGREEMENT,ae363533-b975-4b80-8a21-989964c59de0,DEBIT,5000.00,TRY,2026-02,OFF_INVOICE,NKA,b39ade6a-ea33-413f-95a0-281c859f32fd,084d33dc-daa7-4544-9155-bfc9e2fc2cd4,650e4b5e-f1a2-4a67-a1ce-067c053d5a63,d47cdd1e-551e-4606-b9ee-f47a17a7f323,t,,LEDGER|AGREEMENT|ae363533-b975-4b80-8a21-989964c59de0|9c1f14da-7dfe-45ae-88e8-e98fa9ab2f9d,,3b703dae-2955-40a1-affa-f94478da505f,2026-07-28 14:11:48.805004
2dd5ab2f-84e7-4e6f-8bbd-97d02bd6585a,598a895e-5a20-48cc-95bd-a52fe5d4bb65,ae363533-b975-4b80-8a21-989964c59de0,AGREEMENT,ae363533-b975-4b80-8a21-989964c59de0,CREDIT,5000.00,TRY,2026-02,OFF_INVOICE,NKA,b39ade6a-ea33-413f-95a0-281c859f32fd,084d33dc-daa7-4544-9155-bfc9e2fc2cd4,650e4b5e-f1a2-4a67-a1ce-067c053d5a63,d47cdd1e-551e-4606-b9ee-f47a17a7f323,f,c90639b1-10b7-486a-b39d-3cd1257a569f,REVERSAL|LEDGER|c90639b1-10b7-486a-b39d-3cd1257a569f,Reversal of ledger entry c90639b1-10b7-486a-b39d-3cd1257a569f,3b703dae-2955-40a1-affa-f94478da505f,2026-07-28 14:11:48.810351
0440f516-1480-4079-95de-9d1a2579bbff,598a895e-5a20-48cc-95bd-a52fe5d4bb65,ae363533-b975-4b80-8a21-989964c59de0,AGREEMENT,ae363533-b975-4b80-8a21-989964c59de0,DEBIT,5000.00,TRY,2026-02,OFF_INVOICE,NKA,b39ade6a-ea33-413f-95a0-281c859f32fd,084d33dc-daa7-4544-9155-bfc9e2fc2cd4,650e4b5e-f1a2-4a67-a1ce-067c053d5a63,d47cdd1e-551e-4606-b9ee-f47a17a7f323,t,,LEDGER|AGREEMENT|ae363533-b975-4b80-8a21-989964c59de0|d4a7a138-2fa8-461b-90f1-50e58141e51b,,3b703dae-2955-40a1-affa-f94478da505f,2026-07-28 14:11:48.935845
a69bc474-9bcb-49c9-9a4c-a50061a45c06,598a895e-5a20-48cc-95bd-a52fe5d4bb65,ae363533-b975-4b80-8a21-989964c59de0,AGREEMENT,ae363533-b975-4b80-8a21-989964c59de0,CREDIT,5000.00,TRY,2026-02,OFF_INVOICE,NKA,b39ade6a-ea33-413f-95a0-281c859f32fd,084d33dc-daa7-4544-9155-bfc9e2fc2cd4,650e4b5e-f1a2-4a67-a1ce-067c053d5a63,d47cdd1e-551e-4606-b9ee-f47a17a7f323,f,0440f516-1480-4079-95de-9d1a2579bbff,REVERSAL|LEDGER|0440f516-1480-4079-95de-9d1a2579bbff,Reversal of ledger entry 0440f516-1480-4079-95de-9d1a2579bbff,0e23990b-31a0-4ac2-be89-a46ebc8200d4,2026-07-28 14:11:48.939843
86765e69-b785-4e2d-9335-00ce0bd12835,598a895e-5a20-48cc-95bd-a52fe5d4bb65,ae363533-b975-4b80-8a21-989964c59de0,AGREEMENT,ae363533-b975-4b80-8a21-989964c59de0,DEBIT,5000.00,TRY,2026-02,OFF_INVOICE,NKA,b39ade6a-ea33-413f-95a0-281c859f32fd,084d33dc-daa7-4544-9155-bfc9e2fc2cd4,650e4b5e-f1a2-4a67-a1ce-067c053d5a63,d47cdd1e-551e-4606-b9ee-f47a17a7f323,t,,LEDGER|AGREEMENT|ae363533-b975-4b80-8a21-989964c59de0|cde36d88-742a-4369-af8e-4afdb97b6bf9,,3b703dae-2955-40a1-affa-f94478da505f,2026-07-28 14:11:48.965287
8a046f4f-d298-4c7f-b41a-bf481793c737,598a895e-5a20-48cc-95bd-a52fe5d4bb65,ae363533-b975-4b80-8a21-989964c59de0,AGREEMENT,ae363533-b975-4b80-8a21-989964c59de0,CREDIT,5000.00,TRY,2026-02,OFF_INVOICE,NKA,b39ade6a-ea33-413f-95a0-281c859f32fd,084d33dc-daa7-4544-9155-bfc9e2fc2cd4,650e4b5e-f1a2-4a67-a1ce-067c053d5a63,d47cdd1e-551e-4606-b9ee-f47a17a7f323,f,86765e69-b785-4e2d-9335-00ce0bd12835,REVERSAL|LEDGER|86765e69-b785-4e2d-9335-00ce0bd12835,Reversal of ledger entry 86765e69-b785-4e2d-9335-00ce0bd12835,3b703dae-2955-40a1-affa-f94478da505f,2026-07-28 14:11:48.968355
9a9de8f7-cde8-4c18-9ced-1c2f1031fe53,598a895e-5a20-48cc-95bd-a52fe5d4bb65,ae363533-b975-4b80-8a21-989964c59de0,AGREEMENT,ae363533-b975-4b80-8a21-989964c59de0,DEBIT,5000.00,TRY,2026-02,OFF_INVOICE,NKA,b39ade6a-ea33-413f-95a0-281c859f32fd,084d33dc-daa7-4544-9155-bfc9e2fc2cd4,650e4b5e-f1a2-4a67-a1ce-067c053d5a63,d47cdd1e-551e-4606-b9ee-f47a17a7f323,t,,LEDGER|AGREEMENT|ae363533-b975-4b80-8a21-989964c59de0|287d00d1-ea32-4848-a371-308fac96f500,,3b703dae-2955-40a1-affa-f94478da505f,2026-07-28 14:11:48.989383
d6a08e11-5265-4131-a021-2b7c704e3592,598a895e-5a20-48cc-95bd-a52fe5d4bb65,ae363533-b975-4b80-8a21-989964c59de0,AGREEMENT,ae363533-b975-4b80-8a21-989964c59de0,CREDIT,5000.00,TRY,2026-02,OFF_INVOICE,NKA,b39ade6a-ea33-413f-95a0-281c859f32fd,084d33dc-daa7-4544-9155-bfc9e2fc2cd4,650e4b5e-f1a2-4a67-a1ce-067c053d5a63,d47cdd1e-551e-4606-b9ee-f47a17a7f323,f,9a9de8f7-cde8-4c18-9ced-1c2f1031fe53,REVERSAL|LEDGER|9a9de8f7-cde8-4c18-9ced-1c2f1031fe53,Reversal of ledger entry 9a9de8f7-cde8-4c18-9ced-1c2f1031fe53,3b703dae-2955-40a1-affa-f94478da505f,2026-07-28 14:11:48.99592
3a18fc2a-1151-4e43-9d1a-552e374bc81d,598a895e-5a20-48cc-95bd-a52fe5d4bb65,94f2592a-c0fd-446e-9425-7d7884dc947a,AGREEMENT,94f2592a-c0fd-446e-9425-7d7884dc947a,DEBIT,5000.00,TRY,2026-02,OFF_INVOICE,NKA,b39ade6a-ea33-413f-95a0-281c859f32fd,084d33dc-daa7-4544-9155-bfc9e2fc2cd4,650e4b5e-f1a2-4a67-a1ce-067c053d5a63,d47cdd1e-551e-4606-b9ee-f47a17a7f323,f,,LEDGER|AGREEMENT|94f2592a-c0fd-446e-9425-7d7884dc947a|8ae6908e-c7f0-4332-a6f0-427e173df349,,3b703dae-2955-40a1-affa-f94478da505f,2026-07-28 14:13:27.383674
e6757dec-885b-4be6-be73-145d06e78b95,598a895e-5a20-48cc-95bd-a52fe5d4bb65,2c164a31-b2ed-4497-a8f0-c72fd82f3fe3,AGREEMENT,2c164a31-b2ed-4497-a8f0-c72fd82f3fe3,DEBIT,3000.00,TRY,2026-02,OFF_INVOICE,NKA,b39ade6a-ea33-413f-95a0-281c859f32fd,084d33dc-daa7-4544-9155-bfc9e2fc2cd4,650e4b5e-f1a2-4a67-a1ce-067c053d5a63,d47cdd1e-551e-4606-b9ee-f47a17a7f323,t,,LEDGER|AGREEMENT|2c164a31-b2ed-4497-a8f0-c72fd82f3fe3|561931b8-2377-4248-a10f-06e1bced5706,,3b703dae-2955-40a1-affa-f94478da505f,2026-07-28 14:13:27.447138
7b094dbe-7482-4641-a3d0-b2ba794bef81,598a895e-5a20-48cc-95bd-a52fe5d4bb65,2c164a31-b2ed-4497-a8f0-c72fd82f3fe3,AGREEMENT,2c164a31-b2ed-4497-a8f0-c72fd82f3fe3,CREDIT,3000.00,TRY,2026-02,OFF_INVOICE,NKA,b39ade6a-ea33-413f-95a0-281c859f32fd,084d33dc-daa7-4544-9155-bfc9e2fc2cd4,650e4b5e-f1a2-4a67-a1ce-067c053d5a63,d47cdd1e-551e-4606-b9ee-f47a17a7f323,f,e6757dec-885b-4be6-be73-145d06e78b95,REVERSAL|LEDGER|e6757dec-885b-4be6-be73-145d06e78b95,Reversal of ledger entry e6757dec-885b-4be6-be73-145d06e78b95,3b703dae-2955-40a1-affa-f94478da505f,2026-07-28 14:13:27.452751
d43443d3-2c82-45b0-a318-2d0d5db3358b,598a895e-5a20-48cc-95bd-a52fe5d4bb65,a428b196-20e0-40f6-928a-dc68eb063c00,AGREEMENT,a428b196-20e0-40f6-928a-dc68eb063c00,DEBIT,12000.00,TRY,2026-02,OFF_INVOICE,NKA,b39ade6a-ea33-413f-95a0-281c859f32fd,084d33dc-daa7-4544-9155-bfc9e2fc2cd4,650e4b5e-f1a2-4a67-a1ce-067c053d5a63,d47cdd1e-551e-4606-b9ee-f47a17a7f323,f,,LEDGER|AGREEMENT|a428b196-20e0-40f6-928a-dc68eb063c00|fc4b2c63-cad3-4eda-a57c-3a45bf5f2e3d,,3b703dae-2955-40a1-affa-f94478da505f,2026-07-28 14:13:30.009479
528b0e13-deb2-4994-92c8-4d6ba8f41ecd,598a895e-5a20-48cc-95bd-a52fe5d4bb65,b72eef24-fb60-41ec-8f69-a11540d1a258,AGREEMENT,b72eef24-fb60-41ec-8f69-a11540d1a258,DEBIT,4000.00,TRY,2026-02,OFF_INVOICE,NKA,b39ade6a-ea33-413f-95a0-281c859f32fd,084d33dc-daa7-4544-9155-bfc9e2fc2cd4,650e4b5e-f1a2-4a67-a1ce-067c053d5a63,d47cdd1e-551e-4606-b9ee-f47a17a7f323,t,,LEDGER|AGREEMENT|b72eef24-fb60-41ec-8f69-a11540d1a258|1db64124-f35d-491e-8f08-6b07698724bb,,3b703dae-2955-40a1-affa-f94478da505f,2026-07-28 14:13:30.305799
b2bd6a1f-be43-44e0-a724-4c12fd204c6a,598a895e-5a20-48cc-95bd-a52fe5d4bb65,b72eef24-fb60-41ec-8f69-a11540d1a258,AGREEMENT,b72eef24-fb60-41ec-8f69-a11540d1a258,CREDIT,4000.00,TRY,2026-02,OFF_INVOICE,NKA,b39ade6a-ea33-413f-95a0-281c859f32fd,084d33dc-daa7-4544-9155-bfc9e2fc2cd4,650e4b5e-f1a2-4a67-a1ce-067c053d5a63,d47cdd1e-551e-4606-b9ee-f47a17a7f323,f,528b0e13-deb2-4994-92c8-4d6ba8f41ecd,REVERSAL|LEDGER|528b0e13-deb2-4994-92c8-4d6ba8f41ecd,Reversal of ledger entry 528b0e13-deb2-4994-92c8-4d6ba8f41ecd,3b703dae-2955-40a1-affa-f94478da505f,2026-07-28 14:13:30.310077
0b782714-6dad-49ea-a4e2-1b8bc5a71582,598a895e-5a20-48cc-95bd-a52fe5d4bb65,ca635406-b1ed-44d9-ba8c-09d92f00c423,AGREEMENT,ca635406-b1ed-44d9-ba8c-09d92f00c423,DEBIT,5000.00,TRY,2026-02,OFF_INVOICE,NKA,b39ade6a-ea33-413f-95a0-281c859f32fd,084d33dc-daa7-4544-9155-bfc9e2fc2cd4,650e4b5e-f1a2-4a67-a1ce-067c053d5a63,d47cdd1e-551e-4606-b9ee-f47a17a7f323,t,,LEDGER|AGREEMENT|ca635406-b1ed-44d9-ba8c-09d92f00c423|0575a20d-f99a-4720-886f-48ec1d7814be,,3b703dae-2955-40a1-affa-f94478da505f,2026-07-28 14:13:31.648035
2547a13f-0d3a-4e50-9875-cb45cae8970b,598a895e-5a20-48cc-95bd-a52fe5d4bb65,ca635406-b1ed-44d9-ba8c-09d92f00c423,AGREEMENT,ca635406-b1ed-44d9-ba8c-09d92f00c423,CREDIT,5000.00,TRY,2026-02,OFF_INVOICE,NKA,b39ade6a-ea33-413f-95a0-281c859f32fd,084d33dc-daa7-4544-9155-bfc9e2fc2cd4,650e4b5e-f1a2-4a67-a1ce-067c053d5a63,d47cdd1e-551e-4606-b9ee-f47a17a7f323,f,0b782714-6dad-49ea-a4e2-1b8bc5a71582,REVERSAL|LEDGER|0b782714-6dad-49ea-a4e2-1b8bc5a71582,Reversal of ledger entry 0b782714-6dad-49ea-a4e2-1b8bc5a71582,3b703dae-2955-40a1-affa-f94478da505f,2026-07-28 14:13:31.652856
f9addad7-717c-494f-b1aa-4984b920ef3a,598a895e-5a20-48cc-95bd-a52fe5d4bb65,ca635406-b1ed-44d9-ba8c-09d92f00c423,AGREEMENT,ca635406-b1ed-44d9-ba8c-09d92f00c423,DEBIT,5000.00,TRY,2026-02,OFF_INVOICE,NKA,b39ade6a-ea33-413f-95a0-281c859f32fd,084d33dc-daa7-4544-9155-bfc9e2fc2cd4,650e4b5e-f1a2-4a67-a1ce-067c053d5a63,d47cdd1e-551e-4606-b9ee-f47a17a7f323,t,,LEDGER|AGREEMENT|ca635406-b1ed-44d9-ba8c-09d92f00c423|c3a1a81e-6207-4f1e-94cc-396bf5956aac,,3b703dae-2955-40a1-affa-f94478da505f,2026-07-28 14:13:31.749205
a83d3247-3e72-43e1-a207-3757fe89eea2,598a895e-5a20-48cc-95bd-a52fe5d4bb65,ca635406-b1ed-44d9-ba8c-09d92f00c423,AGREEMENT,ca635406-b1ed-44d9-ba8c-09d92f00c423,CREDIT,5000.00,TRY,2026-02,OFF_INVOICE,NKA,b39ade6a-ea33-413f-95a0-281c859f32fd,084d33dc-daa7-4544-9155-bfc9e2fc2cd4,650e4b5e-f1a2-4a67-a1ce-067c053d5a63,d47cdd1e-551e-4606-b9ee-f47a17a7f323,f,f9addad7-717c-494f-b1aa-4984b920ef3a,REVERSAL|LEDGER|f9addad7-717c-494f-b1aa-4984b920ef3a,Reversal of ledger entry f9addad7-717c-494f-b1aa-4984b920ef3a,0e23990b-31a0-4ac2-be89-a46ebc8200d4,2026-07-28 14:13:31.753892
b0f3d674-cc4c-4cdb-9c30-273ff8ef74fb,598a895e-5a20-48cc-95bd-a52fe5d4bb65,ca635406-b1ed-44d9-ba8c-09d92f00c423,AGREEMENT,ca635406-b1ed-44d9-ba8c-09d92f00c423,DEBIT,5000.00,TRY,2026-02,OFF_INVOICE,NKA,b39ade6a-ea33-413f-95a0-281c859f32fd,084d33dc-daa7-4544-9155-bfc9e2fc2cd4,650e4b5e-f1a2-4a67-a1ce-067c053d5a63,d47cdd1e-551e-4606-b9ee-f47a17a7f323,t,,LEDGER|AGREEMENT|ca635406-b1ed-44d9-ba8c-09d92f00c423|1648c919-48b0-40ca-86af-56ebe508a578,,3b703dae-2955-40a1-affa-f94478da505f,2026-07-28 14:13:31.780101
68a7c3df-8d06-49e8-8566-cff33a96c6a6,598a895e-5a20-48cc-95bd-a52fe5d4bb65,ca635406-b1ed-44d9-ba8c-09d92f00c423,AGREEMENT,ca635406-b1ed-44d9-ba8c-09d92f00c423,CREDIT,5000.00,TRY,2026-02,OFF_INVOICE,NKA,b39ade6a-ea33-413f-95a0-281c859f32fd,084d33dc-daa7-4544-9155-bfc9e2fc2cd4,650e4b5e-f1a2-4a67-a1ce-067c053d5a63,d47cdd1e-551e-4606-b9ee-f47a17a7f323,f,b0f3d674-cc4c-4cdb-9c30-273ff8ef74fb,REVERSAL|LEDGER|b0f3d674-cc4c-4cdb-9c30-273ff8ef74fb,Reversal of ledger entry b0f3d674-cc4c-4cdb-9c30-273ff8ef74fb,3b703dae-2955-40a1-affa-f94478da505f,2026-07-28 14:13:31.782835
af4f5300-3cff-47df-8aff-4db4fda66b1e,598a895e-5a20-48cc-95bd-a52fe5d4bb65,ca635406-b1ed-44d9-ba8c-09d92f00c423,AGREEMENT,ca635406-b1ed-44d9-ba8c-09d92f00c423,DEBIT,5000.00,TRY,2026-02,OFF_INVOICE,NKA,b39ade6a-ea33-413f-95a0-281c859f32fd,084d33dc-daa7-4544-9155-bfc9e2fc2cd4,650e4b5e-f1a2-4a67-a1ce-067c053d5a63,d47cdd1e-551e-4606-b9ee-f47a17a7f323,t,,LEDGER|AGREEMENT|ca635406-b1ed-44d9-ba8c-09d92f00c423|71096bd9-4265-45dd-a659-7df1ac528082,,3b703dae-2955-40a1-affa-f94478da505f,2026-07-28 14:13:31.80531
a6b15aaf-b962-47e7-8a1e-a712cb4fd51d,598a895e-5a20-48cc-95bd-a52fe5d4bb65,ca635406-b1ed-44d9-ba8c-09d92f00c423,AGREEMENT,ca635406-b1ed-44d9-ba8c-09d92f00c423,CREDIT,5000.00,TRY,2026-02,OFF_INVOICE,NKA,b39ade6a-ea33-413f-95a0-281c859f32fd,084d33dc-daa7-4544-9155-bfc9e2fc2cd4,650e4b5e-f1a2-4a67-a1ce-067c053d5a63,d47cdd1e-551e-4606-b9ee-f47a17a7f323,f,af4f5300-3cff-47df-8aff-4db4fda66b1e,REVERSAL|LEDGER|af4f5300-3cff-47df-8aff-4db4fda66b1e,Reversal of ledger entry af4f5300-3cff-47df-8aff-4db4fda66b1e,3b703dae-2955-40a1-affa-f94478da505f,2026-07-28 14:13:31.809805
734ac5d0-43aa-4c23-a15c-610d7cc2d7e8,598a895e-5a20-48cc-95bd-a52fe5d4bb65,adb721fe-9dbd-4309-a63e-10a8d72980d2,AGREEMENT,adb721fe-9dbd-4309-a63e-10a8d72980d2,DEBIT,5000.00,TRY,2026-02,OFF_INVOICE,NKA,b39ade6a-ea33-413f-95a0-281c859f32fd,084d33dc-daa7-4544-9155-bfc9e2fc2cd4,650e4b5e-f1a2-4a67-a1ce-067c053d5a63,d47cdd1e-551e-4606-b9ee-f47a17a7f323,f,,LEDGER|AGREEMENT|adb721fe-9dbd-4309-a63e-10a8d72980d2|67a0e1e1-f6b0-4228-932b-2e35e5f929a7,,3b703dae-2955-40a1-affa-f94478da505f,2026-07-28 14:16:21.919806
6ea0143e-615c-4dcb-9047-10c72a747501,598a895e-5a20-48cc-95bd-a52fe5d4bb65,5f7aabab-a29c-48d6-af3f-c064aeb7d5bd,AGREEMENT,5f7aabab-a29c-48d6-af3f-c064aeb7d5bd,DEBIT,3000.00,TRY,2026-02,OFF_INVOICE,NKA,b39ade6a-ea33-413f-95a0-281c859f32fd,084d33dc-daa7-4544-9155-bfc9e2fc2cd4,650e4b5e-f1a2-4a67-a1ce-067c053d5a63,d47cdd1e-551e-4606-b9ee-f47a17a7f323,t,,LEDGER|AGREEMENT|5f7aabab-a29c-48d6-af3f-c064aeb7d5bd|65b87fd3-b540-43b6-9fe7-913c7734877e,,3b703dae-2955-40a1-affa-f94478da505f,2026-07-28 14:16:22.004097
7bc3bcb5-ad93-4ada-980d-5322c36a1abc,598a895e-5a20-48cc-95bd-a52fe5d4bb65,5f7aabab-a29c-48d6-af3f-c064aeb7d5bd,AGREEMENT,5f7aabab-a29c-48d6-af3f-c064aeb7d5bd,CREDIT,3000.00,TRY,2026-02,OFF_INVOICE,NKA,b39ade6a-ea33-413f-95a0-281c859f32fd,084d33dc-daa7-4544-9155-bfc9e2fc2cd4,650e4b5e-f1a2-4a67-a1ce-067c053d5a63,d47cdd1e-551e-4606-b9ee-f47a17a7f323,f,6ea0143e-615c-4dcb-9047-10c72a747501,REVERSAL|LEDGER|6ea0143e-615c-4dcb-9047-10c72a747501,Reversal of ledger entry 6ea0143e-615c-4dcb-9047-10c72a747501,3b703dae-2955-40a1-affa-f94478da505f,2026-07-28 14:16:22.01118
a49589bf-d5bc-4d3e-8c77-b488850e181e,598a895e-5a20-48cc-95bd-a52fe5d4bb65,4b575f70-338b-4729-b5e4-6ce25576f4d3,AGREEMENT,4b575f70-338b-4729-b5e4-6ce25576f4d3,DEBIT,12000.00,TRY,2026-02,OFF_INVOICE,NKA,b39ade6a-ea33-413f-95a0-281c859f32fd,084d33dc-daa7-4544-9155-bfc9e2fc2cd4,650e4b5e-f1a2-4a67-a1ce-067c053d5a63,d47cdd1e-551e-4606-b9ee-f47a17a7f323,f,,LEDGER|AGREEMENT|4b575f70-338b-4729-b5e4-6ce25576f4d3|0c894ee9-6467-43d0-a794-2b8db8ac03d9,,3b703dae-2955-40a1-affa-f94478da505f,2026-07-28 14:16:24.612909
06ca383f-4c30-48e1-90dc-d6856cab3b2b,598a895e-5a20-48cc-95bd-a52fe5d4bb65,649ce3c9-a048-4cc4-91e5-8202d423c806,AGREEMENT,649ce3c9-a048-4cc4-91e5-8202d423c806,DEBIT,4000.00,TRY,2026-02,OFF_INVOICE,NKA,b39ade6a-ea33-413f-95a0-281c859f32fd,084d33dc-daa7-4544-9155-bfc9e2fc2cd4,650e4b5e-f1a2-4a67-a1ce-067c053d5a63,d47cdd1e-551e-4606-b9ee-f47a17a7f323,t,,LEDGER|AGREEMENT|649ce3c9-a048-4cc4-91e5-8202d423c806|a3b56a1c-2689-4011-a73e-118ed96bfdd4,,3b703dae-2955-40a1-affa-f94478da505f,2026-07-28 14:16:24.88072
9966649c-4280-40d9-832c-ee55fc62f19c,598a895e-5a20-48cc-95bd-a52fe5d4bb65,649ce3c9-a048-4cc4-91e5-8202d423c806,AGREEMENT,649ce3c9-a048-4cc4-91e5-8202d423c806,CREDIT,4000.00,TRY,2026-02,OFF_INVOICE,NKA,b39ade6a-ea33-413f-95a0-281c859f32fd,084d33dc-daa7-4544-9155-bfc9e2fc2cd4,650e4b5e-f1a2-4a67-a1ce-067c053d5a63,d47cdd1e-551e-4606-b9ee-f47a17a7f323,f,06ca383f-4c30-48e1-90dc-d6856cab3b2b,REVERSAL|LEDGER|06ca383f-4c30-48e1-90dc-d6856cab3b2b,Reversal of ledger entry 06ca383f-4c30-48e1-90dc-d6856cab3b2b,3b703dae-2955-40a1-affa-f94478da505f,2026-07-28 14:16:24.884829
613bd3e4-1310-4689-a1b4-003b3050ac47,598a895e-5a20-48cc-95bd-a52fe5d4bb65,ca635406-b1ed-44d9-ba8c-09d92f00c423,AGREEMENT,ca635406-b1ed-44d9-ba8c-09d92f00c423,DEBIT,5000.00,TRY,2026-02,OFF_INVOICE,NKA,b39ade6a-ea33-413f-95a0-281c859f32fd,084d33dc-daa7-4544-9155-bfc9e2fc2cd4,650e4b5e-f1a2-4a67-a1ce-067c053d5a63,d47cdd1e-551e-4606-b9ee-f47a17a7f323,t,,LEDGER|AGREEMENT|ca635406-b1ed-44d9-ba8c-09d92f00c423|77bb5989-7b49-4515-b0e4-6faec3fe0ea5,,3b703dae-2955-40a1-affa-f94478da505f,2026-07-28 14:16:26.978368
d73f6cdd-2eb7-4ae8-99d0-3de9d2f560e8,598a895e-5a20-48cc-95bd-a52fe5d4bb65,ca635406-b1ed-44d9-ba8c-09d92f00c423,AGREEMENT,ca635406-b1ed-44d9-ba8c-09d92f00c423,CREDIT,5000.00,TRY,2026-02,OFF_INVOICE,NKA,b39ade6a-ea33-413f-95a0-281c859f32fd,084d33dc-daa7-4544-9155-bfc9e2fc2cd4,650e4b5e-f1a2-4a67-a1ce-067c053d5a63,d47cdd1e-551e-4606-b9ee-f47a17a7f323,f,613bd3e4-1310-4689-a1b4-003b3050ac47,REVERSAL|LEDGER|613bd3e4-1310-4689-a1b4-003b3050ac47,Reversal of ledger entry 613bd3e4-1310-4689-a1b4-003b3050ac47,3b703dae-2955-40a1-affa-f94478da505f,2026-07-28 14:16:26.982212
96a848e1-0ce2-4fde-8be6-bfb76a418f2f,598a895e-5a20-48cc-95bd-a52fe5d4bb65,ca635406-b1ed-44d9-ba8c-09d92f00c423,AGREEMENT,ca635406-b1ed-44d9-ba8c-09d92f00c423,DEBIT,5000.00,TRY,2026-02,OFF_INVOICE,NKA,b39ade6a-ea33-413f-95a0-281c859f32fd,084d33dc-daa7-4544-9155-bfc9e2fc2cd4,650e4b5e-f1a2-4a67-a1ce-067c053d5a63,d47cdd1e-551e-4606-b9ee-f47a17a7f323,t,,LEDGER|AGREEMENT|ca635406-b1ed-44d9-ba8c-09d92f00c423|cfbaaeb5-5cf6-4c36-9f92-67e16db80807,,3b703dae-2955-40a1-affa-f94478da505f,2026-07-28 14:16:27.089768
7b958ff0-8133-4cf8-a7d2-233fed6bf305,598a895e-5a20-48cc-95bd-a52fe5d4bb65,ca635406-b1ed-44d9-ba8c-09d92f00c423,AGREEMENT,ca635406-b1ed-44d9-ba8c-09d92f00c423,CREDIT,5000.00,TRY,2026-02,OFF_INVOICE,NKA,b39ade6a-ea33-413f-95a0-281c859f32fd,084d33dc-daa7-4544-9155-bfc9e2fc2cd4,650e4b5e-f1a2-4a67-a1ce-067c053d5a63,d47cdd1e-551e-4606-b9ee-f47a17a7f323,f,96a848e1-0ce2-4fde-8be6-bfb76a418f2f,REVERSAL|LEDGER|96a848e1-0ce2-4fde-8be6-bfb76a418f2f,Reversal of ledger entry 96a848e1-0ce2-4fde-8be6-bfb76a418f2f,0e23990b-31a0-4ac2-be89-a46ebc8200d4,2026-07-28 14:16:27.094253
3fb22b84-a503-4049-a211-1edbafd932a9,598a895e-5a20-48cc-95bd-a52fe5d4bb65,ca635406-b1ed-44d9-ba8c-09d92f00c423,AGREEMENT,ca635406-b1ed-44d9-ba8c-09d92f00c423,DEBIT,5000.00,TRY,2026-02,OFF_INVOICE,NKA,b39ade6a-ea33-413f-95a0-281c859f32fd,084d33dc-daa7-4544-9155-bfc9e2fc2cd4,650e4b5e-f1a2-4a67-a1ce-067c053d5a63,d47cdd1e-551e-4606-b9ee-f47a17a7f323,t,,LEDGER|AGREEMENT|ca635406-b1ed-44d9-ba8c-09d92f00c423|9f1f2dab-f981-4cde-b820-2713171ef877,,3b703dae-2955-40a1-affa-f94478da505f,2026-07-28 14:16:27.114417
b2a6b951-3129-4337-96e9-ef1a904c008d,598a895e-5a20-48cc-95bd-a52fe5d4bb65,ca635406-b1ed-44d9-ba8c-09d92f00c423,AGREEMENT,ca635406-b1ed-44d9-ba8c-09d92f00c423,CREDIT,5000.00,TRY,2026-02,OFF_INVOICE,NKA,b39ade6a-ea33-413f-95a0-281c859f32fd,084d33dc-daa7-4544-9155-bfc9e2fc2cd4,650e4b5e-f1a2-4a67-a1ce-067c053d5a63,d47cdd1e-551e-4606-b9ee-f47a17a7f323,f,3fb22b84-a503-4049-a211-1edbafd932a9,REVERSAL|LEDGER|3fb22b84-a503-4049-a211-1edbafd932a9,Reversal of ledger entry 3fb22b84-a503-4049-a211-1edbafd932a9,3b703dae-2955-40a1-affa-f94478da505f,2026-07-28 14:16:27.119025
540af1ec-e2a8-442e-a037-25368a88d89e,598a895e-5a20-48cc-95bd-a52fe5d4bb65,ca635406-b1ed-44d9-ba8c-09d92f00c423,AGREEMENT,ca635406-b1ed-44d9-ba8c-09d92f00c423,DEBIT,5000.00,TRY,2026-02,OFF_INVOICE,NKA,b39ade6a-ea33-413f-95a0-281c859f32fd,084d33dc-daa7-4544-9155-bfc9e2fc2cd4,650e4b5e-f1a2-4a67-a1ce-067c053d5a63,d47cdd1e-551e-4606-b9ee-f47a17a7f323,t,,LEDGER|AGREEMENT|ca635406-b1ed-44d9-ba8c-09d92f00c423|880d90a2-01e4-4306-b88e-82d0b6f989b6,,3b703dae-2955-40a1-affa-f94478da505f,2026-07-28 14:16:27.15532
2ae31b47-cff1-4f57-9387-6e4199acf0be,598a895e-5a20-48cc-95bd-a52fe5d4bb65,ca635406-b1ed-44d9-ba8c-09d92f00c423,AGREEMENT,ca635406-b1ed-44d9-ba8c-09d92f00c423,CREDIT,5000.00,TRY,2026-02,OFF_INVOICE,NKA,b39ade6a-ea33-413f-95a0-281c859f32fd,084d33dc-daa7-4544-9155-bfc9e2fc2cd4,650e4b5e-f1a2-4a67-a1ce-067c053d5a63,d47cdd1e-551e-4606-b9ee-f47a17a7f323,f,540af1ec-e2a8-442e-a037-25368a88d89e,REVERSAL|LEDGER|540af1ec-e2a8-442e-a037-25368a88d89e,Reversal of ledger entry 540af1ec-e2a8-442e-a037-25368a88d89e,3b703dae-2955-40a1-affa-f94478da505f,2026-07-28 14:16:27.160454
55b23cba-1232-4331-8228-7bed9b79520b,598a895e-5a20-48cc-95bd-a52fe5d4bb65,263bf877-86e4-4b8b-8ac5-5126bfb91fea,AGREEMENT,263bf877-86e4-4b8b-8ac5-5126bfb91fea,DEBIT,5000.00,TRY,2026-02,OFF_INVOICE,NKA,b39ade6a-ea33-413f-95a0-281c859f32fd,084d33dc-daa7-4544-9155-bfc9e2fc2cd4,650e4b5e-f1a2-4a67-a1ce-067c053d5a63,d47cdd1e-551e-4606-b9ee-f47a17a7f323,f,,LEDGER|AGREEMENT|263bf877-86e4-4b8b-8ac5-5126bfb91fea|86834a61-9bcb-4c00-926f-4026fa052074,,3b703dae-2955-40a1-affa-f94478da505f,2026-07-28 14:17:59.356453
2b06cb98-53e9-424c-83c8-73c0b7380734,598a895e-5a20-48cc-95bd-a52fe5d4bb65,a06d80e8-e941-4c87-a3ab-74c405423331,AGREEMENT,a06d80e8-e941-4c87-a3ab-74c405423331,DEBIT,3000.00,TRY,2026-02,OFF_INVOICE,NKA,b39ade6a-ea33-413f-95a0-281c859f32fd,084d33dc-daa7-4544-9155-bfc9e2fc2cd4,650e4b5e-f1a2-4a67-a1ce-067c053d5a63,d47cdd1e-551e-4606-b9ee-f47a17a7f323,t,,LEDGER|AGREEMENT|a06d80e8-e941-4c87-a3ab-74c405423331|085400ab-9dfe-4510-b6a6-7f9a1f314201,,3b703dae-2955-40a1-affa-f94478da505f,2026-07-28 14:17:59.46855
d1fe7c4c-930b-401d-9732-f1830687173e,598a895e-5a20-48cc-95bd-a52fe5d4bb65,a06d80e8-e941-4c87-a3ab-74c405423331,AGREEMENT,a06d80e8-e941-4c87-a3ab-74c405423331,CREDIT,3000.00,TRY,2026-02,OFF_INVOICE,NKA,b39ade6a-ea33-413f-95a0-281c859f32fd,084d33dc-daa7-4544-9155-bfc9e2fc2cd4,650e4b5e-f1a2-4a67-a1ce-067c053d5a63,d47cdd1e-551e-4606-b9ee-f47a17a7f323,f,2b06cb98-53e9-424c-83c8-73c0b7380734,REVERSAL|LEDGER|2b06cb98-53e9-424c-83c8-73c0b7380734,Reversal of ledger entry 2b06cb98-53e9-424c-83c8-73c0b7380734,3b703dae-2955-40a1-affa-f94478da505f,2026-07-28 14:17:59.481675
4b012fda-95ba-4714-bbb0-7ec2e1ddbf8f,598a895e-5a20-48cc-95bd-a52fe5d4bb65,93ea1d7b-54b0-4482-b8db-e901854b7445,AGREEMENT,93ea1d7b-54b0-4482-b8db-e901854b7445,DEBIT,12000.00,TRY,2026-02,OFF_INVOICE,NKA,b39ade6a-ea33-413f-95a0-281c859f32fd,084d33dc-daa7-4544-9155-bfc9e2fc2cd4,650e4b5e-f1a2-4a67-a1ce-067c053d5a63,d47cdd1e-551e-4606-b9ee-f47a17a7f323,f,,LEDGER|AGREEMENT|93ea1d7b-54b0-4482-b8db-e901854b7445|96969f2e-61d7-4f86-92fc-986f2eec6fa6,,3b703dae-2955-40a1-affa-f94478da505f,2026-07-28 14:18:00.97168
c3c8a2fb-73b2-4238-b41c-0e51350fadee,598a895e-5a20-48cc-95bd-a52fe5d4bb65,b54b32f7-4eae-411a-bd5e-04fd69c46be3,AGREEMENT,b54b32f7-4eae-411a-bd5e-04fd69c46be3,DEBIT,4000.00,TRY,2026-02,OFF_INVOICE,NKA,b39ade6a-ea33-413f-95a0-281c859f32fd,084d33dc-daa7-4544-9155-bfc9e2fc2cd4,650e4b5e-f1a2-4a67-a1ce-067c053d5a63,d47cdd1e-551e-4606-b9ee-f47a17a7f323,t,,LEDGER|AGREEMENT|b54b32f7-4eae-411a-bd5e-04fd69c46be3|3db17c54-2f8c-43b8-9e4c-7feb10f12e34,,3b703dae-2955-40a1-affa-f94478da505f,2026-07-28 14:18:01.313468
7834c9a1-1be6-494c-83c3-6dbdc2f564eb,598a895e-5a20-48cc-95bd-a52fe5d4bb65,b54b32f7-4eae-411a-bd5e-04fd69c46be3,AGREEMENT,b54b32f7-4eae-411a-bd5e-04fd69c46be3,CREDIT,4000.00,TRY,2026-02,OFF_INVOICE,NKA,b39ade6a-ea33-413f-95a0-281c859f32fd,084d33dc-daa7-4544-9155-bfc9e2fc2cd4,650e4b5e-f1a2-4a67-a1ce-067c053d5a63,d47cdd1e-551e-4606-b9ee-f47a17a7f323,f,c3c8a2fb-73b2-4238-b41c-0e51350fadee,REVERSAL|LEDGER|c3c8a2fb-73b2-4238-b41c-0e51350fadee,Reversal of ledger entry c3c8a2fb-73b2-4238-b41c-0e51350fadee,3b703dae-2955-40a1-affa-f94478da505f,2026-07-28 14:18:01.318075
10c6e11a-5db2-480d-8ee8-775a5ee91ef7,598a895e-5a20-48cc-95bd-a52fe5d4bb65,ca635406-b1ed-44d9-ba8c-09d92f00c423,AGREEMENT,ca635406-b1ed-44d9-ba8c-09d92f00c423,DEBIT,5000.00,TRY,2026-02,OFF_INVOICE,NKA,b39ade6a-ea33-413f-95a0-281c859f32fd,084d33dc-daa7-4544-9155-bfc9e2fc2cd4,650e4b5e-f1a2-4a67-a1ce-067c053d5a63,d47cdd1e-551e-4606-b9ee-f47a17a7f323,t,,LEDGER|AGREEMENT|ca635406-b1ed-44d9-ba8c-09d92f00c423|a0fe29b0-e0ec-491d-bd96-2fd1299339f0,,3b703dae-2955-40a1-affa-f94478da505f,2026-07-28 14:18:03.490504
15a8e87d-badc-41a9-8332-480be8bcae16,598a895e-5a20-48cc-95bd-a52fe5d4bb65,ca635406-b1ed-44d9-ba8c-09d92f00c423,AGREEMENT,ca635406-b1ed-44d9-ba8c-09d92f00c423,CREDIT,5000.00,TRY,2026-02,OFF_INVOICE,NKA,b39ade6a-ea33-413f-95a0-281c859f32fd,084d33dc-daa7-4544-9155-bfc9e2fc2cd4,650e4b5e-f1a2-4a67-a1ce-067c053d5a63,d47cdd1e-551e-4606-b9ee-f47a17a7f323,f,10c6e11a-5db2-480d-8ee8-775a5ee91ef7,REVERSAL|LEDGER|10c6e11a-5db2-480d-8ee8-775a5ee91ef7,Reversal of ledger entry 10c6e11a-5db2-480d-8ee8-775a5ee91ef7,3b703dae-2955-40a1-affa-f94478da505f,2026-07-28 14:18:03.494735
8c645dd7-62d4-47f6-a427-e5a0498adc30,598a895e-5a20-48cc-95bd-a52fe5d4bb65,ca635406-b1ed-44d9-ba8c-09d92f00c423,AGREEMENT,ca635406-b1ed-44d9-ba8c-09d92f00c423,DEBIT,5000.00,TRY,2026-02,OFF_INVOICE,NKA,b39ade6a-ea33-413f-95a0-281c859f32fd,084d33dc-daa7-4544-9155-bfc9e2fc2cd4,650e4b5e-f1a2-4a67-a1ce-067c053d5a63,d47cdd1e-551e-4606-b9ee-f47a17a7f323,t,,LEDGER|AGREEMENT|ca635406-b1ed-44d9-ba8c-09d92f00c423|cde64494-f87a-4a2a-9764-2ae2d87232db,,3b703dae-2955-40a1-affa-f94478da505f,2026-07-28 14:18:03.594981
6c41e811-4064-4f0e-9b77-03be17a383ec,598a895e-5a20-48cc-95bd-a52fe5d4bb65,ca635406-b1ed-44d9-ba8c-09d92f00c423,AGREEMENT,ca635406-b1ed-44d9-ba8c-09d92f00c423,CREDIT,5000.00,TRY,2026-02,OFF_INVOICE,NKA,b39ade6a-ea33-413f-95a0-281c859f32fd,084d33dc-daa7-4544-9155-bfc9e2fc2cd4,650e4b5e-f1a2-4a67-a1ce-067c053d5a63,d47cdd1e-551e-4606-b9ee-f47a17a7f323,f,8c645dd7-62d4-47f6-a427-e5a0498adc30,REVERSAL|LEDGER|8c645dd7-62d4-47f6-a427-e5a0498adc30,Reversal of ledger entry 8c645dd7-62d4-47f6-a427-e5a0498adc30,0e23990b-31a0-4ac2-be89-a46ebc8200d4,2026-07-28 14:18:03.598676
190fd9ec-1272-41b2-aaf3-4a816e455754,598a895e-5a20-48cc-95bd-a52fe5d4bb65,ca635406-b1ed-44d9-ba8c-09d92f00c423,AGREEMENT,ca635406-b1ed-44d9-ba8c-09d92f00c423,DEBIT,5000.00,TRY,2026-02,OFF_INVOICE,NKA,b39ade6a-ea33-413f-95a0-281c859f32fd,084d33dc-daa7-4544-9155-bfc9e2fc2cd4,650e4b5e-f1a2-4a67-a1ce-067c053d5a63,d47cdd1e-551e-4606-b9ee-f47a17a7f323,t,,LEDGER|AGREEMENT|ca635406-b1ed-44d9-ba8c-09d92f00c423|ff764d18-9afc-4a28-8c0c-81788fa02a44,,3b703dae-2955-40a1-affa-f94478da505f,2026-07-28 14:18:03.620408
eae85091-5c81-4cd2-87a4-05023eb31c28,598a895e-5a20-48cc-95bd-a52fe5d4bb65,ca635406-b1ed-44d9-ba8c-09d92f00c423,AGREEMENT,ca635406-b1ed-44d9-ba8c-09d92f00c423,CREDIT,5000.00,TRY,2026-02,OFF_INVOICE,NKA,b39ade6a-ea33-413f-95a0-281c859f32fd,084d33dc-daa7-4544-9155-bfc9e2fc2cd4,650e4b5e-f1a2-4a67-a1ce-067c053d5a63,d47cdd1e-551e-4606-b9ee-f47a17a7f323,f,190fd9ec-1272-41b2-aaf3-4a816e455754,REVERSAL|LEDGER|190fd9ec-1272-41b2-aaf3-4a816e455754,Reversal of ledger entry 190fd9ec-1272-41b2-aaf3-4a816e455754,3b703dae-2955-40a1-affa-f94478da505f,2026-07-28 14:18:03.622888
82d0c451-79e7-4676-a0c5-000b35b91135,598a895e-5a20-48cc-95bd-a52fe5d4bb65,ca635406-b1ed-44d9-ba8c-09d92f00c423,AGREEMENT,ca635406-b1ed-44d9-ba8c-09d92f00c423,DEBIT,5000.00,TRY,2026-02,OFF_INVOICE,NKA,b39ade6a-ea33-413f-95a0-281c859f32fd,084d33dc-daa7-4544-9155-bfc9e2fc2cd4,650e4b5e-f1a2-4a67-a1ce-067c053d5a63,d47cdd1e-551e-4606-b9ee-f47a17a7f323,t,,LEDGER|AGREEMENT|ca635406-b1ed-44d9-ba8c-09d92f00c423|91cc50b9-73de-4e13-9ec4-4401de947346,,3b703dae-2955-40a1-affa-f94478da505f,2026-07-28 14:18:03.651483
f2b92c09-1998-4b87-943a-2c0007c10d46,598a895e-5a20-48cc-95bd-a52fe5d4bb65,ca635406-b1ed-44d9-ba8c-09d92f00c423,AGREEMENT,ca635406-b1ed-44d9-ba8c-09d92f00c423,CREDIT,5000.00,TRY,2026-02,OFF_INVOICE,NKA,b39ade6a-ea33-413f-95a0-281c859f32fd,084d33dc-daa7-4544-9155-bfc9e2fc2cd4,650e4b5e-f1a2-4a67-a1ce-067c053d5a63,d47cdd1e-551e-4606-b9ee-f47a17a7f323,f,82d0c451-79e7-4676-a0c5-000b35b91135,REVERSAL|LEDGER|82d0c451-79e7-4676-a0c5-000b35b91135,Reversal of ledger entry 82d0c451-79e7-4676-a0c5-000b35b91135,3b703dae-2955-40a1-affa-f94478da505f,2026-07-28 14:18:03.656937
3d00c515-3a47-41e0-b7e1-bbf9fdf2d513,598a895e-5a20-48cc-95bd-a52fe5d4bb65,c9131e91-9291-462a-a072-5f2005522ade,AGREEMENT,c9131e91-9291-462a-a072-5f2005522ade,DEBIT,5000.00,TRY,2026-02,OFF_INVOICE,NKA,b39ade6a-ea33-413f-95a0-281c859f32fd,084d33dc-daa7-4544-9155-bfc9e2fc2cd4,650e4b5e-f1a2-4a67-a1ce-067c053d5a63,d47cdd1e-551e-4606-b9ee-f47a17a7f323,f,,LEDGER|AGREEMENT|c9131e91-9291-462a-a072-5f2005522ade|cd461f58-12ed-4d81-855f-5b0778f1049a,,3b703dae-2955-40a1-affa-f94478da505f,2026-07-29 06:51:32.431733
1067011f-f12a-495b-a4fb-a9c6b27351c1,598a895e-5a20-48cc-95bd-a52fe5d4bb65,d1a083b4-c421-4d99-8dd2-41cdb8bdc169,AGREEMENT,d1a083b4-c421-4d99-8dd2-41cdb8bdc169,DEBIT,3000.00,TRY,2026-02,OFF_INVOICE,NKA,b39ade6a-ea33-413f-95a0-281c859f32fd,084d33dc-daa7-4544-9155-bfc9e2fc2cd4,650e4b5e-f1a2-4a67-a1ce-067c053d5a63,d47cdd1e-551e-4606-b9ee-f47a17a7f323,t,,LEDGER|AGREEMENT|d1a083b4-c421-4d99-8dd2-41cdb8bdc169|2041a083-d3f8-4285-b138-0d662abb15e6,,3b703dae-2955-40a1-affa-f94478da505f,2026-07-29 06:51:32.5359
27ea032f-5973-4efd-9b4b-a88243ed6f45,598a895e-5a20-48cc-95bd-a52fe5d4bb65,d1a083b4-c421-4d99-8dd2-41cdb8bdc169,AGREEMENT,d1a083b4-c421-4d99-8dd2-41cdb8bdc169,CREDIT,3000.00,TRY,2026-02,OFF_INVOICE,NKA,b39ade6a-ea33-413f-95a0-281c859f32fd,084d33dc-daa7-4544-9155-bfc9e2fc2cd4,650e4b5e-f1a2-4a67-a1ce-067c053d5a63,d47cdd1e-551e-4606-b9ee-f47a17a7f323,f,1067011f-f12a-495b-a4fb-a9c6b27351c1,REVERSAL|LEDGER|1067011f-f12a-495b-a4fb-a9c6b27351c1,Reversal of ledger entry 1067011f-f12a-495b-a4fb-a9c6b27351c1,3b703dae-2955-40a1-affa-f94478da505f,2026-07-29 06:51:32.542689
252cd25f-2b7b-4ecb-a940-2b0cdb61c643,598a895e-5a20-48cc-95bd-a52fe5d4bb65,222a2a81-1ffa-4ff5-a31e-69574362d56c,AGREEMENT,222a2a81-1ffa-4ff5-a31e-69574362d56c,DEBIT,12000.00,TRY,2026-02,OFF_INVOICE,NKA,b39ade6a-ea33-413f-95a0-281c859f32fd,084d33dc-daa7-4544-9155-bfc9e2fc2cd4,650e4b5e-f1a2-4a67-a1ce-067c053d5a63,d47cdd1e-551e-4606-b9ee-f47a17a7f323,f,,LEDGER|AGREEMENT|222a2a81-1ffa-4ff5-a31e-69574362d56c|3867f718-2b27-479c-9cc7-a6a5645d0909,,3b703dae-2955-40a1-affa-f94478da505f,2026-07-29 06:51:34.408931
3d95a73d-1bd4-4ba5-be98-fdfdd5cb58ab,598a895e-5a20-48cc-95bd-a52fe5d4bb65,a7a4a43c-c6f9-421c-81b1-fb60d50d330e,AGREEMENT,a7a4a43c-c6f9-421c-81b1-fb60d50d330e,DEBIT,4000.00,TRY,2026-02,OFF_INVOICE,NKA,b39ade6a-ea33-413f-95a0-281c859f32fd,084d33dc-daa7-4544-9155-bfc9e2fc2cd4,650e4b5e-f1a2-4a67-a1ce-067c053d5a63,d47cdd1e-551e-4606-b9ee-f47a17a7f323,t,,LEDGER|AGREEMENT|a7a4a43c-c6f9-421c-81b1-fb60d50d330e|7898f0bc-94a4-4764-9cf2-1e1d897d7303,,3b703dae-2955-40a1-affa-f94478da505f,2026-07-29 06:51:34.660392
9e555f78-c1cb-453f-9a5d-9479aedf8c0e,598a895e-5a20-48cc-95bd-a52fe5d4bb65,a7a4a43c-c6f9-421c-81b1-fb60d50d330e,AGREEMENT,a7a4a43c-c6f9-421c-81b1-fb60d50d330e,CREDIT,4000.00,TRY,2026-02,OFF_INVOICE,NKA,b39ade6a-ea33-413f-95a0-281c859f32fd,084d33dc-daa7-4544-9155-bfc9e2fc2cd4,650e4b5e-f1a2-4a67-a1ce-067c053d5a63,d47cdd1e-551e-4606-b9ee-f47a17a7f323,f,3d95a73d-1bd4-4ba5-be98-fdfdd5cb58ab,REVERSAL|LEDGER|3d95a73d-1bd4-4ba5-be98-fdfdd5cb58ab,Reversal of ledger entry 3d95a73d-1bd4-4ba5-be98-fdfdd5cb58ab,3b703dae-2955-40a1-affa-f94478da505f,2026-07-29 06:51:34.666347
d2dcc8dd-2409-4b06-b973-5d5836feb0a0,598a895e-5a20-48cc-95bd-a52fe5d4bb65,ca635406-b1ed-44d9-ba8c-09d92f00c423,AGREEMENT,ca635406-b1ed-44d9-ba8c-09d92f00c423,DEBIT,5000.00,TRY,2026-02,OFF_INVOICE,NKA,b39ade6a-ea33-413f-95a0-281c859f32fd,084d33dc-daa7-4544-9155-bfc9e2fc2cd4,650e4b5e-f1a2-4a67-a1ce-067c053d5a63,d47cdd1e-551e-4606-b9ee-f47a17a7f323,t,,LEDGER|AGREEMENT|ca635406-b1ed-44d9-ba8c-09d92f00c423|bc9a370c-b348-4522-94c7-c23e076a161c,,3b703dae-2955-40a1-affa-f94478da505f,2026-07-29 06:51:36.933601
5bf32e31-cbe9-47d0-8da8-06732c078ecb,598a895e-5a20-48cc-95bd-a52fe5d4bb65,ca635406-b1ed-44d9-ba8c-09d92f00c423,AGREEMENT,ca635406-b1ed-44d9-ba8c-09d92f00c423,CREDIT,5000.00,TRY,2026-02,OFF_INVOICE,NKA,b39ade6a-ea33-413f-95a0-281c859f32fd,084d33dc-daa7-4544-9155-bfc9e2fc2cd4,650e4b5e-f1a2-4a67-a1ce-067c053d5a63,d47cdd1e-551e-4606-b9ee-f47a17a7f323,f,d2dcc8dd-2409-4b06-b973-5d5836feb0a0,REVERSAL|LEDGER|d2dcc8dd-2409-4b06-b973-5d5836feb0a0,Reversal of ledger entry d2dcc8dd-2409-4b06-b973-5d5836feb0a0,3b703dae-2955-40a1-affa-f94478da505f,2026-07-29 06:51:36.940023
f4e47fa4-679e-4aa5-b140-75999ac598bc,598a895e-5a20-48cc-95bd-a52fe5d4bb65,ca635406-b1ed-44d9-ba8c-09d92f00c423,AGREEMENT,ca635406-b1ed-44d9-ba8c-09d92f00c423,DEBIT,5000.00,TRY,2026-02,OFF_INVOICE,NKA,b39ade6a-ea33-413f-95a0-281c859f32fd,084d33dc-daa7-4544-9155-bfc9e2fc2cd4,650e4b5e-f1a2-4a67-a1ce-067c053d5a63,d47cdd1e-551e-4606-b9ee-f47a17a7f323,t,,LEDGER|AGREEMENT|ca635406-b1ed-44d9-ba8c-09d92f00c423|ac7ce6a2-70ac-470b-abb7-a9960314b97a,,3b703dae-2955-40a1-affa-f94478da505f,2026-07-29 06:51:37.042527
2b959fd3-051d-40ea-98bf-56cc7866873d,598a895e-5a20-48cc-95bd-a52fe5d4bb65,ca635406-b1ed-44d9-ba8c-09d92f00c423,AGREEMENT,ca635406-b1ed-44d9-ba8c-09d92f00c423,CREDIT,5000.00,TRY,2026-02,OFF_INVOICE,NKA,b39ade6a-ea33-413f-95a0-281c859f32fd,084d33dc-daa7-4544-9155-bfc9e2fc2cd4,650e4b5e-f1a2-4a67-a1ce-067c053d5a63,d47cdd1e-551e-4606-b9ee-f47a17a7f323,f,f4e47fa4-679e-4aa5-b140-75999ac598bc,REVERSAL|LEDGER|f4e47fa4-679e-4aa5-b140-75999ac598bc,Reversal of ledger entry f4e47fa4-679e-4aa5-b140-75999ac598bc,0e23990b-31a0-4ac2-be89-a46ebc8200d4,2026-07-29 06:51:37.047251
5c79ecd6-1204-4a73-b0b1-5f5a434bf680,598a895e-5a20-48cc-95bd-a52fe5d4bb65,ca635406-b1ed-44d9-ba8c-09d92f00c423,AGREEMENT,ca635406-b1ed-44d9-ba8c-09d92f00c423,DEBIT,5000.00,TRY,2026-02,OFF_INVOICE,NKA,b39ade6a-ea33-413f-95a0-281c859f32fd,084d33dc-daa7-4544-9155-bfc9e2fc2cd4,650e4b5e-f1a2-4a67-a1ce-067c053d5a63,d47cdd1e-551e-4606-b9ee-f47a17a7f323,t,,LEDGER|AGREEMENT|ca635406-b1ed-44d9-ba8c-09d92f00c423|71a1c0e3-4e3f-4d5c-b932-3fc1836a5c04,,3b703dae-2955-40a1-affa-f94478da505f,2026-07-29 06:51:37.071028
f7a6ee4c-d4f2-400c-9de0-76f6e0439496,598a895e-5a20-48cc-95bd-a52fe5d4bb65,ca635406-b1ed-44d9-ba8c-09d92f00c423,AGREEMENT,ca635406-b1ed-44d9-ba8c-09d92f00c423,CREDIT,5000.00,TRY,2026-02,OFF_INVOICE,NKA,b39ade6a-ea33-413f-95a0-281c859f32fd,084d33dc-daa7-4544-9155-bfc9e2fc2cd4,650e4b5e-f1a2-4a67-a1ce-067c053d5a63,d47cdd1e-551e-4606-b9ee-f47a17a7f323,f,5c79ecd6-1204-4a73-b0b1-5f5a434bf680,REVERSAL|LEDGER|5c79ecd6-1204-4a73-b0b1-5f5a434bf680,Reversal of ledger entry 5c79ecd6-1204-4a73-b0b1-5f5a434bf680,3b703dae-2955-40a1-affa-f94478da505f,2026-07-29 06:51:37.074042
7688db7e-9873-4397-982b-09c79c504e0f,598a895e-5a20-48cc-95bd-a52fe5d4bb65,ca635406-b1ed-44d9-ba8c-09d92f00c423,AGREEMENT,ca635406-b1ed-44d9-ba8c-09d92f00c423,DEBIT,5000.00,TRY,2026-02,OFF_INVOICE,NKA,b39ade6a-ea33-413f-95a0-281c859f32fd,084d33dc-daa7-4544-9155-bfc9e2fc2cd4,650e4b5e-f1a2-4a67-a1ce-067c053d5a63,d47cdd1e-551e-4606-b9ee-f47a17a7f323,t,,LEDGER|AGREEMENT|ca635406-b1ed-44d9-ba8c-09d92f00c423|0f18a2fc-c8b7-4c16-8c4e-a7b8323b89e5,,3b703dae-2955-40a1-affa-f94478da505f,2026-07-29 06:51:37.098285
05a1d333-bf93-4e7f-a028-08bfa339d62e,598a895e-5a20-48cc-95bd-a52fe5d4bb65,ca635406-b1ed-44d9-ba8c-09d92f00c423,AGREEMENT,ca635406-b1ed-44d9-ba8c-09d92f00c423,CREDIT,5000.00,TRY,2026-02,OFF_INVOICE,NKA,b39ade6a-ea33-413f-95a0-281c859f32fd,084d33dc-daa7-4544-9155-bfc9e2fc2cd4,650e4b5e-f1a2-4a67-a1ce-067c053d5a63,d47cdd1e-551e-4606-b9ee-f47a17a7f323,f,7688db7e-9873-4397-982b-09c79c504e0f,REVERSAL|LEDGER|7688db7e-9873-4397-982b-09c79c504e0f,Reversal of ledger entry 7688db7e-9873-4397-982b-09c79c504e0f,3b703dae-2955-40a1-affa-f94478da505f,2026-07-29 06:51:37.104482
a4eef88a-11c4-4e8f-8c8f-c3e8b26c4c0c,598a895e-5a20-48cc-95bd-a52fe5d4bb65,328f484c-716f-4793-9084-1cca96679431,AGREEMENT,328f484c-716f-4793-9084-1cca96679431,DEBIT,5000.00,TRY,2026-02,OFF_INVOICE,NKA,b39ade6a-ea33-413f-95a0-281c859f32fd,084d33dc-daa7-4544-9155-bfc9e2fc2cd4,650e4b5e-f1a2-4a67-a1ce-067c053d5a63,d47cdd1e-551e-4606-b9ee-f47a17a7f323,f,,LEDGER|AGREEMENT|328f484c-716f-4793-9084-1cca96679431|e3cd0fbb-5977-4380-999f-9ce871727031,,3b703dae-2955-40a1-affa-f94478da505f,2026-07-29 06:52:49.338585
347b90e3-d048-41a5-bd3d-6f52d703212c,598a895e-5a20-48cc-95bd-a52fe5d4bb65,9b5455b7-ae16-4061-87ba-2b1bc01d6f9f,AGREEMENT,9b5455b7-ae16-4061-87ba-2b1bc01d6f9f,DEBIT,3000.00,TRY,2026-02,OFF_INVOICE,NKA,b39ade6a-ea33-413f-95a0-281c859f32fd,084d33dc-daa7-4544-9155-bfc9e2fc2cd4,650e4b5e-f1a2-4a67-a1ce-067c053d5a63,d47cdd1e-551e-4606-b9ee-f47a17a7f323,t,,LEDGER|AGREEMENT|9b5455b7-ae16-4061-87ba-2b1bc01d6f9f|0cee444f-38da-47f5-9fac-ebaa26ee6d07,,3b703dae-2955-40a1-affa-f94478da505f,2026-07-29 06:52:49.444356
f44651b0-58a8-4fb0-84d7-4d1030808100,598a895e-5a20-48cc-95bd-a52fe5d4bb65,9b5455b7-ae16-4061-87ba-2b1bc01d6f9f,AGREEMENT,9b5455b7-ae16-4061-87ba-2b1bc01d6f9f,CREDIT,3000.00,TRY,2026-02,OFF_INVOICE,NKA,b39ade6a-ea33-413f-95a0-281c859f32fd,084d33dc-daa7-4544-9155-bfc9e2fc2cd4,650e4b5e-f1a2-4a67-a1ce-067c053d5a63,d47cdd1e-551e-4606-b9ee-f47a17a7f323,f,347b90e3-d048-41a5-bd3d-6f52d703212c,REVERSAL|LEDGER|347b90e3-d048-41a5-bd3d-6f52d703212c,Reversal of ledger entry 347b90e3-d048-41a5-bd3d-6f52d703212c,3b703dae-2955-40a1-affa-f94478da505f,2026-07-29 06:52:49.450522
99a7df27-eb82-455f-9e00-cb545bf65756,598a895e-5a20-48cc-95bd-a52fe5d4bb65,691f2e85-27a5-4f36-8a48-0266a92b1eb5,AGREEMENT,691f2e85-27a5-4f36-8a48-0266a92b1eb5,DEBIT,12000.00,TRY,2026-02,OFF_INVOICE,NKA,b39ade6a-ea33-413f-95a0-281c859f32fd,084d33dc-daa7-4544-9155-bfc9e2fc2cd4,650e4b5e-f1a2-4a67-a1ce-067c053d5a63,d47cdd1e-551e-4606-b9ee-f47a17a7f323,f,,LEDGER|AGREEMENT|691f2e85-27a5-4f36-8a48-0266a92b1eb5|42127a86-0aea-4df6-b563-b2f20ca1e79b,,3b703dae-2955-40a1-affa-f94478da505f,2026-07-29 06:52:50.946835
c9126380-94f9-43f1-8e18-41a402c82f19,598a895e-5a20-48cc-95bd-a52fe5d4bb65,2c71ee46-95ce-4a86-bab3-e313b8bca5bc,AGREEMENT,2c71ee46-95ce-4a86-bab3-e313b8bca5bc,DEBIT,4000.00,TRY,2026-02,OFF_INVOICE,NKA,b39ade6a-ea33-413f-95a0-281c859f32fd,084d33dc-daa7-4544-9155-bfc9e2fc2cd4,650e4b5e-f1a2-4a67-a1ce-067c053d5a63,d47cdd1e-551e-4606-b9ee-f47a17a7f323,t,,LEDGER|AGREEMENT|2c71ee46-95ce-4a86-bab3-e313b8bca5bc|d2cd6889-1457-45e4-a57c-57c1f3b3f76f,,3b703dae-2955-40a1-affa-f94478da505f,2026-07-29 06:52:51.260964
c3f55a1a-2f71-45d3-bc69-64a3e116835c,598a895e-5a20-48cc-95bd-a52fe5d4bb65,2c71ee46-95ce-4a86-bab3-e313b8bca5bc,AGREEMENT,2c71ee46-95ce-4a86-bab3-e313b8bca5bc,CREDIT,4000.00,TRY,2026-02,OFF_INVOICE,NKA,b39ade6a-ea33-413f-95a0-281c859f32fd,084d33dc-daa7-4544-9155-bfc9e2fc2cd4,650e4b5e-f1a2-4a67-a1ce-067c053d5a63,d47cdd1e-551e-4606-b9ee-f47a17a7f323,f,c9126380-94f9-43f1-8e18-41a402c82f19,REVERSAL|LEDGER|c9126380-94f9-43f1-8e18-41a402c82f19,Reversal of ledger entry c9126380-94f9-43f1-8e18-41a402c82f19,3b703dae-2955-40a1-affa-f94478da505f,2026-07-29 06:52:51.266099
a98d8d8f-006a-46a1-810a-1d76c4f8f21a,598a895e-5a20-48cc-95bd-a52fe5d4bb65,ca635406-b1ed-44d9-ba8c-09d92f00c423,AGREEMENT,ca635406-b1ed-44d9-ba8c-09d92f00c423,DEBIT,5000.00,TRY,2026-02,OFF_INVOICE,NKA,b39ade6a-ea33-413f-95a0-281c859f32fd,084d33dc-daa7-4544-9155-bfc9e2fc2cd4,650e4b5e-f1a2-4a67-a1ce-067c053d5a63,d47cdd1e-551e-4606-b9ee-f47a17a7f323,t,,LEDGER|AGREEMENT|ca635406-b1ed-44d9-ba8c-09d92f00c423|5eb3f445-9fe8-4176-99f6-0bbe92d3fd09,,3b703dae-2955-40a1-affa-f94478da505f,2026-07-29 06:52:55.574164
79938ad8-96d3-4670-aa93-04b476c365e4,598a895e-5a20-48cc-95bd-a52fe5d4bb65,ca635406-b1ed-44d9-ba8c-09d92f00c423,AGREEMENT,ca635406-b1ed-44d9-ba8c-09d92f00c423,CREDIT,5000.00,TRY,2026-02,OFF_INVOICE,NKA,b39ade6a-ea33-413f-95a0-281c859f32fd,084d33dc-daa7-4544-9155-bfc9e2fc2cd4,650e4b5e-f1a2-4a67-a1ce-067c053d5a63,d47cdd1e-551e-4606-b9ee-f47a17a7f323,f,a98d8d8f-006a-46a1-810a-1d76c4f8f21a,REVERSAL|LEDGER|a98d8d8f-006a-46a1-810a-1d76c4f8f21a,Reversal of ledger entry a98d8d8f-006a-46a1-810a-1d76c4f8f21a,3b703dae-2955-40a1-affa-f94478da505f,2026-07-29 06:52:55.580876
07e9acf6-0b1c-4f2d-8b07-c59a407b1918,598a895e-5a20-48cc-95bd-a52fe5d4bb65,ca635406-b1ed-44d9-ba8c-09d92f00c423,AGREEMENT,ca635406-b1ed-44d9-ba8c-09d92f00c423,DEBIT,5000.00,TRY,2026-02,OFF_INVOICE,NKA,b39ade6a-ea33-413f-95a0-281c859f32fd,084d33dc-daa7-4544-9155-bfc9e2fc2cd4,650e4b5e-f1a2-4a67-a1ce-067c053d5a63,d47cdd1e-551e-4606-b9ee-f47a17a7f323,t,,LEDGER|AGREEMENT|ca635406-b1ed-44d9-ba8c-09d92f00c423|3a042d86-3e38-4578-b729-8fe9e29453e5,,3b703dae-2955-40a1-affa-f94478da505f,2026-07-29 06:52:55.698505
a9779384-fe7d-4b96-a3b7-0feeb9ec7b87,598a895e-5a20-48cc-95bd-a52fe5d4bb65,ca635406-b1ed-44d9-ba8c-09d92f00c423,AGREEMENT,ca635406-b1ed-44d9-ba8c-09d92f00c423,CREDIT,5000.00,TRY,2026-02,OFF_INVOICE,NKA,b39ade6a-ea33-413f-95a0-281c859f32fd,084d33dc-daa7-4544-9155-bfc9e2fc2cd4,650e4b5e-f1a2-4a67-a1ce-067c053d5a63,d47cdd1e-551e-4606-b9ee-f47a17a7f323,f,07e9acf6-0b1c-4f2d-8b07-c59a407b1918,REVERSAL|LEDGER|07e9acf6-0b1c-4f2d-8b07-c59a407b1918,Reversal of ledger entry 07e9acf6-0b1c-4f2d-8b07-c59a407b1918,0e23990b-31a0-4ac2-be89-a46ebc8200d4,2026-07-29 06:52:55.703044
bd73cb16-706e-448e-949a-f1d282afce42,598a895e-5a20-48cc-95bd-a52fe5d4bb65,ca635406-b1ed-44d9-ba8c-09d92f00c423,AGREEMENT,ca635406-b1ed-44d9-ba8c-09d92f00c423,DEBIT,5000.00,TRY,2026-02,OFF_INVOICE,NKA,b39ade6a-ea33-413f-95a0-281c859f32fd,084d33dc-daa7-4544-9155-bfc9e2fc2cd4,650e4b5e-f1a2-4a67-a1ce-067c053d5a63,d47cdd1e-551e-4606-b9ee-f47a17a7f323,t,,LEDGER|AGREEMENT|ca635406-b1ed-44d9-ba8c-09d92f00c423|cbcf7126-d6c1-4450-b765-e31a7da270e0,,3b703dae-2955-40a1-affa-f94478da505f,2026-07-29 06:52:55.748685
fd850ef3-539d-42a2-8cef-730bc6f66b63,598a895e-5a20-48cc-95bd-a52fe5d4bb65,ca635406-b1ed-44d9-ba8c-09d92f00c423,AGREEMENT,ca635406-b1ed-44d9-ba8c-09d92f00c423,CREDIT,5000.00,TRY,2026-02,OFF_INVOICE,NKA,b39ade6a-ea33-413f-95a0-281c859f32fd,084d33dc-daa7-4544-9155-bfc9e2fc2cd4,650e4b5e-f1a2-4a67-a1ce-067c053d5a63,d47cdd1e-551e-4606-b9ee-f47a17a7f323,f,bd73cb16-706e-448e-949a-f1d282afce42,REVERSAL|LEDGER|bd73cb16-706e-448e-949a-f1d282afce42,Reversal of ledger entry bd73cb16-706e-448e-949a-f1d282afce42,3b703dae-2955-40a1-affa-f94478da505f,2026-07-29 06:52:55.752271
0de47871-a2ff-4bd3-8111-51451e0eea0c,598a895e-5a20-48cc-95bd-a52fe5d4bb65,ca635406-b1ed-44d9-ba8c-09d92f00c423,AGREEMENT,ca635406-b1ed-44d9-ba8c-09d92f00c423,DEBIT,5000.00,TRY,2026-02,OFF_INVOICE,NKA,b39ade6a-ea33-413f-95a0-281c859f32fd,084d33dc-daa7-4544-9155-bfc9e2fc2cd4,650e4b5e-f1a2-4a67-a1ce-067c053d5a63,d47cdd1e-551e-4606-b9ee-f47a17a7f323,t,,LEDGER|AGREEMENT|ca635406-b1ed-44d9-ba8c-09d92f00c423|e30e9f35-da0d-4a22-a973-75832c81184a,,3b703dae-2955-40a1-affa-f94478da505f,2026-07-29 06:52:55.782924
e6d29553-f2b0-4fba-ab27-34bbb6e43cbf,598a895e-5a20-48cc-95bd-a52fe5d4bb65,ca635406-b1ed-44d9-ba8c-09d92f00c423,AGREEMENT,ca635406-b1ed-44d9-ba8c-09d92f00c423,CREDIT,5000.00,TRY,2026-02,OFF_INVOICE,NKA,b39ade6a-ea33-413f-95a0-281c859f32fd,084d33dc-daa7-4544-9155-bfc9e2fc2cd4,650e4b5e-f1a2-4a67-a1ce-067c053d5a63,d47cdd1e-551e-4606-b9ee-f47a17a7f323,f,0de47871-a2ff-4bd3-8111-51451e0eea0c,REVERSAL|LEDGER|0de47871-a2ff-4bd3-8111-51451e0eea0c,Reversal of ledger entry 0de47871-a2ff-4bd3-8111-51451e0eea0c,3b703dae-2955-40a1-affa-f94478da505f,2026-07-29 06:52:55.787848
9e5a7d6b-85b5-44e9-a1a2-4ce007e16650,598a895e-5a20-48cc-95bd-a52fe5d4bb65,708a9913-b19c-4053-89b6-30c07ac688a9,AGREEMENT,708a9913-b19c-4053-89b6-30c07ac688a9,DEBIT,5000.00,TRY,2026-02,OFF_INVOICE,NKA,b39ade6a-ea33-413f-95a0-281c859f32fd,084d33dc-daa7-4544-9155-bfc9e2fc2cd4,650e4b5e-f1a2-4a67-a1ce-067c053d5a63,d47cdd1e-551e-4606-b9ee-f47a17a7f323,f,,LEDGER|AGREEMENT|708a9913-b19c-4053-89b6-30c07ac688a9|787a64c6-7552-4629-987b-c57df2729704,,3b703dae-2955-40a1-affa-f94478da505f,2026-07-29 07:00:21.192161
38b47124-87e3-416f-b493-10a5eb77d6cf,598a895e-5a20-48cc-95bd-a52fe5d4bb65,39419195-a53c-4b45-9d3f-d533accaface,AGREEMENT,39419195-a53c-4b45-9d3f-d533accaface,DEBIT,3000.00,TRY,2026-02,OFF_INVOICE,NKA,b39ade6a-ea33-413f-95a0-281c859f32fd,084d33dc-daa7-4544-9155-bfc9e2fc2cd4,650e4b5e-f1a2-4a67-a1ce-067c053d5a63,d47cdd1e-551e-4606-b9ee-f47a17a7f323,t,,LEDGER|AGREEMENT|39419195-a53c-4b45-9d3f-d533accaface|17771ffd-2a45-46ed-a9da-d9d0a13ea976,,3b703dae-2955-40a1-affa-f94478da505f,2026-07-29 07:00:21.275222
b2562733-3828-471f-b0c7-68d6fd91b389,598a895e-5a20-48cc-95bd-a52fe5d4bb65,39419195-a53c-4b45-9d3f-d533accaface,AGREEMENT,39419195-a53c-4b45-9d3f-d533accaface,CREDIT,3000.00,TRY,2026-02,OFF_INVOICE,NKA,b39ade6a-ea33-413f-95a0-281c859f32fd,084d33dc-daa7-4544-9155-bfc9e2fc2cd4,650e4b5e-f1a2-4a67-a1ce-067c053d5a63,d47cdd1e-551e-4606-b9ee-f47a17a7f323,f,38b47124-87e3-416f-b493-10a5eb77d6cf,REVERSAL|LEDGER|38b47124-87e3-416f-b493-10a5eb77d6cf,Reversal of ledger entry 38b47124-87e3-416f-b493-10a5eb77d6cf,3b703dae-2955-40a1-affa-f94478da505f,2026-07-29 07:00:21.281856
1dab7cb3-df17-40c0-a73d-6c58e349ff9c,598a895e-5a20-48cc-95bd-a52fe5d4bb65,02161fcc-badc-414a-8de4-575ad015505d,AGREEMENT,02161fcc-badc-414a-8de4-575ad015505d,DEBIT,12000.00,TRY,2026-02,OFF_INVOICE,NKA,b39ade6a-ea33-413f-95a0-281c859f32fd,084d33dc-daa7-4544-9155-bfc9e2fc2cd4,650e4b5e-f1a2-4a67-a1ce-067c053d5a63,d47cdd1e-551e-4606-b9ee-f47a17a7f323,f,,LEDGER|AGREEMENT|02161fcc-badc-414a-8de4-575ad015505d|172b1cc3-568c-46b3-8d40-98b5d4bcb3f0,,3b703dae-2955-40a1-affa-f94478da505f,2026-07-29 07:00:22.372132
1f2d6186-d852-4565-8271-2fc66f62e3f8,598a895e-5a20-48cc-95bd-a52fe5d4bb65,c10d51a6-668c-4a7f-9704-f7b237116c10,AGREEMENT,c10d51a6-668c-4a7f-9704-f7b237116c10,DEBIT,4000.00,TRY,2026-02,OFF_INVOICE,NKA,b39ade6a-ea33-413f-95a0-281c859f32fd,084d33dc-daa7-4544-9155-bfc9e2fc2cd4,650e4b5e-f1a2-4a67-a1ce-067c053d5a63,d47cdd1e-551e-4606-b9ee-f47a17a7f323,t,,LEDGER|AGREEMENT|c10d51a6-668c-4a7f-9704-f7b237116c10|8132d847-5d26-4405-8cfa-e96ffa98de32,,3b703dae-2955-40a1-affa-f94478da505f,2026-07-29 07:00:22.641917
3ccc178a-bf1e-45a4-9dd1-ffde74d9ef76,598a895e-5a20-48cc-95bd-a52fe5d4bb65,c10d51a6-668c-4a7f-9704-f7b237116c10,AGREEMENT,c10d51a6-668c-4a7f-9704-f7b237116c10,CREDIT,4000.00,TRY,2026-02,OFF_INVOICE,NKA,b39ade6a-ea33-413f-95a0-281c859f32fd,084d33dc-daa7-4544-9155-bfc9e2fc2cd4,650e4b5e-f1a2-4a67-a1ce-067c053d5a63,d47cdd1e-551e-4606-b9ee-f47a17a7f323,f,1f2d6186-d852-4565-8271-2fc66f62e3f8,REVERSAL|LEDGER|1f2d6186-d852-4565-8271-2fc66f62e3f8,Reversal of ledger entry 1f2d6186-d852-4565-8271-2fc66f62e3f8,3b703dae-2955-40a1-affa-f94478da505f,2026-07-29 07:00:22.646494
719d6edd-08d1-4bb1-80c1-5991b755730b,598a895e-5a20-48cc-95bd-a52fe5d4bb65,ca635406-b1ed-44d9-ba8c-09d92f00c423,AGREEMENT,ca635406-b1ed-44d9-ba8c-09d92f00c423,DEBIT,5000.00,TRY,2026-02,OFF_INVOICE,NKA,b39ade6a-ea33-413f-95a0-281c859f32fd,084d33dc-daa7-4544-9155-bfc9e2fc2cd4,650e4b5e-f1a2-4a67-a1ce-067c053d5a63,d47cdd1e-551e-4606-b9ee-f47a17a7f323,t,,LEDGER|AGREEMENT|ca635406-b1ed-44d9-ba8c-09d92f00c423|f26b9ec9-bfe7-4881-be4a-058c308400eb,,3b703dae-2955-40a1-affa-f94478da505f,2026-07-29 07:00:25.658785
c8e0b54f-8e27-4bcf-b140-497ab798e0eb,598a895e-5a20-48cc-95bd-a52fe5d4bb65,ca635406-b1ed-44d9-ba8c-09d92f00c423,AGREEMENT,ca635406-b1ed-44d9-ba8c-09d92f00c423,CREDIT,5000.00,TRY,2026-02,OFF_INVOICE,NKA,b39ade6a-ea33-413f-95a0-281c859f32fd,084d33dc-daa7-4544-9155-bfc9e2fc2cd4,650e4b5e-f1a2-4a67-a1ce-067c053d5a63,d47cdd1e-551e-4606-b9ee-f47a17a7f323,f,719d6edd-08d1-4bb1-80c1-5991b755730b,REVERSAL|LEDGER|719d6edd-08d1-4bb1-80c1-5991b755730b,Reversal of ledger entry 719d6edd-08d1-4bb1-80c1-5991b755730b,3b703dae-2955-40a1-affa-f94478da505f,2026-07-29 07:00:25.664061
f2f437a9-3ce1-402c-9826-e41b858445b9,598a895e-5a20-48cc-95bd-a52fe5d4bb65,ca635406-b1ed-44d9-ba8c-09d92f00c423,AGREEMENT,ca635406-b1ed-44d9-ba8c-09d92f00c423,DEBIT,5000.00,TRY,2026-02,OFF_INVOICE,NKA,b39ade6a-ea33-413f-95a0-281c859f32fd,084d33dc-daa7-4544-9155-bfc9e2fc2cd4,650e4b5e-f1a2-4a67-a1ce-067c053d5a63,d47cdd1e-551e-4606-b9ee-f47a17a7f323,t,,LEDGER|AGREEMENT|ca635406-b1ed-44d9-ba8c-09d92f00c423|efdea525-3c2c-405f-a02a-7af00abee92b,,3b703dae-2955-40a1-affa-f94478da505f,2026-07-29 07:00:25.769797
14a03a43-3203-49f4-a8b2-bb9110a723e2,598a895e-5a20-48cc-95bd-a52fe5d4bb65,ca635406-b1ed-44d9-ba8c-09d92f00c423,AGREEMENT,ca635406-b1ed-44d9-ba8c-09d92f00c423,CREDIT,5000.00,TRY,2026-02,OFF_INVOICE,NKA,b39ade6a-ea33-413f-95a0-281c859f32fd,084d33dc-daa7-4544-9155-bfc9e2fc2cd4,650e4b5e-f1a2-4a67-a1ce-067c053d5a63,d47cdd1e-551e-4606-b9ee-f47a17a7f323,f,f2f437a9-3ce1-402c-9826-e41b858445b9,REVERSAL|LEDGER|f2f437a9-3ce1-402c-9826-e41b858445b9,Reversal of ledger entry f2f437a9-3ce1-402c-9826-e41b858445b9,0e23990b-31a0-4ac2-be89-a46ebc8200d4,2026-07-29 07:00:25.774172
ae90cb95-7f6a-44ee-86f8-11009f29a7b5,598a895e-5a20-48cc-95bd-a52fe5d4bb65,ca635406-b1ed-44d9-ba8c-09d92f00c423,AGREEMENT,ca635406-b1ed-44d9-ba8c-09d92f00c423,DEBIT,5000.00,TRY,2026-02,OFF_INVOICE,NKA,b39ade6a-ea33-413f-95a0-281c859f32fd,084d33dc-daa7-4544-9155-bfc9e2fc2cd4,650e4b5e-f1a2-4a67-a1ce-067c053d5a63,d47cdd1e-551e-4606-b9ee-f47a17a7f323,t,,LEDGER|AGREEMENT|ca635406-b1ed-44d9-ba8c-09d92f00c423|dc15784c-b62e-4e59-8573-00055884ca82,,3b703dae-2955-40a1-affa-f94478da505f,2026-07-29 07:00:25.802013
c079afb2-197d-47e6-ac0c-989a6406257c,598a895e-5a20-48cc-95bd-a52fe5d4bb65,ca635406-b1ed-44d9-ba8c-09d92f00c423,AGREEMENT,ca635406-b1ed-44d9-ba8c-09d92f00c423,CREDIT,5000.00,TRY,2026-02,OFF_INVOICE,NKA,b39ade6a-ea33-413f-95a0-281c859f32fd,084d33dc-daa7-4544-9155-bfc9e2fc2cd4,650e4b5e-f1a2-4a67-a1ce-067c053d5a63,d47cdd1e-551e-4606-b9ee-f47a17a7f323,f,ae90cb95-7f6a-44ee-86f8-11009f29a7b5,REVERSAL|LEDGER|ae90cb95-7f6a-44ee-86f8-11009f29a7b5,Reversal of ledger entry ae90cb95-7f6a-44ee-86f8-11009f29a7b5,3b703dae-2955-40a1-affa-f94478da505f,2026-07-29 07:00:25.804871
94bfcebf-c642-4c32-b759-8e2ba7dd9ce6,598a895e-5a20-48cc-95bd-a52fe5d4bb65,ca635406-b1ed-44d9-ba8c-09d92f00c423,AGREEMENT,ca635406-b1ed-44d9-ba8c-09d92f00c423,DEBIT,5000.00,TRY,2026-02,OFF_INVOICE,NKA,b39ade6a-ea33-413f-95a0-281c859f32fd,084d33dc-daa7-4544-9155-bfc9e2fc2cd4,650e4b5e-f1a2-4a67-a1ce-067c053d5a63,d47cdd1e-551e-4606-b9ee-f47a17a7f323,t,,LEDGER|AGREEMENT|ca635406-b1ed-44d9-ba8c-09d92f00c423|ad4a4040-d05b-47d0-87fa-6990a02e1059,,3b703dae-2955-40a1-affa-f94478da505f,2026-07-29 07:00:25.827095
dbe922dc-ade8-4c93-b4c8-0f74ed8988e9,598a895e-5a20-48cc-95bd-a52fe5d4bb65,ca635406-b1ed-44d9-ba8c-09d92f00c423,AGREEMENT,ca635406-b1ed-44d9-ba8c-09d92f00c423,CREDIT,5000.00,TRY,2026-02,OFF_INVOICE,NKA,b39ade6a-ea33-413f-95a0-281c859f32fd,084d33dc-daa7-4544-9155-bfc9e2fc2cd4,650e4b5e-f1a2-4a67-a1ce-067c053d5a63,d47cdd1e-551e-4606-b9ee-f47a17a7f323,f,94bfcebf-c642-4c32-b759-8e2ba7dd9ce6,REVERSAL|LEDGER|94bfcebf-c642-4c32-b759-8e2ba7dd9ce6,Reversal of ledger entry 94bfcebf-c642-4c32-b759-8e2ba7dd9ce6,3b703dae-2955-40a1-affa-f94478da505f,2026-07-29 07:00:25.832001
8ca50d7f-34f5-4def-91f6-dad811136095,598a895e-5a20-48cc-95bd-a52fe5d4bb65,856c88dd-e4f6-4173-8495-fc0a40b18a1f,AGREEMENT,856c88dd-e4f6-4173-8495-fc0a40b18a1f,DEBIT,5000.00,TRY,2026-02,OFF_INVOICE,NKA,b39ade6a-ea33-413f-95a0-281c859f32fd,084d33dc-daa7-4544-9155-bfc9e2fc2cd4,650e4b5e-f1a2-4a67-a1ce-067c053d5a63,d47cdd1e-551e-4606-b9ee-f47a17a7f323,f,,LEDGER|AGREEMENT|856c88dd-e4f6-4173-8495-fc0a40b18a1f|e994da00-85dd-4f26-8223-4303b3dbd3e3,,3b703dae-2955-40a1-affa-f94478da505f,2026-07-29 07:01:42.182144
e275ca8c-693f-412d-a954-cbc47ebb61f9,598a895e-5a20-48cc-95bd-a52fe5d4bb65,1490742a-7102-4ec1-b59c-836a50f3a9bd,AGREEMENT,1490742a-7102-4ec1-b59c-836a50f3a9bd,DEBIT,3000.00,TRY,2026-02,OFF_INVOICE,NKA,b39ade6a-ea33-413f-95a0-281c859f32fd,084d33dc-daa7-4544-9155-bfc9e2fc2cd4,650e4b5e-f1a2-4a67-a1ce-067c053d5a63,d47cdd1e-551e-4606-b9ee-f47a17a7f323,t,,LEDGER|AGREEMENT|1490742a-7102-4ec1-b59c-836a50f3a9bd|ab74d488-ea1f-4952-a285-e3b14c98ed3b,,3b703dae-2955-40a1-affa-f94478da505f,2026-07-29 07:01:42.336978
4286cf29-bcf5-4d1f-9cae-65ae767c382d,598a895e-5a20-48cc-95bd-a52fe5d4bb65,1490742a-7102-4ec1-b59c-836a50f3a9bd,AGREEMENT,1490742a-7102-4ec1-b59c-836a50f3a9bd,CREDIT,3000.00,TRY,2026-02,OFF_INVOICE,NKA,b39ade6a-ea33-413f-95a0-281c859f32fd,084d33dc-daa7-4544-9155-bfc9e2fc2cd4,650e4b5e-f1a2-4a67-a1ce-067c053d5a63,d47cdd1e-551e-4606-b9ee-f47a17a7f323,f,e275ca8c-693f-412d-a954-cbc47ebb61f9,REVERSAL|LEDGER|e275ca8c-693f-412d-a954-cbc47ebb61f9,Reversal of ledger entry e275ca8c-693f-412d-a954-cbc47ebb61f9,3b703dae-2955-40a1-affa-f94478da505f,2026-07-29 07:01:42.359018
4a58aaff-f8f6-4dd3-821a-b3cbbeb02fab,598a895e-5a20-48cc-95bd-a52fe5d4bb65,ca635406-b1ed-44d9-ba8c-09d92f00c423,AGREEMENT,ca635406-b1ed-44d9-ba8c-09d92f00c423,DEBIT,5000.00,TRY,2026-02,OFF_INVOICE,NKA,b39ade6a-ea33-413f-95a0-281c859f32fd,084d33dc-daa7-4544-9155-bfc9e2fc2cd4,650e4b5e-f1a2-4a67-a1ce-067c053d5a63,d47cdd1e-551e-4606-b9ee-f47a17a7f323,t,,LEDGER|AGREEMENT|ca635406-b1ed-44d9-ba8c-09d92f00c423|3c62f4be-d83e-49c9-b535-8c38fe59f369,,3b703dae-2955-40a1-affa-f94478da505f,2026-07-29 07:01:49.193237
70ae4199-7aa3-4426-b719-0f099539c555,598a895e-5a20-48cc-95bd-a52fe5d4bb65,ca635406-b1ed-44d9-ba8c-09d92f00c423,AGREEMENT,ca635406-b1ed-44d9-ba8c-09d92f00c423,CREDIT,5000.00,TRY,2026-02,OFF_INVOICE,NKA,b39ade6a-ea33-413f-95a0-281c859f32fd,084d33dc-daa7-4544-9155-bfc9e2fc2cd4,650e4b5e-f1a2-4a67-a1ce-067c053d5a63,d47cdd1e-551e-4606-b9ee-f47a17a7f323,f,4a58aaff-f8f6-4dd3-821a-b3cbbeb02fab,REVERSAL|LEDGER|4a58aaff-f8f6-4dd3-821a-b3cbbeb02fab,Reversal of ledger entry 4a58aaff-f8f6-4dd3-821a-b3cbbeb02fab,3b703dae-2955-40a1-affa-f94478da505f,2026-07-29 07:01:49.200251
79d50ed0-63bd-447b-a5f0-1a30b665357d,598a895e-5a20-48cc-95bd-a52fe5d4bb65,ca635406-b1ed-44d9-ba8c-09d92f00c423,AGREEMENT,ca635406-b1ed-44d9-ba8c-09d92f00c423,DEBIT,5000.00,TRY,2026-02,OFF_INVOICE,NKA,b39ade6a-ea33-413f-95a0-281c859f32fd,084d33dc-daa7-4544-9155-bfc9e2fc2cd4,650e4b5e-f1a2-4a67-a1ce-067c053d5a63,d47cdd1e-551e-4606-b9ee-f47a17a7f323,t,,LEDGER|AGREEMENT|ca635406-b1ed-44d9-ba8c-09d92f00c423|e77f22ab-685c-418c-a317-fb77000c5022,,3b703dae-2955-40a1-affa-f94478da505f,2026-07-29 07:01:49.358799
81e28847-12bd-497f-86e9-82101f85f77b,598a895e-5a20-48cc-95bd-a52fe5d4bb65,ca635406-b1ed-44d9-ba8c-09d92f00c423,AGREEMENT,ca635406-b1ed-44d9-ba8c-09d92f00c423,CREDIT,5000.00,TRY,2026-02,OFF_INVOICE,NKA,b39ade6a-ea33-413f-95a0-281c859f32fd,084d33dc-daa7-4544-9155-bfc9e2fc2cd4,650e4b5e-f1a2-4a67-a1ce-067c053d5a63,d47cdd1e-551e-4606-b9ee-f47a17a7f323,f,79d50ed0-63bd-447b-a5f0-1a30b665357d,REVERSAL|LEDGER|79d50ed0-63bd-447b-a5f0-1a30b665357d,Reversal of ledger entry 79d50ed0-63bd-447b-a5f0-1a30b665357d,0e23990b-31a0-4ac2-be89-a46ebc8200d4,2026-07-29 07:01:49.367132
4f397013-8b12-4497-bdad-2b874780f293,598a895e-5a20-48cc-95bd-a52fe5d4bb65,ca635406-b1ed-44d9-ba8c-09d92f00c423,AGREEMENT,ca635406-b1ed-44d9-ba8c-09d92f00c423,DEBIT,5000.00,TRY,2026-02,OFF_INVOICE,NKA,b39ade6a-ea33-413f-95a0-281c859f32fd,084d33dc-daa7-4544-9155-bfc9e2fc2cd4,650e4b5e-f1a2-4a67-a1ce-067c053d5a63,d47cdd1e-551e-4606-b9ee-f47a17a7f323,t,,LEDGER|AGREEMENT|ca635406-b1ed-44d9-ba8c-09d92f00c423|58dd54cc-05a8-4a3d-82ec-a3b8f1c44ad6,,3b703dae-2955-40a1-affa-f94478da505f,2026-07-29 07:01:49.395616
059a59eb-4c67-44a5-90d7-29a638717d8b,598a895e-5a20-48cc-95bd-a52fe5d4bb65,ca635406-b1ed-44d9-ba8c-09d92f00c423,AGREEMENT,ca635406-b1ed-44d9-ba8c-09d92f00c423,CREDIT,5000.00,TRY,2026-02,OFF_INVOICE,NKA,b39ade6a-ea33-413f-95a0-281c859f32fd,084d33dc-daa7-4544-9155-bfc9e2fc2cd4,650e4b5e-f1a2-4a67-a1ce-067c053d5a63,d47cdd1e-551e-4606-b9ee-f47a17a7f323,f,4f397013-8b12-4497-bdad-2b874780f293,REVERSAL|LEDGER|4f397013-8b12-4497-bdad-2b874780f293,Reversal of ledger entry 4f397013-8b12-4497-bdad-2b874780f293,3b703dae-2955-40a1-affa-f94478da505f,2026-07-29 07:01:49.409866
598a6ce1-5186-40f4-b822-926c531cdd9e,598a895e-5a20-48cc-95bd-a52fe5d4bb65,ca635406-b1ed-44d9-ba8c-09d92f00c423,AGREEMENT,ca635406-b1ed-44d9-ba8c-09d92f00c423,DEBIT,5000.00,TRY,2026-02,OFF_INVOICE,NKA,b39ade6a-ea33-413f-95a0-281c859f32fd,084d33dc-daa7-4544-9155-bfc9e2fc2cd4,650e4b5e-f1a2-4a67-a1ce-067c053d5a63,d47cdd1e-551e-4606-b9ee-f47a17a7f323,t,,LEDGER|AGREEMENT|ca635406-b1ed-44d9-ba8c-09d92f00c423|0d03250a-7234-49b6-be9f-49607b9e4a04,,3b703dae-2955-40a1-affa-f94478da505f,2026-07-29 07:01:49.446141
5f3ad016-e50e-4001-acfd-bde14dd30ec8,598a895e-5a20-48cc-95bd-a52fe5d4bb65,ca635406-b1ed-44d9-ba8c-09d92f00c423,AGREEMENT,ca635406-b1ed-44d9-ba8c-09d92f00c423,CREDIT,5000.00,TRY,2026-02,OFF_INVOICE,NKA,b39ade6a-ea33-413f-95a0-281c859f32fd,084d33dc-daa7-4544-9155-bfc9e2fc2cd4,650e4b5e-f1a2-4a67-a1ce-067c053d5a63,d47cdd1e-551e-4606-b9ee-f47a17a7f323,f,598a6ce1-5186-40f4-b822-926c531cdd9e,REVERSAL|LEDGER|598a6ce1-5186-40f4-b822-926c531cdd9e,Reversal of ledger entry 598a6ce1-5186-40f4-b822-926c531cdd9e,3b703dae-2955-40a1-affa-f94478da505f,2026-07-29 07:01:49.456874
9dd06813-440e-4e38-a16b-f0165e2ed8b4,598a895e-5a20-48cc-95bd-a52fe5d4bb65,095a8d8f-19f2-45be-aaf0-eef6b28a7e8c,AGREEMENT,095a8d8f-19f2-45be-aaf0-eef6b28a7e8c,DEBIT,5000.00,TRY,2026-02,OFF_INVOICE,NKA,b39ade6a-ea33-413f-95a0-281c859f32fd,084d33dc-daa7-4544-9155-bfc9e2fc2cd4,650e4b5e-f1a2-4a67-a1ce-067c053d5a63,d47cdd1e-551e-4606-b9ee-f47a17a7f323,f,,LEDGER|AGREEMENT|095a8d8f-19f2-45be-aaf0-eef6b28a7e8c|d1b42c01-3de9-4ed7-a859-038a219ad616,,3b703dae-2955-40a1-affa-f94478da505f,2026-07-29 07:03:00.906484
83d60135-9ad2-43d0-9cf5-270357ed3adf,598a895e-5a20-48cc-95bd-a52fe5d4bb65,2024a553-428d-4c2c-91a4-dd6fb47bfd7f,AGREEMENT,2024a553-428d-4c2c-91a4-dd6fb47bfd7f,DEBIT,3000.00,TRY,2026-02,OFF_INVOICE,NKA,b39ade6a-ea33-413f-95a0-281c859f32fd,084d33dc-daa7-4544-9155-bfc9e2fc2cd4,650e4b5e-f1a2-4a67-a1ce-067c053d5a63,d47cdd1e-551e-4606-b9ee-f47a17a7f323,t,,LEDGER|AGREEMENT|2024a553-428d-4c2c-91a4-dd6fb47bfd7f|28a1231b-c69c-4e6b-8f10-05f2508a1872,,3b703dae-2955-40a1-affa-f94478da505f,2026-07-29 07:03:00.973894
358f4280-f37c-4d71-95e9-8ffe7cc6678e,598a895e-5a20-48cc-95bd-a52fe5d4bb65,2024a553-428d-4c2c-91a4-dd6fb47bfd7f,AGREEMENT,2024a553-428d-4c2c-91a4-dd6fb47bfd7f,CREDIT,3000.00,TRY,2026-02,OFF_INVOICE,NKA,b39ade6a-ea33-413f-95a0-281c859f32fd,084d33dc-daa7-4544-9155-bfc9e2fc2cd4,650e4b5e-f1a2-4a67-a1ce-067c053d5a63,d47cdd1e-551e-4606-b9ee-f47a17a7f323,f,83d60135-9ad2-43d0-9cf5-270357ed3adf,REVERSAL|LEDGER|83d60135-9ad2-43d0-9cf5-270357ed3adf,Reversal of ledger entry 83d60135-9ad2-43d0-9cf5-270357ed3adf,3b703dae-2955-40a1-affa-f94478da505f,2026-07-29 07:03:00.978687
9a5b44e4-7c1f-44bd-bc6e-b64ec4d1ee58,598a895e-5a20-48cc-95bd-a52fe5d4bb65,ca635406-b1ed-44d9-ba8c-09d92f00c423,AGREEMENT,ca635406-b1ed-44d9-ba8c-09d92f00c423,DEBIT,5000.00,TRY,2026-02,OFF_INVOICE,NKA,b39ade6a-ea33-413f-95a0-281c859f32fd,084d33dc-daa7-4544-9155-bfc9e2fc2cd4,650e4b5e-f1a2-4a67-a1ce-067c053d5a63,d47cdd1e-551e-4606-b9ee-f47a17a7f323,t,,LEDGER|AGREEMENT|ca635406-b1ed-44d9-ba8c-09d92f00c423|5520b671-7789-47db-b2e1-94b9b2bfe603,,3b703dae-2955-40a1-affa-f94478da505f,2026-07-29 07:03:06.27909
92f8bbbe-05bc-4384-9f15-aa140fca483a,598a895e-5a20-48cc-95bd-a52fe5d4bb65,ca635406-b1ed-44d9-ba8c-09d92f00c423,AGREEMENT,ca635406-b1ed-44d9-ba8c-09d92f00c423,CREDIT,5000.00,TRY,2026-02,OFF_INVOICE,NKA,b39ade6a-ea33-413f-95a0-281c859f32fd,084d33dc-daa7-4544-9155-bfc9e2fc2cd4,650e4b5e-f1a2-4a67-a1ce-067c053d5a63,d47cdd1e-551e-4606-b9ee-f47a17a7f323,f,9a5b44e4-7c1f-44bd-bc6e-b64ec4d1ee58,REVERSAL|LEDGER|9a5b44e4-7c1f-44bd-bc6e-b64ec4d1ee58,Reversal of ledger entry 9a5b44e4-7c1f-44bd-bc6e-b64ec4d1ee58,3b703dae-2955-40a1-affa-f94478da505f,2026-07-29 07:03:06.283417
f40b3ce9-6ad7-4d1c-a760-ee70290f0cac,598a895e-5a20-48cc-95bd-a52fe5d4bb65,ca635406-b1ed-44d9-ba8c-09d92f00c423,AGREEMENT,ca635406-b1ed-44d9-ba8c-09d92f00c423,DEBIT,5000.00,TRY,2026-02,OFF_INVOICE,NKA,b39ade6a-ea33-413f-95a0-281c859f32fd,084d33dc-daa7-4544-9155-bfc9e2fc2cd4,650e4b5e-f1a2-4a67-a1ce-067c053d5a63,d47cdd1e-551e-4606-b9ee-f47a17a7f323,t,,LEDGER|AGREEMENT|ca635406-b1ed-44d9-ba8c-09d92f00c423|0b6d7fd7-7a86-4d36-8033-4f6a33916a6a,,3b703dae-2955-40a1-affa-f94478da505f,2026-07-29 07:03:06.395176
1ec9ff7f-2240-4e39-960b-7ce5da23e580,598a895e-5a20-48cc-95bd-a52fe5d4bb65,ca635406-b1ed-44d9-ba8c-09d92f00c423,AGREEMENT,ca635406-b1ed-44d9-ba8c-09d92f00c423,CREDIT,5000.00,TRY,2026-02,OFF_INVOICE,NKA,b39ade6a-ea33-413f-95a0-281c859f32fd,084d33dc-daa7-4544-9155-bfc9e2fc2cd4,650e4b5e-f1a2-4a67-a1ce-067c053d5a63,d47cdd1e-551e-4606-b9ee-f47a17a7f323,f,f40b3ce9-6ad7-4d1c-a760-ee70290f0cac,REVERSAL|LEDGER|f40b3ce9-6ad7-4d1c-a760-ee70290f0cac,Reversal of ledger entry f40b3ce9-6ad7-4d1c-a760-ee70290f0cac,0e23990b-31a0-4ac2-be89-a46ebc8200d4,2026-07-29 07:03:06.399585
6e130ab2-13fc-4957-8424-d16829a1ed6b,598a895e-5a20-48cc-95bd-a52fe5d4bb65,ca635406-b1ed-44d9-ba8c-09d92f00c423,AGREEMENT,ca635406-b1ed-44d9-ba8c-09d92f00c423,DEBIT,5000.00,TRY,2026-02,OFF_INVOICE,NKA,b39ade6a-ea33-413f-95a0-281c859f32fd,084d33dc-daa7-4544-9155-bfc9e2fc2cd4,650e4b5e-f1a2-4a67-a1ce-067c053d5a63,d47cdd1e-551e-4606-b9ee-f47a17a7f323,t,,LEDGER|AGREEMENT|ca635406-b1ed-44d9-ba8c-09d92f00c423|f45c89b8-b2a4-4840-ab36-d1a9ddc3e195,,3b703dae-2955-40a1-affa-f94478da505f,2026-07-29 07:03:06.41894
ead493ff-a645-409a-9ea7-9e0b4e9b4557,598a895e-5a20-48cc-95bd-a52fe5d4bb65,ca635406-b1ed-44d9-ba8c-09d92f00c423,AGREEMENT,ca635406-b1ed-44d9-ba8c-09d92f00c423,CREDIT,5000.00,TRY,2026-02,OFF_INVOICE,NKA,b39ade6a-ea33-413f-95a0-281c859f32fd,084d33dc-daa7-4544-9155-bfc9e2fc2cd4,650e4b5e-f1a2-4a67-a1ce-067c053d5a63,d47cdd1e-551e-4606-b9ee-f47a17a7f323,f,6e130ab2-13fc-4957-8424-d16829a1ed6b,REVERSAL|LEDGER|6e130ab2-13fc-4957-8424-d16829a1ed6b,Reversal of ledger entry 6e130ab2-13fc-4957-8424-d16829a1ed6b,3b703dae-2955-40a1-affa-f94478da505f,2026-07-29 07:03:06.422014
ee498c40-92c9-4200-a13d-f3299815e82f,598a895e-5a20-48cc-95bd-a52fe5d4bb65,ca635406-b1ed-44d9-ba8c-09d92f00c423,AGREEMENT,ca635406-b1ed-44d9-ba8c-09d92f00c423,DEBIT,5000.00,TRY,2026-02,OFF_INVOICE,NKA,b39ade6a-ea33-413f-95a0-281c859f32fd,084d33dc-daa7-4544-9155-bfc9e2fc2cd4,650e4b5e-f1a2-4a67-a1ce-067c053d5a63,d47cdd1e-551e-4606-b9ee-f47a17a7f323,t,,LEDGER|AGREEMENT|ca635406-b1ed-44d9-ba8c-09d92f00c423|62f9c84e-da19-4452-8f77-93c410b2ec69,,3b703dae-2955-40a1-affa-f94478da505f,2026-07-29 07:03:06.449025
34b82c8a-6c6a-4286-ac51-d75ff67597cf,598a895e-5a20-48cc-95bd-a52fe5d4bb65,ca635406-b1ed-44d9-ba8c-09d92f00c423,AGREEMENT,ca635406-b1ed-44d9-ba8c-09d92f00c423,CREDIT,5000.00,TRY,2026-02,OFF_INVOICE,NKA,b39ade6a-ea33-413f-95a0-281c859f32fd,084d33dc-daa7-4544-9155-bfc9e2fc2cd4,650e4b5e-f1a2-4a67-a1ce-067c053d5a63,d47cdd1e-551e-4606-b9ee-f47a17a7f323,f,ee498c40-92c9-4200-a13d-f3299815e82f,REVERSAL|LEDGER|ee498c40-92c9-4200-a13d-f3299815e82f,Reversal of ledger entry ee498c40-92c9-4200-a13d-f3299815e82f,3b703dae-2955-40a1-affa-f94478da505f,2026-07-29 07:03:06.45413
a8f7cc6a-f2fc-42f2-8e9c-a820399fa24f,598a895e-5a20-48cc-95bd-a52fe5d4bb65,c437b70b-db0f-47cd-8309-61de1bef312a,AGREEMENT,c437b70b-db0f-47cd-8309-61de1bef312a,DEBIT,12000.00,TRY,2026-02,OFF_INVOICE,NKA,b39ade6a-ea33-413f-95a0-281c859f32fd,084d33dc-daa7-4544-9155-bfc9e2fc2cd4,650e4b5e-f1a2-4a67-a1ce-067c053d5a63,d47cdd1e-551e-4606-b9ee-f47a17a7f323,f,,LEDGER|AGREEMENT|c437b70b-db0f-47cd-8309-61de1bef312a|7da0d456-b2fc-4bc3-a345-dfaf22be8eb5,,3b703dae-2955-40a1-affa-f94478da505f,2026-07-29 07:04:43.988649
ca12f010-a640-4016-b57e-141d8febad26,598a895e-5a20-48cc-95bd-a52fe5d4bb65,b6cd3808-29bc-4127-b829-d0790fe7e60c,AGREEMENT,b6cd3808-29bc-4127-b829-d0790fe7e60c,DEBIT,4000.00,TRY,2026-02,OFF_INVOICE,NKA,b39ade6a-ea33-413f-95a0-281c859f32fd,084d33dc-daa7-4544-9155-bfc9e2fc2cd4,650e4b5e-f1a2-4a67-a1ce-067c053d5a63,d47cdd1e-551e-4606-b9ee-f47a17a7f323,t,,LEDGER|AGREEMENT|b6cd3808-29bc-4127-b829-d0790fe7e60c|a0bd7f7c-f32e-4cd1-973a-c9ac5c0756e8,,3b703dae-2955-40a1-affa-f94478da505f,2026-07-29 07:04:44.283446
e4d88ece-7e57-4fb8-aa6c-b9d1ee892054,598a895e-5a20-48cc-95bd-a52fe5d4bb65,b6cd3808-29bc-4127-b829-d0790fe7e60c,AGREEMENT,b6cd3808-29bc-4127-b829-d0790fe7e60c,CREDIT,4000.00,TRY,2026-02,OFF_INVOICE,NKA,b39ade6a-ea33-413f-95a0-281c859f32fd,084d33dc-daa7-4544-9155-bfc9e2fc2cd4,650e4b5e-f1a2-4a67-a1ce-067c053d5a63,d47cdd1e-551e-4606-b9ee-f47a17a7f323,f,ca12f010-a640-4016-b57e-141d8febad26,REVERSAL|LEDGER|ca12f010-a640-4016-b57e-141d8febad26,Reversal of ledger entry ca12f010-a640-4016-b57e-141d8febad26,3b703dae-2955-40a1-affa-f94478da505f,2026-07-29 07:04:44.288543
e51429e6-1895-4b2f-81c1-547151b341bc,598a895e-5a20-48cc-95bd-a52fe5d4bb65,3c038e3c-ed8a-475d-ba6e-b1f1973690cd,AGREEMENT,3c038e3c-ed8a-475d-ba6e-b1f1973690cd,DEBIT,4000.00,TRY,2026-02,OFF_INVOICE,NKA,b39ade6a-ea33-413f-95a0-281c859f32fd,084d33dc-daa7-4544-9155-bfc9e2fc2cd4,650e4b5e-f1a2-4a67-a1ce-067c053d5a63,d47cdd1e-551e-4606-b9ee-f47a17a7f323,t,,LEDGER|AGREEMENT|3c038e3c-ed8a-475d-ba6e-b1f1973690cd|79f8181d-7b3a-404d-8673-ad15ea2f250b,,3b703dae-2955-40a1-affa-f94478da505f,2026-07-29 07:05:55.985937
4bd26760-787d-48f5-8d98-32e555107741,598a895e-5a20-48cc-95bd-a52fe5d4bb65,3c038e3c-ed8a-475d-ba6e-b1f1973690cd,AGREEMENT,3c038e3c-ed8a-475d-ba6e-b1f1973690cd,CREDIT,4000.00,TRY,2026-02,OFF_INVOICE,NKA,b39ade6a-ea33-413f-95a0-281c859f32fd,084d33dc-daa7-4544-9155-bfc9e2fc2cd4,650e4b5e-f1a2-4a67-a1ce-067c053d5a63,d47cdd1e-551e-4606-b9ee-f47a17a7f323,f,e51429e6-1895-4b2f-81c1-547151b341bc,REVERSAL|LEDGER|e51429e6-1895-4b2f-81c1-547151b341bc,Reversal of ledger entry e51429e6-1895-4b2f-81c1-547151b341bc,3b703dae-2955-40a1-affa-f94478da505f,2026-07-29 07:05:55.991913
0cdc749a-9f9d-4ee5-8fd1-620e7c2c75c2,598a895e-5a20-48cc-95bd-a52fe5d4bb65,067d4f1c-6dea-4b7a-b8e4-d066a87ceb81,AGREEMENT,067d4f1c-6dea-4b7a-b8e4-d066a87ceb81,DEBIT,5000.00,TRY,2026-02,OFF_INVOICE,NKA,b39ade6a-ea33-413f-95a0-281c859f32fd,47d9f98a-4545-45f3-89dd-3aa4a389249c,90924b05-7994-4a60-8a38-024e0ba636f0,307acd77-b36d-4fc2-8bd1-609dc18868d7,f,,LEDGER|AGREEMENT|067d4f1c-6dea-4b7a-b8e4-d066a87ceb81|9cbc81e7-9da9-4780-83ce-661510c6e017,,3b703dae-2955-40a1-affa-f94478da505f,2026-07-29 07:10:24.136376
ba9fe93e-a80b-4335-8bab-932c2454cf01,598a895e-5a20-48cc-95bd-a52fe5d4bb65,1831d8c4-71a0-45d4-8e36-ad09e2547fc7,AGREEMENT,1831d8c4-71a0-45d4-8e36-ad09e2547fc7,DEBIT,3000.00,TRY,2026-02,OFF_INVOICE,NKA,b39ade6a-ea33-413f-95a0-281c859f32fd,47d9f98a-4545-45f3-89dd-3aa4a389249c,90924b05-7994-4a60-8a38-024e0ba636f0,307acd77-b36d-4fc2-8bd1-609dc18868d7,t,,LEDGER|AGREEMENT|1831d8c4-71a0-45d4-8e36-ad09e2547fc7|0c7b3717-a9dd-4613-b271-f54727dc91bf,,3b703dae-2955-40a1-affa-f94478da505f,2026-07-29 07:10:24.239186
bf93e2cf-247b-46e1-9485-e4dd7e68fe23,598a895e-5a20-48cc-95bd-a52fe5d4bb65,1831d8c4-71a0-45d4-8e36-ad09e2547fc7,AGREEMENT,1831d8c4-71a0-45d4-8e36-ad09e2547fc7,CREDIT,3000.00,TRY,2026-02,OFF_INVOICE,NKA,b39ade6a-ea33-413f-95a0-281c859f32fd,47d9f98a-4545-45f3-89dd-3aa4a389249c,90924b05-7994-4a60-8a38-024e0ba636f0,307acd77-b36d-4fc2-8bd1-609dc18868d7,f,ba9fe93e-a80b-4335-8bab-932c2454cf01,REVERSAL|LEDGER|ba9fe93e-a80b-4335-8bab-932c2454cf01,Reversal of ledger entry ba9fe93e-a80b-4335-8bab-932c2454cf01,3b703dae-2955-40a1-affa-f94478da505f,2026-07-29 07:10:24.245341
213efa64-e5a4-4a82-9057-fb0cb8d5c0af,598a895e-5a20-48cc-95bd-a52fe5d4bb65,eaa1e10c-4fac-4180-9890-4857b9a317ec,AGREEMENT,eaa1e10c-4fac-4180-9890-4857b9a317ec,DEBIT,12000.00,TRY,2026-02,OFF_INVOICE,NKA,b39ade6a-ea33-413f-95a0-281c859f32fd,47d9f98a-4545-45f3-89dd-3aa4a389249c,90924b05-7994-4a60-8a38-024e0ba636f0,307acd77-b36d-4fc2-8bd1-609dc18868d7,f,,LEDGER|AGREEMENT|eaa1e10c-4fac-4180-9890-4857b9a317ec|23d66670-61fc-48a8-82c9-007b6f8f7fc4,,3b703dae-2955-40a1-affa-f94478da505f,2026-07-29 07:10:25.257862
c7ec0595-6f8f-4dc2-a491-fbeaa9a87ceb,598a895e-5a20-48cc-95bd-a52fe5d4bb65,5654657b-5b26-4d15-8ed6-73838aad1bc7,AGREEMENT,5654657b-5b26-4d15-8ed6-73838aad1bc7,DEBIT,4000.00,TRY,2026-02,OFF_INVOICE,NKA,b39ade6a-ea33-413f-95a0-281c859f32fd,47d9f98a-4545-45f3-89dd-3aa4a389249c,90924b05-7994-4a60-8a38-024e0ba636f0,307acd77-b36d-4fc2-8bd1-609dc18868d7,t,,LEDGER|AGREEMENT|5654657b-5b26-4d15-8ed6-73838aad1bc7|45c33cf7-b70e-445c-8191-65b1e12e35ca,,3b703dae-2955-40a1-affa-f94478da505f,2026-07-29 07:10:25.53735
e484e146-1713-4a34-ba81-82bd72fc5870,598a895e-5a20-48cc-95bd-a52fe5d4bb65,5654657b-5b26-4d15-8ed6-73838aad1bc7,AGREEMENT,5654657b-5b26-4d15-8ed6-73838aad1bc7,CREDIT,4000.00,TRY,2026-02,OFF_INVOICE,NKA,b39ade6a-ea33-413f-95a0-281c859f32fd,47d9f98a-4545-45f3-89dd-3aa4a389249c,90924b05-7994-4a60-8a38-024e0ba636f0,307acd77-b36d-4fc2-8bd1-609dc18868d7,f,c7ec0595-6f8f-4dc2-a491-fbeaa9a87ceb,REVERSAL|LEDGER|c7ec0595-6f8f-4dc2-a491-fbeaa9a87ceb,Reversal of ledger entry c7ec0595-6f8f-4dc2-a491-fbeaa9a87ceb,3b703dae-2955-40a1-affa-f94478da505f,2026-07-29 07:10:25.541847
79aaedc0-55ea-488c-9233-7756491fca0e,598a895e-5a20-48cc-95bd-a52fe5d4bb65,0ae825dc-4987-4c48-80d6-66f9802b133b,AGREEMENT,0ae825dc-4987-4c48-80d6-66f9802b133b,DEBIT,5000.00,TRY,2026-02,OFF_INVOICE,NKA,b39ade6a-ea33-413f-95a0-281c859f32fd,47d9f98a-4545-45f3-89dd-3aa4a389249c,90924b05-7994-4a60-8a38-024e0ba636f0,307acd77-b36d-4fc2-8bd1-609dc18868d7,t,,LEDGER|AGREEMENT|0ae825dc-4987-4c48-80d6-66f9802b133b|fb97e641-6d82-4f5c-86ad-9b0ca91f1b6c,,3b703dae-2955-40a1-affa-f94478da505f,2026-07-29 07:10:27.019691
82417e1e-a895-4ff3-97c0-f00d9caa37af,598a895e-5a20-48cc-95bd-a52fe5d4bb65,0ae825dc-4987-4c48-80d6-66f9802b133b,AGREEMENT,0ae825dc-4987-4c48-80d6-66f9802b133b,CREDIT,5000.00,TRY,2026-02,OFF_INVOICE,NKA,b39ade6a-ea33-413f-95a0-281c859f32fd,47d9f98a-4545-45f3-89dd-3aa4a389249c,90924b05-7994-4a60-8a38-024e0ba636f0,307acd77-b36d-4fc2-8bd1-609dc18868d7,f,79aaedc0-55ea-488c-9233-7756491fca0e,REVERSAL|LEDGER|79aaedc0-55ea-488c-9233-7756491fca0e,Reversal of ledger entry 79aaedc0-55ea-488c-9233-7756491fca0e,3b703dae-2955-40a1-affa-f94478da505f,2026-07-29 07:10:27.024103
d90f224e-2c3e-4d64-8e98-943e7aebfd3b,598a895e-5a20-48cc-95bd-a52fe5d4bb65,0ae825dc-4987-4c48-80d6-66f9802b133b,AGREEMENT,0ae825dc-4987-4c48-80d6-66f9802b133b,DEBIT,5000.00,TRY,2026-02,OFF_INVOICE,NKA,b39ade6a-ea33-413f-95a0-281c859f32fd,47d9f98a-4545-45f3-89dd-3aa4a389249c,90924b05-7994-4a60-8a38-024e0ba636f0,307acd77-b36d-4fc2-8bd1-609dc18868d7,t,,LEDGER|AGREEMENT|0ae825dc-4987-4c48-80d6-66f9802b133b|aa927477-bc8c-4ed4-86db-079aeeb2933c,,3b703dae-2955-40a1-affa-f94478da505f,2026-07-29 07:10:27.134602
715465b9-cf7d-4755-87ea-57ecb4189dba,598a895e-5a20-48cc-95bd-a52fe5d4bb65,0ae825dc-4987-4c48-80d6-66f9802b133b,AGREEMENT,0ae825dc-4987-4c48-80d6-66f9802b133b,CREDIT,5000.00,TRY,2026-02,OFF_INVOICE,NKA,b39ade6a-ea33-413f-95a0-281c859f32fd,47d9f98a-4545-45f3-89dd-3aa4a389249c,90924b05-7994-4a60-8a38-024e0ba636f0,307acd77-b36d-4fc2-8bd1-609dc18868d7,f,d90f224e-2c3e-4d64-8e98-943e7aebfd3b,REVERSAL|LEDGER|d90f224e-2c3e-4d64-8e98-943e7aebfd3b,Reversal of ledger entry d90f224e-2c3e-4d64-8e98-943e7aebfd3b,0e23990b-31a0-4ac2-be89-a46ebc8200d4,2026-07-29 07:10:27.138781
fd52ae6e-78dc-41c9-a490-357ebc74ff68,598a895e-5a20-48cc-95bd-a52fe5d4bb65,0ae825dc-4987-4c48-80d6-66f9802b133b,AGREEMENT,0ae825dc-4987-4c48-80d6-66f9802b133b,DEBIT,5000.00,TRY,2026-02,OFF_INVOICE,NKA,b39ade6a-ea33-413f-95a0-281c859f32fd,47d9f98a-4545-45f3-89dd-3aa4a389249c,90924b05-7994-4a60-8a38-024e0ba636f0,307acd77-b36d-4fc2-8bd1-609dc18868d7,t,,LEDGER|AGREEMENT|0ae825dc-4987-4c48-80d6-66f9802b133b|cf65c9fd-5ae1-4804-8b41-bf15cb7dfc85,,3b703dae-2955-40a1-affa-f94478da505f,2026-07-29 07:10:27.166334
1d85b025-d755-4742-8344-01018fe80a57,598a895e-5a20-48cc-95bd-a52fe5d4bb65,0ae825dc-4987-4c48-80d6-66f9802b133b,AGREEMENT,0ae825dc-4987-4c48-80d6-66f9802b133b,CREDIT,5000.00,TRY,2026-02,OFF_INVOICE,NKA,b39ade6a-ea33-413f-95a0-281c859f32fd,47d9f98a-4545-45f3-89dd-3aa4a389249c,90924b05-7994-4a60-8a38-024e0ba636f0,307acd77-b36d-4fc2-8bd1-609dc18868d7,f,fd52ae6e-78dc-41c9-a490-357ebc74ff68,REVERSAL|LEDGER|fd52ae6e-78dc-41c9-a490-357ebc74ff68,Reversal of ledger entry fd52ae6e-78dc-41c9-a490-357ebc74ff68,3b703dae-2955-40a1-affa-f94478da505f,2026-07-29 07:10:27.169315
0ab36e8e-42e8-4e29-8225-45f431c0f394,598a895e-5a20-48cc-95bd-a52fe5d4bb65,0ae825dc-4987-4c48-80d6-66f9802b133b,AGREEMENT,0ae825dc-4987-4c48-80d6-66f9802b133b,DEBIT,5000.00,TRY,2026-02,OFF_INVOICE,NKA,b39ade6a-ea33-413f-95a0-281c859f32fd,47d9f98a-4545-45f3-89dd-3aa4a389249c,90924b05-7994-4a60-8a38-024e0ba636f0,307acd77-b36d-4fc2-8bd1-609dc18868d7,t,,LEDGER|AGREEMENT|0ae825dc-4987-4c48-80d6-66f9802b133b|5123aa19-1513-4f86-b868-70e72e1c8a95,,3b703dae-2955-40a1-affa-f94478da505f,2026-07-29 07:10:27.192922
1bbefac7-e53c-4323-9168-ef4cf6c4bf7f,598a895e-5a20-48cc-95bd-a52fe5d4bb65,0ae825dc-4987-4c48-80d6-66f9802b133b,AGREEMENT,0ae825dc-4987-4c48-80d6-66f9802b133b,CREDIT,5000.00,TRY,2026-02,OFF_INVOICE,NKA,b39ade6a-ea33-413f-95a0-281c859f32fd,47d9f98a-4545-45f3-89dd-3aa4a389249c,90924b05-7994-4a60-8a38-024e0ba636f0,307acd77-b36d-4fc2-8bd1-609dc18868d7,f,0ab36e8e-42e8-4e29-8225-45f431c0f394,REVERSAL|LEDGER|0ab36e8e-42e8-4e29-8225-45f431c0f394,Reversal of ledger entry 0ab36e8e-42e8-4e29-8225-45f431c0f394,3b703dae-2955-40a1-affa-f94478da505f,2026-07-29 07:10:27.19763
727eaea5-d8f5-4840-93b7-8a5af90ec023,598a895e-5a20-48cc-95bd-a52fe5d4bb65,17fe61b8-6a87-4e1f-bee0-5e74f3bd2eb9,AGREEMENT,17fe61b8-6a87-4e1f-bee0-5e74f3bd2eb9,DEBIT,5000.00,TRY,2026-02,OFF_INVOICE,NKA,b39ade6a-ea33-413f-95a0-281c859f32fd,49d76231-384e-4bf5-bf15-959725b43c13,9f336fae-bbd9-4dbb-803d-3e6aeff1251a,97d8b4ee-34b6-427c-9fcb-69fc76f73285,f,,LEDGER|AGREEMENT|17fe61b8-6a87-4e1f-bee0-5e74f3bd2eb9|eb88e40e-0f1b-4f53-a46a-e999776f7b73,,3b703dae-2955-40a1-affa-f94478da505f,2026-07-29 07:12:14.823293
67ba5d3d-8647-415c-ae82-ca8d07ada49f,598a895e-5a20-48cc-95bd-a52fe5d4bb65,be08357a-9422-475a-b8f1-8a63a60db77d,AGREEMENT,be08357a-9422-475a-b8f1-8a63a60db77d,DEBIT,3000.00,TRY,2026-02,OFF_INVOICE,NKA,b39ade6a-ea33-413f-95a0-281c859f32fd,49d76231-384e-4bf5-bf15-959725b43c13,9f336fae-bbd9-4dbb-803d-3e6aeff1251a,97d8b4ee-34b6-427c-9fcb-69fc76f73285,t,,LEDGER|AGREEMENT|be08357a-9422-475a-b8f1-8a63a60db77d|19863971-5de3-4d2d-a323-4445387e60d9,,3b703dae-2955-40a1-affa-f94478da505f,2026-07-29 07:12:14.891789
dd96db62-c8ca-4a20-b202-e7e1b7782038,598a895e-5a20-48cc-95bd-a52fe5d4bb65,be08357a-9422-475a-b8f1-8a63a60db77d,AGREEMENT,be08357a-9422-475a-b8f1-8a63a60db77d,CREDIT,3000.00,TRY,2026-02,OFF_INVOICE,NKA,b39ade6a-ea33-413f-95a0-281c859f32fd,49d76231-384e-4bf5-bf15-959725b43c13,9f336fae-bbd9-4dbb-803d-3e6aeff1251a,97d8b4ee-34b6-427c-9fcb-69fc76f73285,f,67ba5d3d-8647-415c-ae82-ca8d07ada49f,REVERSAL|LEDGER|67ba5d3d-8647-415c-ae82-ca8d07ada49f,Reversal of ledger entry 67ba5d3d-8647-415c-ae82-ca8d07ada49f,3b703dae-2955-40a1-affa-f94478da505f,2026-07-29 07:12:14.898406
9e8e9b75-fd15-42fd-98a4-fb5eb5ce837d,598a895e-5a20-48cc-95bd-a52fe5d4bb65,734b8ac6-3383-4fa5-99cb-fea35bb77d77,AGREEMENT,734b8ac6-3383-4fa5-99cb-fea35bb77d77,DEBIT,12000.00,TRY,2026-02,OFF_INVOICE,NKA,b39ade6a-ea33-413f-95a0-281c859f32fd,49d76231-384e-4bf5-bf15-959725b43c13,9f336fae-bbd9-4dbb-803d-3e6aeff1251a,97d8b4ee-34b6-427c-9fcb-69fc76f73285,f,,LEDGER|AGREEMENT|734b8ac6-3383-4fa5-99cb-fea35bb77d77|aa732f9a-08aa-4767-9b69-7762f77676b0,,3b703dae-2955-40a1-affa-f94478da505f,2026-07-29 07:12:16.256618
119cd91f-b1b3-4157-ab5b-7d599748edf3,598a895e-5a20-48cc-95bd-a52fe5d4bb65,94027052-7417-4653-9c59-1ebd57b70772,AGREEMENT,94027052-7417-4653-9c59-1ebd57b70772,DEBIT,4000.00,TRY,2026-02,OFF_INVOICE,NKA,b39ade6a-ea33-413f-95a0-281c859f32fd,49d76231-384e-4bf5-bf15-959725b43c13,9f336fae-bbd9-4dbb-803d-3e6aeff1251a,97d8b4ee-34b6-427c-9fcb-69fc76f73285,t,,LEDGER|AGREEMENT|94027052-7417-4653-9c59-1ebd57b70772|c1752bad-671e-4c07-bd28-99cf4789831f,,3b703dae-2955-40a1-affa-f94478da505f,2026-07-29 07:12:16.566038
7c774d9c-42c6-4384-8261-c3d33c62c909,598a895e-5a20-48cc-95bd-a52fe5d4bb65,94027052-7417-4653-9c59-1ebd57b70772,AGREEMENT,94027052-7417-4653-9c59-1ebd57b70772,CREDIT,4000.00,TRY,2026-02,OFF_INVOICE,NKA,b39ade6a-ea33-413f-95a0-281c859f32fd,49d76231-384e-4bf5-bf15-959725b43c13,9f336fae-bbd9-4dbb-803d-3e6aeff1251a,97d8b4ee-34b6-427c-9fcb-69fc76f73285,f,119cd91f-b1b3-4157-ab5b-7d599748edf3,REVERSAL|LEDGER|119cd91f-b1b3-4157-ab5b-7d599748edf3,Reversal of ledger entry 119cd91f-b1b3-4157-ab5b-7d599748edf3,3b703dae-2955-40a1-affa-f94478da505f,2026-07-29 07:12:16.570046
0b7e544c-acaa-42a8-82f6-dadfc9c03a62,598a895e-5a20-48cc-95bd-a52fe5d4bb65,9bf635cf-4e0a-4a08-a8be-acae2f91d2d3,AGREEMENT,9bf635cf-4e0a-4a08-a8be-acae2f91d2d3,DEBIT,5000.00,TRY,2026-02,OFF_INVOICE,NKA,b39ade6a-ea33-413f-95a0-281c859f32fd,49d76231-384e-4bf5-bf15-959725b43c13,9f336fae-bbd9-4dbb-803d-3e6aeff1251a,97d8b4ee-34b6-427c-9fcb-69fc76f73285,t,,LEDGER|AGREEMENT|9bf635cf-4e0a-4a08-a8be-acae2f91d2d3|d5585005-305f-42a4-8242-5559cb2a7659,,3b703dae-2955-40a1-affa-f94478da505f,2026-07-29 07:12:20.722445
6e9416fe-6212-4207-9138-456152815d73,598a895e-5a20-48cc-95bd-a52fe5d4bb65,9bf635cf-4e0a-4a08-a8be-acae2f91d2d3,AGREEMENT,9bf635cf-4e0a-4a08-a8be-acae2f91d2d3,CREDIT,5000.00,TRY,2026-02,OFF_INVOICE,NKA,b39ade6a-ea33-413f-95a0-281c859f32fd,49d76231-384e-4bf5-bf15-959725b43c13,9f336fae-bbd9-4dbb-803d-3e6aeff1251a,97d8b4ee-34b6-427c-9fcb-69fc76f73285,f,0b7e544c-acaa-42a8-82f6-dadfc9c03a62,REVERSAL|LEDGER|0b7e544c-acaa-42a8-82f6-dadfc9c03a62,Reversal of ledger entry 0b7e544c-acaa-42a8-82f6-dadfc9c03a62,3b703dae-2955-40a1-affa-f94478da505f,2026-07-29 07:12:20.727002
6e01b172-2edb-41d5-b997-a830270f17fb,598a895e-5a20-48cc-95bd-a52fe5d4bb65,9bf635cf-4e0a-4a08-a8be-acae2f91d2d3,AGREEMENT,9bf635cf-4e0a-4a08-a8be-acae2f91d2d3,DEBIT,5000.00,TRY,2026-02,OFF_INVOICE,NKA,b39ade6a-ea33-413f-95a0-281c859f32fd,49d76231-384e-4bf5-bf15-959725b43c13,9f336fae-bbd9-4dbb-803d-3e6aeff1251a,97d8b4ee-34b6-427c-9fcb-69fc76f73285,t,,LEDGER|AGREEMENT|9bf635cf-4e0a-4a08-a8be-acae2f91d2d3|2296bb0a-bdbb-40ba-9c8c-7e24773bf000,,3b703dae-2955-40a1-affa-f94478da505f,2026-07-29 07:12:20.842847
6ea7f96f-e890-4857-90ad-4b6d1cc8ac08,598a895e-5a20-48cc-95bd-a52fe5d4bb65,9bf635cf-4e0a-4a08-a8be-acae2f91d2d3,AGREEMENT,9bf635cf-4e0a-4a08-a8be-acae2f91d2d3,CREDIT,5000.00,TRY,2026-02,OFF_INVOICE,NKA,b39ade6a-ea33-413f-95a0-281c859f32fd,49d76231-384e-4bf5-bf15-959725b43c13,9f336fae-bbd9-4dbb-803d-3e6aeff1251a,97d8b4ee-34b6-427c-9fcb-69fc76f73285,f,6e01b172-2edb-41d5-b997-a830270f17fb,REVERSAL|LEDGER|6e01b172-2edb-41d5-b997-a830270f17fb,Reversal of ledger entry 6e01b172-2edb-41d5-b997-a830270f17fb,0e23990b-31a0-4ac2-be89-a46ebc8200d4,2026-07-29 07:12:20.84664
7ea626f2-8e9b-4a32-aeb5-f862263495a8,598a895e-5a20-48cc-95bd-a52fe5d4bb65,9bf635cf-4e0a-4a08-a8be-acae2f91d2d3,AGREEMENT,9bf635cf-4e0a-4a08-a8be-acae2f91d2d3,DEBIT,5000.00,TRY,2026-02,OFF_INVOICE,NKA,b39ade6a-ea33-413f-95a0-281c859f32fd,49d76231-384e-4bf5-bf15-959725b43c13,9f336fae-bbd9-4dbb-803d-3e6aeff1251a,97d8b4ee-34b6-427c-9fcb-69fc76f73285,t,,LEDGER|AGREEMENT|9bf635cf-4e0a-4a08-a8be-acae2f91d2d3|5eba9dff-2ea3-476e-858c-331b71a718f8,,3b703dae-2955-40a1-affa-f94478da505f,2026-07-29 07:12:20.867576
30e6d81a-9529-4321-8f5a-feee2a864a6e,598a895e-5a20-48cc-95bd-a52fe5d4bb65,9bf635cf-4e0a-4a08-a8be-acae2f91d2d3,AGREEMENT,9bf635cf-4e0a-4a08-a8be-acae2f91d2d3,CREDIT,5000.00,TRY,2026-02,OFF_INVOICE,NKA,b39ade6a-ea33-413f-95a0-281c859f32fd,49d76231-384e-4bf5-bf15-959725b43c13,9f336fae-bbd9-4dbb-803d-3e6aeff1251a,97d8b4ee-34b6-427c-9fcb-69fc76f73285,f,7ea626f2-8e9b-4a32-aeb5-f862263495a8,REVERSAL|LEDGER|7ea626f2-8e9b-4a32-aeb5-f862263495a8,Reversal of ledger entry 7ea626f2-8e9b-4a32-aeb5-f862263495a8,3b703dae-2955-40a1-affa-f94478da505f,2026-07-29 07:12:20.870432
e5411129-a711-44bb-a26a-9d037348ef93,598a895e-5a20-48cc-95bd-a52fe5d4bb65,9bf635cf-4e0a-4a08-a8be-acae2f91d2d3,AGREEMENT,9bf635cf-4e0a-4a08-a8be-acae2f91d2d3,DEBIT,5000.00,TRY,2026-02,OFF_INVOICE,NKA,b39ade6a-ea33-413f-95a0-281c859f32fd,49d76231-384e-4bf5-bf15-959725b43c13,9f336fae-bbd9-4dbb-803d-3e6aeff1251a,97d8b4ee-34b6-427c-9fcb-69fc76f73285,t,,LEDGER|AGREEMENT|9bf635cf-4e0a-4a08-a8be-acae2f91d2d3|1466f3bb-ea8b-4b20-8d46-8f8596026701,,3b703dae-2955-40a1-affa-f94478da505f,2026-07-29 07:12:20.917705
d4d4de91-beae-4ff2-b18b-477327008b1d,598a895e-5a20-48cc-95bd-a52fe5d4bb65,9bf635cf-4e0a-4a08-a8be-acae2f91d2d3,AGREEMENT,9bf635cf-4e0a-4a08-a8be-acae2f91d2d3,CREDIT,5000.00,TRY,2026-02,OFF_INVOICE,NKA,b39ade6a-ea33-413f-95a0-281c859f32fd,49d76231-384e-4bf5-bf15-959725b43c13,9f336fae-bbd9-4dbb-803d-3e6aeff1251a,97d8b4ee-34b6-427c-9fcb-69fc76f73285,f,e5411129-a711-44bb-a26a-9d037348ef93,REVERSAL|LEDGER|e5411129-a711-44bb-a26a-9d037348ef93,Reversal of ledger entry e5411129-a711-44bb-a26a-9d037348ef93,3b703dae-2955-40a1-affa-f94478da505f,2026-07-29 07:12:20.922356
41699285-7836-438c-9a44-2cd934b1a16b,598a895e-5a20-48cc-95bd-a52fe5d4bb65,90323c98-02b3-4d29-b0da-4b2003f5394f,AGREEMENT,90323c98-02b3-4d29-b0da-4b2003f5394f,DEBIT,5000.00,TRY,2026-02,OFF_INVOICE,NKA,b39ade6a-ea33-413f-95a0-281c859f32fd,49d76231-384e-4bf5-bf15-959725b43c13,9f336fae-bbd9-4dbb-803d-3e6aeff1251a,97d8b4ee-34b6-427c-9fcb-69fc76f73285,f,,LEDGER|AGREEMENT|90323c98-02b3-4d29-b0da-4b2003f5394f|dc3f23da-38f2-4566-8a73-3b4ec015ef32,,3b703dae-2955-40a1-affa-f94478da505f,2026-07-29 07:20:52.508327
904aa7df-20d6-45b7-b8d5-44adb7b536a0,598a895e-5a20-48cc-95bd-a52fe5d4bb65,96e05e1f-7644-402a-858a-f2de3ac7134a,AGREEMENT,96e05e1f-7644-402a-858a-f2de3ac7134a,DEBIT,3000.00,TRY,2026-02,OFF_INVOICE,NKA,b39ade6a-ea33-413f-95a0-281c859f32fd,49d76231-384e-4bf5-bf15-959725b43c13,9f336fae-bbd9-4dbb-803d-3e6aeff1251a,97d8b4ee-34b6-427c-9fcb-69fc76f73285,t,,LEDGER|AGREEMENT|96e05e1f-7644-402a-858a-f2de3ac7134a|32d7c30d-4aaf-4623-b5f3-c5161fd6e3b4,,3b703dae-2955-40a1-affa-f94478da505f,2026-07-29 07:20:52.631795
14178966-a7bc-451f-9d86-3e3bb37dfbcf,598a895e-5a20-48cc-95bd-a52fe5d4bb65,96e05e1f-7644-402a-858a-f2de3ac7134a,AGREEMENT,96e05e1f-7644-402a-858a-f2de3ac7134a,CREDIT,3000.00,TRY,2026-02,OFF_INVOICE,NKA,b39ade6a-ea33-413f-95a0-281c859f32fd,49d76231-384e-4bf5-bf15-959725b43c13,9f336fae-bbd9-4dbb-803d-3e6aeff1251a,97d8b4ee-34b6-427c-9fcb-69fc76f73285,f,904aa7df-20d6-45b7-b8d5-44adb7b536a0,REVERSAL|LEDGER|904aa7df-20d6-45b7-b8d5-44adb7b536a0,Reversal of ledger entry 904aa7df-20d6-45b7-b8d5-44adb7b536a0,3b703dae-2955-40a1-affa-f94478da505f,2026-07-29 07:20:52.639376
9b47dc63-c320-4649-9d11-b0b87773c65a,598a895e-5a20-48cc-95bd-a52fe5d4bb65,67a38b18-9ae8-45de-b388-a559ba43b5e4,AGREEMENT,67a38b18-9ae8-45de-b388-a559ba43b5e4,DEBIT,12000.00,TRY,2026-02,OFF_INVOICE,NKA,b39ade6a-ea33-413f-95a0-281c859f32fd,49d76231-384e-4bf5-bf15-959725b43c13,9f336fae-bbd9-4dbb-803d-3e6aeff1251a,97d8b4ee-34b6-427c-9fcb-69fc76f73285,f,,LEDGER|AGREEMENT|67a38b18-9ae8-45de-b388-a559ba43b5e4|c431b129-ca44-48af-a196-a46d621cec1a,,3b703dae-2955-40a1-affa-f94478da505f,2026-07-29 07:20:55.023568
fac425fa-d9a4-40a8-8141-fa3594dd095a,598a895e-5a20-48cc-95bd-a52fe5d4bb65,30b8e399-c7f6-4abd-8218-73c3d7f58983,AGREEMENT,30b8e399-c7f6-4abd-8218-73c3d7f58983,DEBIT,4000.00,TRY,2026-02,OFF_INVOICE,NKA,b39ade6a-ea33-413f-95a0-281c859f32fd,49d76231-384e-4bf5-bf15-959725b43c13,9f336fae-bbd9-4dbb-803d-3e6aeff1251a,97d8b4ee-34b6-427c-9fcb-69fc76f73285,t,,LEDGER|AGREEMENT|30b8e399-c7f6-4abd-8218-73c3d7f58983|3cfaf35d-a134-4106-a29b-017dbe400f09,,3b703dae-2955-40a1-affa-f94478da505f,2026-07-29 07:20:55.311504
da6ebe2f-1169-4c6f-bad6-d9d389db0303,598a895e-5a20-48cc-95bd-a52fe5d4bb65,30b8e399-c7f6-4abd-8218-73c3d7f58983,AGREEMENT,30b8e399-c7f6-4abd-8218-73c3d7f58983,CREDIT,4000.00,TRY,2026-02,OFF_INVOICE,NKA,b39ade6a-ea33-413f-95a0-281c859f32fd,49d76231-384e-4bf5-bf15-959725b43c13,9f336fae-bbd9-4dbb-803d-3e6aeff1251a,97d8b4ee-34b6-427c-9fcb-69fc76f73285,f,fac425fa-d9a4-40a8-8141-fa3594dd095a,REVERSAL|LEDGER|fac425fa-d9a4-40a8-8141-fa3594dd095a,Reversal of ledger entry fac425fa-d9a4-40a8-8141-fa3594dd095a,3b703dae-2955-40a1-affa-f94478da505f,2026-07-29 07:20:55.315582
6cb3deef-4f96-4ca8-aba8-96f1e9b2a5b5,598a895e-5a20-48cc-95bd-a52fe5d4bb65,9bf635cf-4e0a-4a08-a8be-acae2f91d2d3,AGREEMENT,9bf635cf-4e0a-4a08-a8be-acae2f91d2d3,DEBIT,5000.00,TRY,2026-02,OFF_INVOICE,NKA,b39ade6a-ea33-413f-95a0-281c859f32fd,49d76231-384e-4bf5-bf15-959725b43c13,9f336fae-bbd9-4dbb-803d-3e6aeff1251a,97d8b4ee-34b6-427c-9fcb-69fc76f73285,t,,LEDGER|AGREEMENT|9bf635cf-4e0a-4a08-a8be-acae2f91d2d3|79f8e715-ed3a-40e0-9253-446589d3d902,,3b703dae-2955-40a1-affa-f94478da505f,2026-07-29 07:20:57.128497
411bfd4b-b0ff-4305-b84f-c4633fe7c6fd,598a895e-5a20-48cc-95bd-a52fe5d4bb65,9bf635cf-4e0a-4a08-a8be-acae2f91d2d3,AGREEMENT,9bf635cf-4e0a-4a08-a8be-acae2f91d2d3,CREDIT,5000.00,TRY,2026-02,OFF_INVOICE,NKA,b39ade6a-ea33-413f-95a0-281c859f32fd,49d76231-384e-4bf5-bf15-959725b43c13,9f336fae-bbd9-4dbb-803d-3e6aeff1251a,97d8b4ee-34b6-427c-9fcb-69fc76f73285,f,6cb3deef-4f96-4ca8-aba8-96f1e9b2a5b5,REVERSAL|LEDGER|6cb3deef-4f96-4ca8-aba8-96f1e9b2a5b5,Reversal of ledger entry 6cb3deef-4f96-4ca8-aba8-96f1e9b2a5b5,3b703dae-2955-40a1-affa-f94478da505f,2026-07-29 07:20:57.135359
efb32f19-1b81-42fe-9c38-1505c11ac60e,598a895e-5a20-48cc-95bd-a52fe5d4bb65,9bf635cf-4e0a-4a08-a8be-acae2f91d2d3,AGREEMENT,9bf635cf-4e0a-4a08-a8be-acae2f91d2d3,DEBIT,5000.00,TRY,2026-02,OFF_INVOICE,NKA,b39ade6a-ea33-413f-95a0-281c859f32fd,49d76231-384e-4bf5-bf15-959725b43c13,9f336fae-bbd9-4dbb-803d-3e6aeff1251a,97d8b4ee-34b6-427c-9fcb-69fc76f73285,t,,LEDGER|AGREEMENT|9bf635cf-4e0a-4a08-a8be-acae2f91d2d3|99bcfce6-50b6-4b3e-9810-f1b6bbf4443d,,3b703dae-2955-40a1-affa-f94478da505f,2026-07-29 07:20:57.267463
9681cec5-2b2f-440d-99c6-2dfe48239665,598a895e-5a20-48cc-95bd-a52fe5d4bb65,9bf635cf-4e0a-4a08-a8be-acae2f91d2d3,AGREEMENT,9bf635cf-4e0a-4a08-a8be-acae2f91d2d3,CREDIT,5000.00,TRY,2026-02,OFF_INVOICE,NKA,b39ade6a-ea33-413f-95a0-281c859f32fd,49d76231-384e-4bf5-bf15-959725b43c13,9f336fae-bbd9-4dbb-803d-3e6aeff1251a,97d8b4ee-34b6-427c-9fcb-69fc76f73285,f,efb32f19-1b81-42fe-9c38-1505c11ac60e,REVERSAL|LEDGER|efb32f19-1b81-42fe-9c38-1505c11ac60e,Reversal of ledger entry efb32f19-1b81-42fe-9c38-1505c11ac60e,0e23990b-31a0-4ac2-be89-a46ebc8200d4,2026-07-29 07:20:57.271299
80d51a2e-522d-4caa-8ab4-dd094045b188,598a895e-5a20-48cc-95bd-a52fe5d4bb65,9bf635cf-4e0a-4a08-a8be-acae2f91d2d3,AGREEMENT,9bf635cf-4e0a-4a08-a8be-acae2f91d2d3,DEBIT,5000.00,TRY,2026-02,OFF_INVOICE,NKA,b39ade6a-ea33-413f-95a0-281c859f32fd,49d76231-384e-4bf5-bf15-959725b43c13,9f336fae-bbd9-4dbb-803d-3e6aeff1251a,97d8b4ee-34b6-427c-9fcb-69fc76f73285,t,,LEDGER|AGREEMENT|9bf635cf-4e0a-4a08-a8be-acae2f91d2d3|deaaa28e-144b-43ea-9e5f-b5cdba61f99a,,3b703dae-2955-40a1-affa-f94478da505f,2026-07-29 07:20:57.316184
da741fba-529e-4e4a-8b91-a48253aaa63e,598a895e-5a20-48cc-95bd-a52fe5d4bb65,9bf635cf-4e0a-4a08-a8be-acae2f91d2d3,AGREEMENT,9bf635cf-4e0a-4a08-a8be-acae2f91d2d3,CREDIT,5000.00,TRY,2026-02,OFF_INVOICE,NKA,b39ade6a-ea33-413f-95a0-281c859f32fd,49d76231-384e-4bf5-bf15-959725b43c13,9f336fae-bbd9-4dbb-803d-3e6aeff1251a,97d8b4ee-34b6-427c-9fcb-69fc76f73285,f,80d51a2e-522d-4caa-8ab4-dd094045b188,REVERSAL|LEDGER|80d51a2e-522d-4caa-8ab4-dd094045b188,Reversal of ledger entry 80d51a2e-522d-4caa-8ab4-dd094045b188,3b703dae-2955-40a1-affa-f94478da505f,2026-07-29 07:20:57.319433
10ae9a39-4d21-4e4b-b2bc-a52f1ee0faab,598a895e-5a20-48cc-95bd-a52fe5d4bb65,9bf635cf-4e0a-4a08-a8be-acae2f91d2d3,AGREEMENT,9bf635cf-4e0a-4a08-a8be-acae2f91d2d3,DEBIT,5000.00,TRY,2026-02,OFF_INVOICE,NKA,b39ade6a-ea33-413f-95a0-281c859f32fd,49d76231-384e-4bf5-bf15-959725b43c13,9f336fae-bbd9-4dbb-803d-3e6aeff1251a,97d8b4ee-34b6-427c-9fcb-69fc76f73285,t,,LEDGER|AGREEMENT|9bf635cf-4e0a-4a08-a8be-acae2f91d2d3|1d14b3da-798a-45c6-9330-141887d14311,,3b703dae-2955-40a1-affa-f94478da505f,2026-07-29 07:20:57.347694
6ee457a3-328b-469e-bb26-64a4fd6dce6e,598a895e-5a20-48cc-95bd-a52fe5d4bb65,9bf635cf-4e0a-4a08-a8be-acae2f91d2d3,AGREEMENT,9bf635cf-4e0a-4a08-a8be-acae2f91d2d3,CREDIT,5000.00,TRY,2026-02,OFF_INVOICE,NKA,b39ade6a-ea33-413f-95a0-281c859f32fd,49d76231-384e-4bf5-bf15-959725b43c13,9f336fae-bbd9-4dbb-803d-3e6aeff1251a,97d8b4ee-34b6-427c-9fcb-69fc76f73285,f,10ae9a39-4d21-4e4b-b2bc-a52f1ee0faab,REVERSAL|LEDGER|10ae9a39-4d21-4e4b-b2bc-a52f1ee0faab,Reversal of ledger entry 10ae9a39-4d21-4e4b-b2bc-a52f1ee0faab,3b703dae-2955-40a1-affa-f94478da505f,2026-07-29 07:20:57.355345
38295a81-7916-4de0-bbd5-f21c640aeb46,598a895e-5a20-48cc-95bd-a52fe5d4bb65,d7280960-896c-4ad2-85eb-7baffd3843fc,AGREEMENT,d7280960-896c-4ad2-85eb-7baffd3843fc,DEBIT,5000.00,TRY,2026-02,OFF_INVOICE,NKA,b39ade6a-ea33-413f-95a0-281c859f32fd,89e434fb-9594-47d6-8377-ceb2f682ecf5,316f74d0-8dc8-462c-9eec-7c4ae2f33ad6,11c7eac7-061d-4b70-8078-b7a53f58420d,f,,LEDGER|AGREEMENT|d7280960-896c-4ad2-85eb-7baffd3843fc|e214bdbe-6c75-4453-97fc-4e9111b34621,,3b703dae-2955-40a1-affa-f94478da505f,2026-07-29 07:27:12.644026
728c3aae-65ae-474f-8fad-d1751d4b7531,598a895e-5a20-48cc-95bd-a52fe5d4bb65,f2930514-99da-4f4c-973e-0a941c5b8ebf,AGREEMENT,f2930514-99da-4f4c-973e-0a941c5b8ebf,DEBIT,3000.00,TRY,2026-02,OFF_INVOICE,NKA,b39ade6a-ea33-413f-95a0-281c859f32fd,89e434fb-9594-47d6-8377-ceb2f682ecf5,316f74d0-8dc8-462c-9eec-7c4ae2f33ad6,11c7eac7-061d-4b70-8078-b7a53f58420d,t,,LEDGER|AGREEMENT|f2930514-99da-4f4c-973e-0a941c5b8ebf|f304e1e9-0234-40d6-a78f-2aad8889cdd5,,3b703dae-2955-40a1-affa-f94478da505f,2026-07-29 07:27:13.095091
9d539476-5cab-415d-9044-1f6adc75e2e4,598a895e-5a20-48cc-95bd-a52fe5d4bb65,f2930514-99da-4f4c-973e-0a941c5b8ebf,AGREEMENT,f2930514-99da-4f4c-973e-0a941c5b8ebf,CREDIT,3000.00,TRY,2026-02,OFF_INVOICE,NKA,b39ade6a-ea33-413f-95a0-281c859f32fd,89e434fb-9594-47d6-8377-ceb2f682ecf5,316f74d0-8dc8-462c-9eec-7c4ae2f33ad6,11c7eac7-061d-4b70-8078-b7a53f58420d,f,728c3aae-65ae-474f-8fad-d1751d4b7531,REVERSAL|LEDGER|728c3aae-65ae-474f-8fad-d1751d4b7531,Reversal of ledger entry 728c3aae-65ae-474f-8fad-d1751d4b7531,3b703dae-2955-40a1-affa-f94478da505f,2026-07-29 07:27:13.107938
964546d9-69c7-445f-abc3-cdc0be8a6aaa,598a895e-5a20-48cc-95bd-a52fe5d4bb65,f719b6a2-cd64-4013-b805-16015c849fd7,AGREEMENT,f719b6a2-cd64-4013-b805-16015c849fd7,DEBIT,5000.00,TRY,2026-02,OFF_INVOICE,NKA,b39ade6a-ea33-413f-95a0-281c859f32fd,89e434fb-9594-47d6-8377-ceb2f682ecf5,316f74d0-8dc8-462c-9eec-7c4ae2f33ad6,11c7eac7-061d-4b70-8078-b7a53f58420d,t,,LEDGER|AGREEMENT|f719b6a2-cd64-4013-b805-16015c849fd7|7462320c-50f1-4dc8-a9fa-0b4be3c4ef30,,3b703dae-2955-40a1-affa-f94478da505f,2026-07-29 07:27:17.580709
dfa31e16-5234-4986-80e5-4e111b840af0,598a895e-5a20-48cc-95bd-a52fe5d4bb65,f719b6a2-cd64-4013-b805-16015c849fd7,AGREEMENT,f719b6a2-cd64-4013-b805-16015c849fd7,CREDIT,5000.00,TRY,2026-02,OFF_INVOICE,NKA,b39ade6a-ea33-413f-95a0-281c859f32fd,89e434fb-9594-47d6-8377-ceb2f682ecf5,316f74d0-8dc8-462c-9eec-7c4ae2f33ad6,11c7eac7-061d-4b70-8078-b7a53f58420d,f,964546d9-69c7-445f-abc3-cdc0be8a6aaa,REVERSAL|LEDGER|964546d9-69c7-445f-abc3-cdc0be8a6aaa,Reversal of ledger entry 964546d9-69c7-445f-abc3-cdc0be8a6aaa,3b703dae-2955-40a1-affa-f94478da505f,2026-07-29 07:27:17.592666
45358d41-fcf9-4e20-b221-be3d43534a83,598a895e-5a20-48cc-95bd-a52fe5d4bb65,f719b6a2-cd64-4013-b805-16015c849fd7,AGREEMENT,f719b6a2-cd64-4013-b805-16015c849fd7,DEBIT,5000.00,TRY,2026-02,OFF_INVOICE,NKA,b39ade6a-ea33-413f-95a0-281c859f32fd,89e434fb-9594-47d6-8377-ceb2f682ecf5,316f74d0-8dc8-462c-9eec-7c4ae2f33ad6,11c7eac7-061d-4b70-8078-b7a53f58420d,t,,LEDGER|AGREEMENT|f719b6a2-cd64-4013-b805-16015c849fd7|db5a29d2-904a-496b-80c6-4d8709e1c5a1,,3b703dae-2955-40a1-affa-f94478da505f,2026-07-29 07:27:17.835597
341c23aa-6c45-4b1a-9c62-474a1dcaa876,598a895e-5a20-48cc-95bd-a52fe5d4bb65,f719b6a2-cd64-4013-b805-16015c849fd7,AGREEMENT,f719b6a2-cd64-4013-b805-16015c849fd7,CREDIT,5000.00,TRY,2026-02,OFF_INVOICE,NKA,b39ade6a-ea33-413f-95a0-281c859f32fd,89e434fb-9594-47d6-8377-ceb2f682ecf5,316f74d0-8dc8-462c-9eec-7c4ae2f33ad6,11c7eac7-061d-4b70-8078-b7a53f58420d,f,45358d41-fcf9-4e20-b221-be3d43534a83,REVERSAL|LEDGER|45358d41-fcf9-4e20-b221-be3d43534a83,Reversal of ledger entry 45358d41-fcf9-4e20-b221-be3d43534a83,0e23990b-31a0-4ac2-be89-a46ebc8200d4,2026-07-29 07:27:17.858282
a726b3e6-e933-4d24-8076-c5498e6cc91d,598a895e-5a20-48cc-95bd-a52fe5d4bb65,f719b6a2-cd64-4013-b805-16015c849fd7,AGREEMENT,f719b6a2-cd64-4013-b805-16015c849fd7,DEBIT,5000.00,TRY,2026-02,OFF_INVOICE,NKA,b39ade6a-ea33-413f-95a0-281c859f32fd,89e434fb-9594-47d6-8377-ceb2f682ecf5,316f74d0-8dc8-462c-9eec-7c4ae2f33ad6,11c7eac7-061d-4b70-8078-b7a53f58420d,t,,LEDGER|AGREEMENT|f719b6a2-cd64-4013-b805-16015c849fd7|e8244a07-4535-49b0-a040-b514e0ae9f8c,,3b703dae-2955-40a1-affa-f94478da505f,2026-07-29 07:27:18.007131
53419a82-5c10-4496-84b4-1e4862e3437b,598a895e-5a20-48cc-95bd-a52fe5d4bb65,f719b6a2-cd64-4013-b805-16015c849fd7,AGREEMENT,f719b6a2-cd64-4013-b805-16015c849fd7,CREDIT,5000.00,TRY,2026-02,OFF_INVOICE,NKA,b39ade6a-ea33-413f-95a0-281c859f32fd,89e434fb-9594-47d6-8377-ceb2f682ecf5,316f74d0-8dc8-462c-9eec-7c4ae2f33ad6,11c7eac7-061d-4b70-8078-b7a53f58420d,f,a726b3e6-e933-4d24-8076-c5498e6cc91d,REVERSAL|LEDGER|a726b3e6-e933-4d24-8076-c5498e6cc91d,Reversal of ledger entry a726b3e6-e933-4d24-8076-c5498e6cc91d,3b703dae-2955-40a1-affa-f94478da505f,2026-07-29 07:27:18.016367
8d0eba87-0cca-4858-8666-e49eea2187dd,598a895e-5a20-48cc-95bd-a52fe5d4bb65,f719b6a2-cd64-4013-b805-16015c849fd7,AGREEMENT,f719b6a2-cd64-4013-b805-16015c849fd7,DEBIT,5000.00,TRY,2026-02,OFF_INVOICE,NKA,b39ade6a-ea33-413f-95a0-281c859f32fd,89e434fb-9594-47d6-8377-ceb2f682ecf5,316f74d0-8dc8-462c-9eec-7c4ae2f33ad6,11c7eac7-061d-4b70-8078-b7a53f58420d,t,,LEDGER|AGREEMENT|f719b6a2-cd64-4013-b805-16015c849fd7|f20be53b-1cff-4a79-b29a-022e69d4f6e4,,3b703dae-2955-40a1-affa-f94478da505f,2026-07-29 07:27:18.111166
005fa884-19ce-4fdd-804c-58cc95d9a99f,598a895e-5a20-48cc-95bd-a52fe5d4bb65,f719b6a2-cd64-4013-b805-16015c849fd7,AGREEMENT,f719b6a2-cd64-4013-b805-16015c849fd7,CREDIT,5000.00,TRY,2026-02,OFF_INVOICE,NKA,b39ade6a-ea33-413f-95a0-281c859f32fd,89e434fb-9594-47d6-8377-ceb2f682ecf5,316f74d0-8dc8-462c-9eec-7c4ae2f33ad6,11c7eac7-061d-4b70-8078-b7a53f58420d,f,8d0eba87-0cca-4858-8666-e49eea2187dd,REVERSAL|LEDGER|8d0eba87-0cca-4858-8666-e49eea2187dd,Reversal of ledger entry 8d0eba87-0cca-4858-8666-e49eea2187dd,3b703dae-2955-40a1-affa-f94478da505f,2026-07-29 07:27:18.131779
c1758179-c30c-4af1-b6cc-4d6675c97062,598a895e-5a20-48cc-95bd-a52fe5d4bb65,cd7aed1d-0d56-4fab-bf01-b5f35b243174,AGREEMENT,cd7aed1d-0d56-4fab-bf01-b5f35b243174,DEBIT,12000.00,TRY,2026-02,OFF_INVOICE,NKA,b39ade6a-ea33-413f-95a0-281c859f32fd,89e434fb-9594-47d6-8377-ceb2f682ecf5,316f74d0-8dc8-462c-9eec-7c4ae2f33ad6,11c7eac7-061d-4b70-8078-b7a53f58420d,f,,LEDGER|AGREEMENT|cd7aed1d-0d56-4fab-bf01-b5f35b243174|6f89562f-a722-4c22-b207-e80174558f95,,3b703dae-2955-40a1-affa-f94478da505f,2026-07-29 07:27:36.147984
030c0d0d-e919-4a7b-b095-c23cc0facffd,598a895e-5a20-48cc-95bd-a52fe5d4bb65,dbf195c1-41b6-4656-a1b2-4e3d04a53702,AGREEMENT,dbf195c1-41b6-4656-a1b2-4e3d04a53702,DEBIT,4000.00,TRY,2026-02,OFF_INVOICE,NKA,b39ade6a-ea33-413f-95a0-281c859f32fd,89e434fb-9594-47d6-8377-ceb2f682ecf5,316f74d0-8dc8-462c-9eec-7c4ae2f33ad6,11c7eac7-061d-4b70-8078-b7a53f58420d,t,,LEDGER|AGREEMENT|dbf195c1-41b6-4656-a1b2-4e3d04a53702|7b737877-df1b-4795-9efa-020dec525f25,,3b703dae-2955-40a1-affa-f94478da505f,2026-07-29 07:27:37.30746
b2c46e15-abdc-45e8-b0f6-fc5bc3436cc8,598a895e-5a20-48cc-95bd-a52fe5d4bb65,dbf195c1-41b6-4656-a1b2-4e3d04a53702,AGREEMENT,dbf195c1-41b6-4656-a1b2-4e3d04a53702,CREDIT,4000.00,TRY,2026-02,OFF_INVOICE,NKA,b39ade6a-ea33-413f-95a0-281c859f32fd,89e434fb-9594-47d6-8377-ceb2f682ecf5,316f74d0-8dc8-462c-9eec-7c4ae2f33ad6,11c7eac7-061d-4b70-8078-b7a53f58420d,f,030c0d0d-e919-4a7b-b095-c23cc0facffd,REVERSAL|LEDGER|030c0d0d-e919-4a7b-b095-c23cc0facffd,Reversal of ledger entry 030c0d0d-e919-4a7b-b095-c23cc0facffd,3b703dae-2955-40a1-affa-f94478da505f,2026-07-29 07:27:37.325379
25c82592-b352-4b6a-890f-adec6c79304a,598a895e-5a20-48cc-95bd-a52fe5d4bb65,77df1b7f-75df-4538-a5b9-5ff3bde243a9,AGREEMENT,77df1b7f-75df-4538-a5b9-5ff3bde243a9,DEBIT,5000.00,TRY,2026-02,OFF_INVOICE,NKA,b39ade6a-ea33-413f-95a0-281c859f32fd,73432f68-52b8-4f70-a474-c48e6680d95f,84a48a1a-ee65-426c-b037-f078bc5b978e,fed83f15-8542-4fc8-a573-0366d38f04d3,f,,LEDGER|AGREEMENT|77df1b7f-75df-4538-a5b9-5ff3bde243a9|bdac72e0-2353-4955-a32e-7f04eefd1e46,,3b703dae-2955-40a1-affa-f94478da505f,2026-07-29 07:28:59.3798
17e08a32-9884-47ad-b430-dfe4d33dba1d,598a895e-5a20-48cc-95bd-a52fe5d4bb65,e8e60263-ef04-4d59-a9d7-f71725d2206a,AGREEMENT,e8e60263-ef04-4d59-a9d7-f71725d2206a,DEBIT,3000.00,TRY,2026-02,OFF_INVOICE,NKA,b39ade6a-ea33-413f-95a0-281c859f32fd,73432f68-52b8-4f70-a474-c48e6680d95f,84a48a1a-ee65-426c-b037-f078bc5b978e,fed83f15-8542-4fc8-a573-0366d38f04d3,t,,LEDGER|AGREEMENT|e8e60263-ef04-4d59-a9d7-f71725d2206a|d8393e13-180c-49b7-ac1a-800d6cb715c9,,3b703dae-2955-40a1-affa-f94478da505f,2026-07-29 07:28:59.466394
5c29ae2a-750f-49ca-96fa-69eba1a2b159,598a895e-5a20-48cc-95bd-a52fe5d4bb65,e8e60263-ef04-4d59-a9d7-f71725d2206a,AGREEMENT,e8e60263-ef04-4d59-a9d7-f71725d2206a,CREDIT,3000.00,TRY,2026-02,OFF_INVOICE,NKA,b39ade6a-ea33-413f-95a0-281c859f32fd,73432f68-52b8-4f70-a474-c48e6680d95f,84a48a1a-ee65-426c-b037-f078bc5b978e,fed83f15-8542-4fc8-a573-0366d38f04d3,f,17e08a32-9884-47ad-b430-dfe4d33dba1d,REVERSAL|LEDGER|17e08a32-9884-47ad-b430-dfe4d33dba1d,Reversal of ledger entry 17e08a32-9884-47ad-b430-dfe4d33dba1d,3b703dae-2955-40a1-affa-f94478da505f,2026-07-29 07:28:59.473493
925a85ce-a90a-4576-ab16-09bba997c751,598a895e-5a20-48cc-95bd-a52fe5d4bb65,a9de0e02-d227-4378-9c0a-6a471bcd92e9,AGREEMENT,a9de0e02-d227-4378-9c0a-6a471bcd92e9,DEBIT,12000.00,TRY,2026-02,OFF_INVOICE,NKA,b39ade6a-ea33-413f-95a0-281c859f32fd,73432f68-52b8-4f70-a474-c48e6680d95f,84a48a1a-ee65-426c-b037-f078bc5b978e,fed83f15-8542-4fc8-a573-0366d38f04d3,f,,LEDGER|AGREEMENT|a9de0e02-d227-4378-9c0a-6a471bcd92e9|475be2f1-449a-4f2e-afcc-47147b688d01,,3b703dae-2955-40a1-affa-f94478da505f,2026-07-29 07:29:01.574542
c2b0b78a-43e3-4282-9441-79081a6c9ba9,598a895e-5a20-48cc-95bd-a52fe5d4bb65,ee655897-2152-4d24-9eea-af6cb29f0a59,AGREEMENT,ee655897-2152-4d24-9eea-af6cb29f0a59,DEBIT,4000.00,TRY,2026-02,OFF_INVOICE,NKA,b39ade6a-ea33-413f-95a0-281c859f32fd,73432f68-52b8-4f70-a474-c48e6680d95f,84a48a1a-ee65-426c-b037-f078bc5b978e,fed83f15-8542-4fc8-a573-0366d38f04d3,t,,LEDGER|AGREEMENT|ee655897-2152-4d24-9eea-af6cb29f0a59|b35de36e-3681-497c-ac54-7f22f5214a75,,3b703dae-2955-40a1-affa-f94478da505f,2026-07-29 07:29:02.046248
8267b0f7-e2f9-48ba-bc02-d3862e64e9ef,598a895e-5a20-48cc-95bd-a52fe5d4bb65,ee655897-2152-4d24-9eea-af6cb29f0a59,AGREEMENT,ee655897-2152-4d24-9eea-af6cb29f0a59,CREDIT,4000.00,TRY,2026-02,OFF_INVOICE,NKA,b39ade6a-ea33-413f-95a0-281c859f32fd,73432f68-52b8-4f70-a474-c48e6680d95f,84a48a1a-ee65-426c-b037-f078bc5b978e,fed83f15-8542-4fc8-a573-0366d38f04d3,f,c2b0b78a-43e3-4282-9441-79081a6c9ba9,REVERSAL|LEDGER|c2b0b78a-43e3-4282-9441-79081a6c9ba9,Reversal of ledger entry c2b0b78a-43e3-4282-9441-79081a6c9ba9,3b703dae-2955-40a1-affa-f94478da505f,2026-07-29 07:29:02.051446
2142e58b-fde6-48ba-b2e1-3ef4355d3ab7,598a895e-5a20-48cc-95bd-a52fe5d4bb65,74751a13-21cc-48bb-aa4d-c13b70b1af7c,AGREEMENT,74751a13-21cc-48bb-aa4d-c13b70b1af7c,DEBIT,5000.00,TRY,2026-02,OFF_INVOICE,NKA,b39ade6a-ea33-413f-95a0-281c859f32fd,73432f68-52b8-4f70-a474-c48e6680d95f,84a48a1a-ee65-426c-b037-f078bc5b978e,fed83f15-8542-4fc8-a573-0366d38f04d3,t,,LEDGER|AGREEMENT|74751a13-21cc-48bb-aa4d-c13b70b1af7c|5d215857-81a6-48dc-ac69-c2c9cfd82962,,3b703dae-2955-40a1-affa-f94478da505f,2026-07-29 07:29:06.89883
37b203e2-13f0-4faf-aff9-722f49d30d61,598a895e-5a20-48cc-95bd-a52fe5d4bb65,74751a13-21cc-48bb-aa4d-c13b70b1af7c,AGREEMENT,74751a13-21cc-48bb-aa4d-c13b70b1af7c,CREDIT,5000.00,TRY,2026-02,OFF_INVOICE,NKA,b39ade6a-ea33-413f-95a0-281c859f32fd,73432f68-52b8-4f70-a474-c48e6680d95f,84a48a1a-ee65-426c-b037-f078bc5b978e,fed83f15-8542-4fc8-a573-0366d38f04d3,f,2142e58b-fde6-48ba-b2e1-3ef4355d3ab7,REVERSAL|LEDGER|2142e58b-fde6-48ba-b2e1-3ef4355d3ab7,Reversal of ledger entry 2142e58b-fde6-48ba-b2e1-3ef4355d3ab7,3b703dae-2955-40a1-affa-f94478da505f,2026-07-29 07:29:06.927417
641a6304-f3f9-4c0d-bcb6-e23a1d8935b1,598a895e-5a20-48cc-95bd-a52fe5d4bb65,74751a13-21cc-48bb-aa4d-c13b70b1af7c,AGREEMENT,74751a13-21cc-48bb-aa4d-c13b70b1af7c,DEBIT,5000.00,TRY,2026-02,OFF_INVOICE,NKA,b39ade6a-ea33-413f-95a0-281c859f32fd,73432f68-52b8-4f70-a474-c48e6680d95f,84a48a1a-ee65-426c-b037-f078bc5b978e,fed83f15-8542-4fc8-a573-0366d38f04d3,t,,LEDGER|AGREEMENT|74751a13-21cc-48bb-aa4d-c13b70b1af7c|19e13909-d6a5-4672-9695-acdd4d677575,,3b703dae-2955-40a1-affa-f94478da505f,2026-07-29 07:29:07.438164
bf3c3a6c-a353-42d1-ac9c-848dfa568dc7,598a895e-5a20-48cc-95bd-a52fe5d4bb65,74751a13-21cc-48bb-aa4d-c13b70b1af7c,AGREEMENT,74751a13-21cc-48bb-aa4d-c13b70b1af7c,CREDIT,5000.00,TRY,2026-02,OFF_INVOICE,NKA,b39ade6a-ea33-413f-95a0-281c859f32fd,73432f68-52b8-4f70-a474-c48e6680d95f,84a48a1a-ee65-426c-b037-f078bc5b978e,fed83f15-8542-4fc8-a573-0366d38f04d3,f,641a6304-f3f9-4c0d-bcb6-e23a1d8935b1,REVERSAL|LEDGER|641a6304-f3f9-4c0d-bcb6-e23a1d8935b1,Reversal of ledger entry 641a6304-f3f9-4c0d-bcb6-e23a1d8935b1,0e23990b-31a0-4ac2-be89-a46ebc8200d4,2026-07-29 07:29:07.454088
32d6e913-7c3b-4338-b1bb-d0ae66182153,598a895e-5a20-48cc-95bd-a52fe5d4bb65,74751a13-21cc-48bb-aa4d-c13b70b1af7c,AGREEMENT,74751a13-21cc-48bb-aa4d-c13b70b1af7c,DEBIT,5000.00,TRY,2026-02,OFF_INVOICE,NKA,b39ade6a-ea33-413f-95a0-281c859f32fd,73432f68-52b8-4f70-a474-c48e6680d95f,84a48a1a-ee65-426c-b037-f078bc5b978e,fed83f15-8542-4fc8-a573-0366d38f04d3,t,,LEDGER|AGREEMENT|74751a13-21cc-48bb-aa4d-c13b70b1af7c|81f7f10a-2d88-46bb-8471-ddcf48715f41,,3b703dae-2955-40a1-affa-f94478da505f,2026-07-29 07:29:07.559191
e34bd819-be60-42ca-ab75-6a3213982333,598a895e-5a20-48cc-95bd-a52fe5d4bb65,74751a13-21cc-48bb-aa4d-c13b70b1af7c,AGREEMENT,74751a13-21cc-48bb-aa4d-c13b70b1af7c,CREDIT,5000.00,TRY,2026-02,OFF_INVOICE,NKA,b39ade6a-ea33-413f-95a0-281c859f32fd,73432f68-52b8-4f70-a474-c48e6680d95f,84a48a1a-ee65-426c-b037-f078bc5b978e,fed83f15-8542-4fc8-a573-0366d38f04d3,f,32d6e913-7c3b-4338-b1bb-d0ae66182153,REVERSAL|LEDGER|32d6e913-7c3b-4338-b1bb-d0ae66182153,Reversal of ledger entry 32d6e913-7c3b-4338-b1bb-d0ae66182153,3b703dae-2955-40a1-affa-f94478da505f,2026-07-29 07:29:07.569449
77b7f62d-2996-4cfb-8bf9-9761e2b17aa7,598a895e-5a20-48cc-95bd-a52fe5d4bb65,74751a13-21cc-48bb-aa4d-c13b70b1af7c,AGREEMENT,74751a13-21cc-48bb-aa4d-c13b70b1af7c,DEBIT,5000.00,TRY,2026-02,OFF_INVOICE,NKA,b39ade6a-ea33-413f-95a0-281c859f32fd,73432f68-52b8-4f70-a474-c48e6680d95f,84a48a1a-ee65-426c-b037-f078bc5b978e,fed83f15-8542-4fc8-a573-0366d38f04d3,t,,LEDGER|AGREEMENT|74751a13-21cc-48bb-aa4d-c13b70b1af7c|2551d23f-c8b6-40f6-b220-0e0c6a748643,,3b703dae-2955-40a1-affa-f94478da505f,2026-07-29 07:29:07.688286
5692c5f5-8f95-411f-bc8c-8bd07acbfcd8,598a895e-5a20-48cc-95bd-a52fe5d4bb65,74751a13-21cc-48bb-aa4d-c13b70b1af7c,AGREEMENT,74751a13-21cc-48bb-aa4d-c13b70b1af7c,CREDIT,5000.00,TRY,2026-02,OFF_INVOICE,NKA,b39ade6a-ea33-413f-95a0-281c859f32fd,73432f68-52b8-4f70-a474-c48e6680d95f,84a48a1a-ee65-426c-b037-f078bc5b978e,fed83f15-8542-4fc8-a573-0366d38f04d3,f,77b7f62d-2996-4cfb-8bf9-9761e2b17aa7,REVERSAL|LEDGER|77b7f62d-2996-4cfb-8bf9-9761e2b17aa7,Reversal of ledger entry 77b7f62d-2996-4cfb-8bf9-9761e2b17aa7,3b703dae-2955-40a1-affa-f94478da505f,2026-07-29 07:29:07.710668
15069e57-0bc0-49b9-baee-e2cf1a787bb0,598a895e-5a20-48cc-95bd-a52fe5d4bb65,896c318c-2401-4673-b4b7-1f8875b08297,AGREEMENT,896c318c-2401-4673-b4b7-1f8875b08297,DEBIT,5000.00,TRY,2026-02,OFF_INVOICE,NKA,b39ade6a-ea33-413f-95a0-281c859f32fd,e25ff4ec-5efd-46d5-ac9a-0474a54f7c93,d671f3d0-fbe3-40b1-8d7d-5807f68d0b16,aa508c29-12b9-4231-8002-c6589e649946,f,,LEDGER|AGREEMENT|896c318c-2401-4673-b4b7-1f8875b08297|63c42272-c16a-4400-9860-1d3b6aac217a,,3b703dae-2955-40a1-affa-f94478da505f,2026-07-29 07:56:52.577868
f37f99ac-1fe3-45f0-84c6-ec1280f4f41e,598a895e-5a20-48cc-95bd-a52fe5d4bb65,75107249-e716-4903-9c78-604dd6744d60,AGREEMENT,75107249-e716-4903-9c78-604dd6744d60,DEBIT,3000.00,TRY,2026-02,OFF_INVOICE,NKA,b39ade6a-ea33-413f-95a0-281c859f32fd,e25ff4ec-5efd-46d5-ac9a-0474a54f7c93,d671f3d0-fbe3-40b1-8d7d-5807f68d0b16,aa508c29-12b9-4231-8002-c6589e649946,t,,LEDGER|AGREEMENT|75107249-e716-4903-9c78-604dd6744d60|e4d4c8d8-ad51-4dad-be53-8d7bde165220,,3b703dae-2955-40a1-affa-f94478da505f,2026-07-29 07:56:52.703186
cb225df6-1877-4379-998e-c37ec353949b,598a895e-5a20-48cc-95bd-a52fe5d4bb65,75107249-e716-4903-9c78-604dd6744d60,AGREEMENT,75107249-e716-4903-9c78-604dd6744d60,CREDIT,3000.00,TRY,2026-02,OFF_INVOICE,NKA,b39ade6a-ea33-413f-95a0-281c859f32fd,e25ff4ec-5efd-46d5-ac9a-0474a54f7c93,d671f3d0-fbe3-40b1-8d7d-5807f68d0b16,aa508c29-12b9-4231-8002-c6589e649946,f,f37f99ac-1fe3-45f0-84c6-ec1280f4f41e,REVERSAL|LEDGER|f37f99ac-1fe3-45f0-84c6-ec1280f4f41e,Reversal of ledger entry f37f99ac-1fe3-45f0-84c6-ec1280f4f41e,3b703dae-2955-40a1-affa-f94478da505f,2026-07-29 07:56:52.712969
2548d173-0396-410f-b613-9a59d10ea535,598a895e-5a20-48cc-95bd-a52fe5d4bb65,475fa4ad-ac8c-4ac9-96a9-1d77d66ac95d,AGREEMENT,475fa4ad-ac8c-4ac9-96a9-1d77d66ac95d,DEBIT,5000.00,TRY,2026-02,OFF_INVOICE,NKA,b39ade6a-ea33-413f-95a0-281c859f32fd,e25ff4ec-5efd-46d5-ac9a-0474a54f7c93,d671f3d0-fbe3-40b1-8d7d-5807f68d0b16,aa508c29-12b9-4231-8002-c6589e649946,t,,LEDGER|AGREEMENT|475fa4ad-ac8c-4ac9-96a9-1d77d66ac95d|54095e97-9042-4528-a0e4-dc1f70191997,,3b703dae-2955-40a1-affa-f94478da505f,2026-07-29 07:56:54.060739
34308a7f-1d46-4694-ac93-241a429ec9e4,598a895e-5a20-48cc-95bd-a52fe5d4bb65,475fa4ad-ac8c-4ac9-96a9-1d77d66ac95d,AGREEMENT,475fa4ad-ac8c-4ac9-96a9-1d77d66ac95d,CREDIT,5000.00,TRY,2026-02,OFF_INVOICE,NKA,b39ade6a-ea33-413f-95a0-281c859f32fd,e25ff4ec-5efd-46d5-ac9a-0474a54f7c93,d671f3d0-fbe3-40b1-8d7d-5807f68d0b16,aa508c29-12b9-4231-8002-c6589e649946,f,2548d173-0396-410f-b613-9a59d10ea535,REVERSAL|LEDGER|2548d173-0396-410f-b613-9a59d10ea535,Reversal of ledger entry 2548d173-0396-410f-b613-9a59d10ea535,3b703dae-2955-40a1-affa-f94478da505f,2026-07-29 07:56:54.065935
d6bd9004-227c-452b-8a8d-2f3609228fd3,598a895e-5a20-48cc-95bd-a52fe5d4bb65,475fa4ad-ac8c-4ac9-96a9-1d77d66ac95d,AGREEMENT,475fa4ad-ac8c-4ac9-96a9-1d77d66ac95d,DEBIT,5000.00,TRY,2026-02,OFF_INVOICE,NKA,b39ade6a-ea33-413f-95a0-281c859f32fd,e25ff4ec-5efd-46d5-ac9a-0474a54f7c93,d671f3d0-fbe3-40b1-8d7d-5807f68d0b16,aa508c29-12b9-4231-8002-c6589e649946,t,,LEDGER|AGREEMENT|475fa4ad-ac8c-4ac9-96a9-1d77d66ac95d|8c7c3c8f-333e-488b-b35f-7dadefb8ad3f,,3b703dae-2955-40a1-affa-f94478da505f,2026-07-29 07:56:54.170386
711ad8ad-56a3-4bdd-bdc0-918dd0700ef2,598a895e-5a20-48cc-95bd-a52fe5d4bb65,475fa4ad-ac8c-4ac9-96a9-1d77d66ac95d,AGREEMENT,475fa4ad-ac8c-4ac9-96a9-1d77d66ac95d,CREDIT,5000.00,TRY,2026-02,OFF_INVOICE,NKA,b39ade6a-ea33-413f-95a0-281c859f32fd,e25ff4ec-5efd-46d5-ac9a-0474a54f7c93,d671f3d0-fbe3-40b1-8d7d-5807f68d0b16,aa508c29-12b9-4231-8002-c6589e649946,f,d6bd9004-227c-452b-8a8d-2f3609228fd3,REVERSAL|LEDGER|d6bd9004-227c-452b-8a8d-2f3609228fd3,Reversal of ledger entry d6bd9004-227c-452b-8a8d-2f3609228fd3,0e23990b-31a0-4ac2-be89-a46ebc8200d4,2026-07-29 07:56:54.175646
a6af12f3-dfff-41a9-858a-58cf89fcd70a,598a895e-5a20-48cc-95bd-a52fe5d4bb65,475fa4ad-ac8c-4ac9-96a9-1d77d66ac95d,AGREEMENT,475fa4ad-ac8c-4ac9-96a9-1d77d66ac95d,DEBIT,5000.00,TRY,2026-02,OFF_INVOICE,NKA,b39ade6a-ea33-413f-95a0-281c859f32fd,e25ff4ec-5efd-46d5-ac9a-0474a54f7c93,d671f3d0-fbe3-40b1-8d7d-5807f68d0b16,aa508c29-12b9-4231-8002-c6589e649946,t,,LEDGER|AGREEMENT|475fa4ad-ac8c-4ac9-96a9-1d77d66ac95d|b324bdac-56a7-4646-98dc-3acc2fc69add,,3b703dae-2955-40a1-affa-f94478da505f,2026-07-29 07:56:54.214995
2aae8356-9ae3-43c7-9b3f-cc40f5c92725,598a895e-5a20-48cc-95bd-a52fe5d4bb65,475fa4ad-ac8c-4ac9-96a9-1d77d66ac95d,AGREEMENT,475fa4ad-ac8c-4ac9-96a9-1d77d66ac95d,CREDIT,5000.00,TRY,2026-02,OFF_INVOICE,NKA,b39ade6a-ea33-413f-95a0-281c859f32fd,e25ff4ec-5efd-46d5-ac9a-0474a54f7c93,d671f3d0-fbe3-40b1-8d7d-5807f68d0b16,aa508c29-12b9-4231-8002-c6589e649946,f,a6af12f3-dfff-41a9-858a-58cf89fcd70a,REVERSAL|LEDGER|a6af12f3-dfff-41a9-858a-58cf89fcd70a,Reversal of ledger entry a6af12f3-dfff-41a9-858a-58cf89fcd70a,3b703dae-2955-40a1-affa-f94478da505f,2026-07-29 07:56:54.220725
333875b9-2d7c-4134-8704-0cee3cd27895,598a895e-5a20-48cc-95bd-a52fe5d4bb65,475fa4ad-ac8c-4ac9-96a9-1d77d66ac95d,AGREEMENT,475fa4ad-ac8c-4ac9-96a9-1d77d66ac95d,DEBIT,5000.00,TRY,2026-02,OFF_INVOICE,NKA,b39ade6a-ea33-413f-95a0-281c859f32fd,e25ff4ec-5efd-46d5-ac9a-0474a54f7c93,d671f3d0-fbe3-40b1-8d7d-5807f68d0b16,aa508c29-12b9-4231-8002-c6589e649946,t,,LEDGER|AGREEMENT|475fa4ad-ac8c-4ac9-96a9-1d77d66ac95d|235eefe5-86b2-4602-a864-668637bb3ddb,,3b703dae-2955-40a1-affa-f94478da505f,2026-07-29 07:56:54.249875
0f357e19-eaae-49b2-bd08-d138ac7fef57,598a895e-5a20-48cc-95bd-a52fe5d4bb65,475fa4ad-ac8c-4ac9-96a9-1d77d66ac95d,AGREEMENT,475fa4ad-ac8c-4ac9-96a9-1d77d66ac95d,CREDIT,5000.00,TRY,2026-02,OFF_INVOICE,NKA,b39ade6a-ea33-413f-95a0-281c859f32fd,e25ff4ec-5efd-46d5-ac9a-0474a54f7c93,d671f3d0-fbe3-40b1-8d7d-5807f68d0b16,aa508c29-12b9-4231-8002-c6589e649946,f,333875b9-2d7c-4134-8704-0cee3cd27895,REVERSAL|LEDGER|333875b9-2d7c-4134-8704-0cee3cd27895,Reversal of ledger entry 333875b9-2d7c-4134-8704-0cee3cd27895,3b703dae-2955-40a1-affa-f94478da505f,2026-07-29 07:56:54.254883
b5485caa-748f-4009-9f22-b0e85ccff5a4,598a895e-5a20-48cc-95bd-a52fe5d4bb65,988e683b-51b1-4390-a236-14b99a0cc284,AGREEMENT,988e683b-51b1-4390-a236-14b99a0cc284,DEBIT,12000.00,TRY,2026-02,OFF_INVOICE,NKA,b39ade6a-ea33-413f-95a0-281c859f32fd,e25ff4ec-5efd-46d5-ac9a-0474a54f7c93,d671f3d0-fbe3-40b1-8d7d-5807f68d0b16,aa508c29-12b9-4231-8002-c6589e649946,f,,LEDGER|AGREEMENT|988e683b-51b1-4390-a236-14b99a0cc284|e6e59255-5e1d-4cf5-aec5-a0bd89d88733,,3b703dae-2955-40a1-affa-f94478da505f,2026-07-29 07:56:54.908921
bd9f7609-e6b4-4523-af61-6b85dd260b2c,598a895e-5a20-48cc-95bd-a52fe5d4bb65,aefe668a-0eee-45e5-86d1-04f1a5ec2ba3,AGREEMENT,aefe668a-0eee-45e5-86d1-04f1a5ec2ba3,DEBIT,4000.00,TRY,2026-02,OFF_INVOICE,NKA,b39ade6a-ea33-413f-95a0-281c859f32fd,e25ff4ec-5efd-46d5-ac9a-0474a54f7c93,d671f3d0-fbe3-40b1-8d7d-5807f68d0b16,aa508c29-12b9-4231-8002-c6589e649946,t,,LEDGER|AGREEMENT|aefe668a-0eee-45e5-86d1-04f1a5ec2ba3|b52b349e-7107-4b8f-bb58-8a2a9c9d67b0,,3b703dae-2955-40a1-affa-f94478da505f,2026-07-29 07:56:55.270385
ed9c121b-27f9-416c-8a94-531a231f9939,598a895e-5a20-48cc-95bd-a52fe5d4bb65,aefe668a-0eee-45e5-86d1-04f1a5ec2ba3,AGREEMENT,aefe668a-0eee-45e5-86d1-04f1a5ec2ba3,CREDIT,4000.00,TRY,2026-02,OFF_INVOICE,NKA,b39ade6a-ea33-413f-95a0-281c859f32fd,e25ff4ec-5efd-46d5-ac9a-0474a54f7c93,d671f3d0-fbe3-40b1-8d7d-5807f68d0b16,aa508c29-12b9-4231-8002-c6589e649946,f,bd9f7609-e6b4-4523-af61-6b85dd260b2c,REVERSAL|LEDGER|bd9f7609-e6b4-4523-af61-6b85dd260b2c,Reversal of ledger entry bd9f7609-e6b4-4523-af61-6b85dd260b2c,3b703dae-2955-40a1-affa-f94478da505f,2026-07-29 07:56:55.276727
